id,han_simplified,han_hongkong
0000471a-2eaa-4926-944c-a730f3e09ecd,陷阱,陷阱
00026746-77e3-648d-cc5b-1f1c9f95ffb0,两国,兩國
0002f604-4f58-474e-af59-8809c8471dc7,高手,高手
0009b885-6930-ae6f-422e-04d23a3101ee,唔单止,唔單止
000a86c1-1970-4d5e-9a51-8cfc45aba6fc,转身,轉身
000e24d3-e47e-458a-9912-70bcc144eb51,罢工,罷工
000edf5b-36ec-75af-143a-8ae8cf391a98,云南省,雲南省
0010ae16-b016-4531-97f9-53ac063f1fba,西北,西北
0019cd7d-b82c-4382-a628-8c559d7b59e2,包装,包裝
0019e4ce-246d-426e-98e2-d3e231f3bcb6,面部,面部
001c8912-9946-4e9b-8438-6acaa8c9529c,猫,貓
001f012b-7967-4351-9205-717c65b04961,海报,海報
0021003c-32d8-b6e7-8614-c9edb276bc9e,法治,法治
00299188-b893-47de-17a5-e4c37fdd9e5b,撒,撒
00330201-c433-4d1c-9a54-412b3bbe0ce1,芯片,芯片
0034d24c-5d75-7b00-a17e-a9e48bfcbdb3,风头,風頭
0038757c-290a-d3ca-5f54-63d6ef2d4f94,刺客,刺客
003d397a-a68a-29f2-ec21-12e70a3c2a2f,犹太人,猶太人
003f70ca-e05e-ac24-ee98-77d8494b12d0,拉,拉
00405280-836f-9492-3b1e-10816aa566b8,广电,廣電
00413014-5f56-c23f-575e-29b4ce86027f,背影,背影
00462ac6-28ef-40b6-b1f9-5d25b844cfb7,力,力
004af0e8-c656-40b4-8000-e077d9d9f854,区分,區分
004dd9d2-e395-1229-6ef4-2ee749800b22,追寻,追尋
0050df18-ef8f-4d8f-967c-a8d2a5acca88,到达,到達
005db711-1e4f-49f7-baac-c2dbf28975c5,交通,交通
005e48da-e71c-4c76-89f8-a24c5b5b3421,莉,莉
005ed144-f15d-8895-2cea-71503977a631,朴,樸
00622c0d-5bd6-4874-9171-8f7ce5732f2f,出自,出自
006b40d4-8074-65aa-3c8f-f697e478aa84,炸掉,炸掉
006bd3fc-b0de-4321-4f5e-8a799e09be97,领主,領主
006da0ee-3f3e-46e4-be6c-4bf19488069c,秤,秤
006e6df0-66b8-45aa-aa60-d62fb3f0a843,尺度,尺度
006e7b42-878f-ff7d-01a1-d66c90d7d5e2,请便,請便
00727ef5-7140-42ac-8782-a1f4d7053df4,抄,抄
00759415-d3a8-43e4-9a44-d07f38004ce9,公里,公里
00799db4-900e-4a93-8f71-df01cd38b23e,兴建,興建
0084732b-7570-4347-9f5d-16c7919e5071,淹,淹
0089d45b-1618-92df-1da6-103ce4bb2ace,必备,必備
008c168a-c9c8-4abc-b393-21b58f15ff7a,皮带,皮帶
0092605d-d015-4031-99c6-5dda9ab69a5d,生效,生效
00953e98-e12a-46db-9d48-4ed986100681,大都,大都
009f4d3e-c2a2-448b-b11e-801e46b38445,闯,闖
009f8a58-c54c-482b-b018-e983166a35bb,歉意,歉意
00b68102-4645-4c79-98c2-6e5893522dc6,儿子,兒子
00ba3ee2-3160-8e65-b64f-6f00e4fbeb1a,藉,藉
00c6e1ac-a347-5a53-afa4-59b14f6f20d0,闪光,閃光
00c9ccfe-3646-2963-2a43-b531a739b831,所在地,所在地
00c9cf2d-f377-426e-bbe8-59b80b0eca31,情人,情人
00d2637a-d524-4fbb-81f2-172cccf3ec62,桃花,桃花
00db489d-df9d-4d89-a297-fec06e6145d4,业,業
00dbf01e-bfd3-4b05-bb92-740510111fa7,一如既往,一如既往
00dc0176-6982-4bd9-9882-c3b94f1dd17b,晚安,晚安
00dca545-5883-4769-8b39-5e3499c8df9e,泼,潑
00e07e4a-d79e-43a7-a7b5-61f716cc327c,招聘,招聘
00e3070f-438d-4e31-9513-9ce7faec1391,企图,企圖
00e39df1-8207-4854-a141-4a302b89a3d5,沉重,沉重
00e401ff-412d-a05b-6be3-42071514e137,苍白,蒼白
00e812f5-1132-4abf-bd40-265ab8e3b742,回答,回答
00f0824b-2c3c-4b44-985c-56d4c9326791,奉献,奉獻
00f38892-a98d-4016-aa89-cba9880b580a,敷,敷
00f65d94-706f-49d2-98b0-dee0d495cd5c,本着,本着
00faba0f-459a-d4fa-c217-10d55c37a530,角膜,角膜
00fd0039-4f05-4a15-b2d0-b78307030469,查获,查獲
01029480-6c65-4617-8bad-9acf02799b29,凝聚,凝聚
01160b74-2287-28e5-c33e-a761d379f972,条,條
0117cb70-8eff-1684-0f2a-ab5ca8bbb0b1,泳衣,泳衣
01180293-ae7a-203f-145e-414d70d0d438,禁,禁
0123946a-75f2-3731-c00e-f5d5a08bfbb7,不尽,不盡
0127e1be-c68f-4fa0-826a-9d9481d035c2,逝世,逝世
012931c2-1584-6d7b-8ae0-9866464e1214,搏,搏
012fb4ff-75e2-4c46-89d6-ef2736ba7c6e,准许,准許
012ff030-cca2-4053-9ff0-14417c0c7492,误导,誤導
01338565-8e0c-41cc-8bb4-b44e4758f36b,物业,物業
01361a32-4fbe-d281-038c-8458c5c7bdc9,舅,舅
0139510b-3a08-d575-55b0-f3e81ac09f14,棉衣,棉衣
01398874-607d-4f6a-8f39-328f52fa0e32,盘子,盤子
013f4849-d5cc-4c09-a4f5-d6e3d92c5321,冬天,冬天
0142d932-d1f5-ca71-24b8-5054a852d20f,重,重
01436315-ec39-9211-ae84-270a5701d14c,套房,套房
01437bb6-4045-b2df-e3f3-f5c14897625a,蒂,蒂
0143a7ff-e47a-c2bd-ed7a-1b20104b6b65,发现,發現
0143e985-35d7-4ead-95c6-b0f07e0d6e28,寻常,尋常
01481efe-c7ad-731c-5421-52d98e0e4861,糊弄,糊弄
014af75f-d6dc-40df-8799-da25eb0492bb,心安理得,心安理得
014c5058-9fa6-4532-aff1-705832688fbd,颤抖,顫抖
014e10e3-d60e-4ada-b4ce-5828ccb037e3,地板,地板
0154be03-9be6-55d0-6c89-72c858120fea,县级,縣級
0158fd18-df79-d9c8-bc4e-231c68fc24ac,混账,混賬
015a6e0e-66cb-47f6-9b31-4b6c61dc7915,专长,專長
015bf2cb-3fae-44f0-a132-0d8534f5f0b2,总的来说,總的來説
015e5a49-eab1-b507-59cc-a623b4fb320c,内裤,內褲
01616772-097b-7df8-e34c-6615223e54ec,冯,馮
0162cf17-ccdd-4680-8164-4583a26a163c,表述,表述
0163a6d5-3034-9152-0b25-bec9ea235b5d,禅,禪
01660487-e428-4abd-bda5-00efeb5fc97b,凡是,凡是
0172a33a-6d2d-4940-a8fd-f0ccc69e0871,难题,難題
017767dd-9c67-43c4-da21-b145bbc62dcb,说明,説明
017b00c9-2e9c-44f9-ad4f-c3794111a13c,而已,而已
0181d2fe-074b-2cb6-7161-d01b3841b474,基督,基督
01842719-35b3-4f15-906c-0b55235cb6a5,变,變
018a859d-6e38-4332-bf0d-b2ec24e85615,枢纽,樞紐
018f2723-5434-0820-8daf-ee2d79d3a181,刻,刻
0191d543-b76c-43ed-bfa5-6f14775ef2f0,同,同
019281a7-3b5c-5d81-abd1-7743c07c7d1f,忍唔住,忍唔住
01939165-d977-4256-9373-d5028f879c01,同情,同情
01970684-a035-4287-a0ee-16af322825a5,手势,手勢
019ed969-ede0-c2cf-bc2e-27aac589337d,弹药,彈藥
019eee2a-53f3-88de-6171-e9909b187977,冬,冬
01a7b335-02b5-2260-d390-1aa886a59aea,罗斯,羅斯
01aa4620-a59e-3cba-710c-fbf5258a9de6,蒙,蒙
01b065d3-e6bd-f89b-3d35-651d997dfec8,相,相
01b2f823-f03d-44e2-b262-b60b795d69ee,装饰,裝飾
01b38b2c-80bd-88b4-470f-340720fd6322,一般人,一般人
01b47a93-8401-d664-ba9d-b0448ecfc6d7,外表,外表
01ba5860-73c3-43dd-b7f4-eb04c10aeaba,垃圾,垃圾
01bc4e05-91e1-4b2e-8b43-bcb4b9995a46,立体,立體
01bea9db-6165-4d66-933c-7836b81414a0,在乎,在乎
01bedcb2-22d9-40ab-a62b-9a5899dba89f,地铁,地鐵
01c5ceec-6161-475c-869a-cd20be82d308,启发,啓發
01cf5f47-da35-6450-bae2-13eb365b292f,争斗,爭鬥
01d240e9-1e95-43c1-9cf6-7331a355c915,指定,指定
01d61b6a-1dac-4965-a610-dbb72392e076,自愿,自願
01d76cfe-fa7d-4f52-9b09-00c611d3776d,轨迹,軌跡
01d7ac0b-f4e7-7dbd-6e3b-3eed896c3b5c,某人,某人
01dfd48a-f910-4268-aec3-4aee33d17a44,外形,外形
01e55e74-268b-457e-8726-2d36ad7130a8,让,讓
01e560a9-2ff6-f7ac-1d72-4574dd07de0d,舰,艦
01e704b9-8a24-c398-0045-41d1793863a1,喷,噴
01e8cbda-4a68-ca94-60fc-9f1332189158,激,激
01f0d182-f2df-4fe4-92f3-5fcde7a84a5b,学校,學校
01f1a3c6-4fdf-4e77-96d6-cf4692c6512a,从没,從沒
01f22e29-805c-43f5-8a78-0acaaeae843c,界,界
01f29adb-f6dc-3990-7cda-62e137c8388f,鲸鱼,鯨魚
01f43c46-3f9a-411b-9d93-c9a29bec2219,敬爱,敬愛
01f9f343-3ec6-432b-9134-6a4009ce20e6,岔,岔
01fb7d83-93f5-18ec-41c3-2794a2fa8bed,大部份,大部份
01fdca46-57f4-838b-6f35-9b1a048662cb,强奸,強姦
01ff5ee9-cdbf-e8a6-f343-ac8d2f0b1b30,簿,簿
020c2d53-aace-46ad-abb1-58bada50513e,功效,功效
020dbedf-8d18-46d9-8ec6-11ad41e96658,促使,促使
02131221-35c7-423d-88ec-cefc168d642c,备忘录,備忘錄
022132e0-df4b-f5ef-439c-ba2261e26fca,仅,僅
0221ca86-63b4-492f-b021-a3719b559f30,谨慎,謹慎
022c9096-8a64-886a-abc6-5e20371d6dc0,沿,沿
022ff287-58a0-f44d-8ae1-5209e8a9bbe6,侮,侮
0231ae4d-ee00-07fc-de49-9f879271d22e,授,授
023274bd-42b4-4db4-bf05-bc31735fc70d,逢,逢
0233a27c-be86-da47-cc62-bf969c0c0a72,正点,正點
0233e5f7-4a29-48ac-a46a-dfec01329576,农场,農場
0234c021-850c-a687-adeb-e5277b74139a,玛,瑪
023b8bae-8e51-4b22-8fa5-7dcbb0f6b54c,扑,撲
023f79de-40fc-d5e2-4032-aeb2352d1f23,休,休
0242254c-3823-93d5-1686-909d1bfeedfe,周三,週三
024e6be8-ab84-449a-9c6e-9a2af2b7c6e9,棵,棵
024ea761-6053-4123-9056-adc1f7d23af1,没有,沒有
02511040-89ef-f8c2-d128-b0001cef721a,江湖,江湖
02552da4-f242-4cd8-bd10-71a00d56c141,关联,關聯
02588a9a-eb46-4e51-b691-a65c6d29333c,焦点,焦點
025ca1a5-0f7e-4c04-92af-275a776e386e,糟糕,糟糕
025cb362-47fb-4009-ba52-a2d538da3655,随心所欲,隨心所欲
026c49db-b058-4cb2-9dd3-1d8c1341f195,拓展,拓展
026c7903-50e3-daab-d631-1365c4a263c5,叛军,叛軍
026cad41-ae36-ded6-3b80-7608a1022c56,嘅话,嘅話
0279f8fc-6323-7eab-68b9-428ce96f1110,毒素,毒素
027be83d-17e6-f031-7f4a-6de06ddb725c,资,資
027f7563-6bc0-4903-83c7-7b23b8b944ae,多亏,多虧
027fba53-16d6-495a-a7b3-29b8e06618ab,筹备,籌備
0281d207-6227-4d65-9dea-cc7e57aaf57d,摆,擺
028c2853-92a9-a637-44e2-f0fd745b51b8,无心,無心
02943157-14f7-41f7-949c-6f41c8b68054,存在,存在
0294b2a7-fc09-7d2a-731f-4e1e0f6f7ebc,吵,吵
029833c9-1a20-39c5-562d-b6b33d573466,同样,同樣
029c5afd-ae28-440a-9d26-4bafa66d2232,尊重,尊重
02a6d881-229d-42b2-90b7-cd8621b25f56,自行,自行
02a9f432-80d3-47dd-8905-43bf8f703aa5,标,標
02aca5c4-c915-eeb2-e482-133a2e4b9c8b,生产,生產
02adfa80-b448-47a7-b3e6-d03268e0e7d4,会场,會場
02aea7a0-d1ff-4c64-9266-ef3016f46c8b,忌,忌
02b3bd76-4591-44bb-9753-bc8b74e9c06d,大使,大使
02b643a9-70d7-60fd-d9d6-67621b09e204,派对,派對
02c31995-14ab-9781-76e1-49fa2642b53c,十字架,十字架
02c6d380-ca96-4ae4-83c2-968305d890d5,红,紅
02ca0b20-4d4a-1dec-2945-7b5bed177793,叨,叨
02da064c-a613-4d63-83a4-989e6de4a2dd,厂家,廠家
02daeb2b-6c57-4932-b596-61e201375129,运转,運轉
02dc4794-caf7-45ec-8a82-5853c8f210a9,燃油,燃油
02dd71e8-f5c8-2dd1-0855-32e8b8036a23,揭开,揭開
02e6b5c2-3bbd-732d-8486-45abf4bb8c52,机组,機組
02eac75b-0173-42ca-a76e-f8a5fb51054d,善于,善於
02eaf297-4fcc-7e32-2356-6e4542566b9e,不变,不變
02ef3df9-d996-4a46-81dd-9d0661c2f3a4,拖欠,拖欠
02f19726-8a04-4d1c-8e8f-022bf312ef5e,机器,機器
02f30c55-a28f-8453-c385-78233479842b,有希望,有希望
02f4b499-7bb0-3eb7-5b58-98c3577aa8e6,小店,小店
02f7b10a-1dab-456c-87f3-fce4271bf596,有空儿,有空兒
02faa95d-db57-c416-8785-38f89e5108e4,荷兰,荷蘭
03045f1b-7e44-46bd-b419-c3403ddcfd91,掌管,掌管
0304a3b1-66a2-7412-3cb9-05fdc619f793,桔,桔
030f709d-c3a1-4057-907b-cbf659fcb581,手指,手指
03184a13-6771-4c35-a918-0f7ae08a9e4b,自,自
03197f5b-bf70-43c8-aa3f-711dfea5a3a5,巧合,巧合
0319e85f-fb16-4476-be7d-e83b24c6ac54,跨国,跨國
031e26b8-6c0e-730b-bd01-79d57e2352c3,干净,乾淨
03249546-3ecf-05a1-2132-b16205acab39,分居,分居
032db202-1095-d6eb-f610-0c4c8ffe1bb2,阳,陽
032e0bf6-4378-aed2-5db6-91a27e28aa9d,伺,伺
032e2087-92b5-55ad-3107-7aecbb547bf8,逃离,逃離
032ec97c-1d6e-1543-0834-ded19cfe9525,咪咪,咪咪
03369fee-3902-4c41-a479-8752aece64a1,主编,主編
033abf57-02f9-490d-b850-97ef42627f66,本身,本身
033f87d0-80fe-4cd6-9d0a-aee19d98e97d,科,科
034176a5-aff3-40b9-8b0b-2c029dde674c,杀害,殺害
0342879f-fcf8-4b07-a09f-4134f6fdc7cd,捐赠,捐贈
034a22dd-1fe6-4cac-a9ba-b1ccd0d21ffa,科学家,科學家
034aaa2a-2726-4b6c-904a-f57b4bf4bf7d,贵宾,貴賓
034c4892-79d3-4f30-b703-0885087dfecd,参赛,參賽
034cc024-d6dc-4df9-863c-708418286a27,知足常乐,知足常樂
0357846f-8003-4d5b-aa11-25d253d8fe41,井,井
03579bbf-b3d2-aba8-9d1b-a7a60e29c3c5,备,備
035b376c-63c9-3f1e-4fff-073827fab0ea,麻,麻
035c0d8d-eae5-4e6f-9b8f-955847ed1e92,面向,面向
035e3343-56a1-4eee-b6d9-c58dc9d9d192,下雨,下雨
03602095-fb83-499e-a90e-1e900d709b57,职业,職業
03621ae8-cc46-42a9-afbe-f2aef1e6c13c,萎缩,萎縮
0362e0fa-7fce-4afa-93dc-9f1a9cd13b30,疏散,疏散
0364de32-80be-4111-9aa3-b4d0530d0833,当面,當面
03681522-cb1c-4a50-a7b9-0ff1baab9d45,幻想,幻想
036a7e60-89d2-95c0-0933-a06bff71ce20,老母,老母
03710538-4b53-b33b-55bd-452bb45a9c4c,院校,院校
03736577-0c7e-418b-a9db-b9e45adc9a53,未,未
037440b5-a996-4d5c-9c60-775504daa082,更改,更改
037b3868-90e6-4b16-bf26-8c5aa69f0de3,照顾,照顧
037f7944-949c-11b0-b7ee-fc10c9e09274,泡,泡
03854181-019e-4654-b559-c5a6c3bc7c61,况且,況且
0387c9bf-fd02-4184-83d7-b60a0de65603,儿童,兒童
0388ed84-aa4e-4605-a136-66eb524b5c26,官员,官員
038abf49-99b6-49af-a00d-1b9beb9e5e38,限,限
038bc90f-fd8c-4643-ae0c-c5908a5695da,橙,橙
038c90eb-f9c6-4778-9696-e7b6507f9ae2,芝麻,芝麻
038d586c-ac48-04dc-9190-d9cf7d0b0437,大脚,大腳
038f7cab-5a66-4e83-9478-4bfa20fa0f94,天赋,天賦
03955bbe-4e50-bc3f-5426-37c10248616d,实事,實事
039ab235-edbb-4bc2-ba4b-152546936958,傍晚,傍晚
039bfabc-1ab6-40df-a9d3-8e3a7d1758d8,中心,中心
03b47676-cbb1-ce13-e39f-09ed9df835c3,超声,超聲
03b728ef-b197-402d-9ea3-a907cbafa032,整洁,整潔
03be22bc-c5cc-4278-aa24-2ca44c8d8615,后面,後面
03c0811a-13a6-d9f4-d28f-fb68d9c4cbe6,克,克
03ce2f3c-7bc7-439f-be7b-be7e1571172e,引人注目,引人注目
03d0cd40-b305-48d5-b4b3-9b93758d4d85,辞,辭
03d0da23-5989-182b-41a4-e7399ff8f341,出身,出身
03d4e0da-5abc-43a8-9fa2-9a3aa23d89b0,收看,收看
03d5ebc9-6d7b-89d5-b828-e62705e7d818,止痛药,止痛藥
03d6b773-c62e-902b-fa6c-e8a0ffcfacc2,难民,難民
03d722a1-e2a4-48ca-bac0-23ec917021d2,房子,房子
03d78824-7984-4c21-99c1-9659ffacf7f6,晚餐,晚餐
03d7ac29-2607-404d-a516-de4b1d5656aa,电子版,電子版
03e07c58-f3f9-4144-822d-57ab9111b6d5,慢慢来,慢慢來
03e44f09-bf36-4fe1-e0e4-d2e264ccb7f9,经济体制,經濟體制
03e5cba4-34d2-461f-a46e-1a0638a6daaa,设想,設想
03e7e7c9-f206-008e-c17d-5fc57a291237,牛排,牛排
03ebd736-1676-4c71-9447-d1091e802ccb,菊花,菊花
03eeb6c7-cc6c-4692-95ae-984e4b12c3ea,农民工,農民工
03eec17f-5719-470e-7a07-94364a2105e4,有空,有空
03efe8ad-8e33-c8a5-3598-11c539eee53d,喔,喔
03f529df-d295-4510-2b6e-110b1928fb33,放低,放低
03fa4145-f2d4-549a-f451-d9750e4cd76c,闯入,闖入
0401e781-e5ce-8678-1817-1c61b5c6ceef,大名,大名
04034680-fd8f-8078-df66-7b689631738d,同一,同一
04045f6e-ee46-539a-d8cb-afbbf1f0b830,杂货店,雜貨店
04056e40-442f-4cd5-46f6-3e51c5864f88,残骸,殘骸
040d8bf6-5fe7-4eb9-9f76-a5c494a9a054,遗嘱,遺囑
040f2e0c-8443-8431-5408-1f2fbb0eec51,粤文,粵文
0410cb17-1ef0-4d86-b453-9433910768ac,住户,住户
0410d635-28a9-49dd-a82b-aabb6f6b4bba,想念,想念
04116b84-78d7-4e90-bb4a-fbb0cf7f4bf6,恩怨,恩怨
04148e90-2623-2420-9440-b56fb277e60f,蟑螂,蟑螂
0421c7ab-5f08-8dd0-0ab0-1d5e2d7bfaf9,上半场,上半場
04236160-8f85-4a1d-95a6-47d617982769,职责,職責
0424a275-7e2c-4256-a777-3e0079e6c184,回来,回來
0424e502-3df7-d418-7188-6ff362c85f14,向,向
04253c45-7fba-491f-b399-4010749a817a,时间表,時間表
042aa43d-1cba-7225-6b66-1e6390560efe,闹鬼,鬧鬼
042b6a51-07c7-4fb6-9d15-f96de30416b4,另外,另外
042c848c-f5b2-4276-ab67-a4f7fde34962,古怪,古怪
042f5e67-5e29-8d19-10d4-7c766c1db2cd,溜走,溜走
0438836c-ace0-0f4d-2e11-8ccb469f9a76,出,出
0438a65e-a153-c806-4760-d5e4e0a0772c,参数,參數
04398e07-c5a1-4a85-bc97-aa753f07922a,评判,評判
043cc846-c1cb-40df-9c17-3a7162a7dcb4,以上,以上
0441d626-aedd-8fbd-a27d-5f793dfd399d,快啲,快啲
04473a3e-291d-4378-8daf-bf41116f4cca,滑冰,滑冰
044949e2-c81a-4857-aa89-4a3720c62fcf,冒险,冒險
044fe758-da59-2549-9346-c8fe54e5f434,死都,死都
04547db9-b690-ee2d-82b9-ab1b2877260b,入围,入圍
0460e376-afee-4185-8a78-367903860cae,每,每
046944ef-ab89-442e-9c0c-6c57417f6bda,强,強
046979a6-421d-e8d1-461c-88e0686b3454,全速,全速
046adb94-2305-e2db-1dbd-5a6ed8bcbe37,掠,掠
046c0784-0f42-4a36-a4d4-b1a638d20331,过来,過來
04740f35-dc43-ab3d-b7dc-40eacf5d28ea,岂,豈
04765d36-0432-46c5-b362-81eaf3626a9c,一塌糊涂,一塌糊塗
0477ed0a-ceb5-8920-722e-75a465313f9d,诱饵,誘餌
04781bcb-022b-4e7b-b34d-02bf00cc9c22,则,則
047902d3-086f-7932-8974-403264db069c,泰勒,泰勒
047ace9a-88f9-49ea-b5a9-130085879309,虽说,雖説
047cab5b-6e39-4fd7-b7b1-6f3bac509d54,穿,穿
047dfc09-c65b-47ed-aad9-01c12e91358e,协同,協同
04846cb6-5c52-17e7-c994-0ad26b1c5674,薄荷,薄荷
04853e92-c710-4357-8350-a340442375a2,留下,留下
0486c389-b443-45b4-979d-9ca24c23235e,忍饥挨饿,忍飢挨餓
048c1519-2bb2-980c-79fe-aa6015d10936,外围,外圍
048e167f-a269-bdce-5908-a2a2750c9682,名额,名額
049b1e73-61e4-624a-16be-4669bf146801,黑社会,黑社會
049f9bc6-42ec-c7c1-d3d4-8d173508aab1,狡,狡
04a151a7-d8f1-4bea-9f20-6162272d8b28,来得及,來得及
04a39fe6-2f13-46ef-8f9f-fb1d35bd650d,破裂,破裂
04b278fe-04fd-93cc-0359-5cc1f679f5a2,杰克,傑克
04b44833-c126-8ccc-7905-5e491966baf0,细个,細個
04b8a960-0bf1-4aec-a2ce-90ca2dbe187e,只要,只要
04bec6e9-7f5f-45e8-8522-523525461ecd,比不上,比不上
04c0a82a-336f-fb55-1908-c08ebc5439c8,拨号,撥號
04c4c402-0142-11c6-b5b3-22a5701971c6,陀,陀
04c4fc49-4650-4e11-98bc-b35a8a8eb600,守候,守候
04c7515e-6ddf-41dc-aee3-dde226885ed7,累计,累計
04cc0e9e-9075-92eb-cb4b-1b05e7fc1a98,视,視
04cdc0eb-67ab-4da9-905f-86cdffcd71a7,前,前
04cf3f28-c2c4-4f57-a0f1-eb3809bd2688,言论,言論
04cfbbbd-79ea-7f92-0e8c-445fa2376b39,男友,男友
04d09cbd-e86e-5e6e-68a7-04f984885942,豁免,豁免
04d255fb-f1ed-4f97-9c6b-3d4d31996995,滨海,濱海
04dcc1c0-1b36-4a0e-b953-67bcbfbb9e90,支柱,支柱
04de5ec9-68d4-87a4-7d11-83f65eb24aa2,齐,齊
04e04af5-a80b-ba57-b96b-45c02f9083ab,头儿,頭兒
04e1e5e7-c8eb-02e9-2132-b1804aa61c36,华夏,華夏
04e3ea53-8fc1-405f-9937-f8ad00e4a1fc,神圣,神聖
04e5765c-ae21-fe74-ea5f-86b0c9a7011b,肥仔,肥仔
04f07b5a-bb7c-46dd-b939-7b0b0482f0b6,展出,展出
04f27053-7447-4f4d-9668-09d53a986409,民警,民警
04f5d2a8-48cd-1476-dc84-df2337602767,打,打
04f77f10-7045-36e9-b2b1-a8a7ddee6b14,板,板
04fde441-950f-16e2-4d0c-3dd3fb8f417e,阿哥,阿哥
05035c4f-033a-6605-e273-cd5dc4e29408,会上,會上
050e6101-701d-d1af-e938-ca3c75a55f08,钓,釣
05109dad-ce32-4011-94b6-57d6705a5cad,奇特,奇特
0512ba87-a268-48b9-b94e-a10a4b79ff88,遇上,遇上
05130020-4f5c-881c-b84f-3241fefa0092,清白,清白
0516c851-dd60-4ec4-98f0-4a95dd5b08cc,阵营,陣營
051e4863-d9fa-40fe-a821-1753409d99ae,借助,借助
05226c66-40e8-44b8-9e07-6edfd7de77d0,怎么样,怎麼樣
0524b365-edd2-e9d8-c090-0fc7e77e4638,诡异,詭異
0525ea22-f446-4d4b-b731-bacbcd2b696d,角落,角落
05304a41-6567-4748-aca3-9c3d4d0b80b8,悬挂,懸掛
0532fff1-7309-48ac-8459-255abfa892d9,喜欢,喜歡
05363811-e2a0-a6f8-5c2d-f2c44686a6eb,霍华德,霍華德
0536724c-2862-4604-b91a-582d20346293,打烊,打烊
0538d79e-d123-403a-b3c6-771e7b72d9d0,盲人,盲人
053b8ee8-33d8-633f-955e-9624bfb07989,质,質
053daa89-a4ed-11ad-73e5-dc741b6d8fac,旨意,旨意
0541e690-4d39-31ca-d351-a59507e4e755,乙,乙
054747d9-ac7f-2544-68a6-37525574eb4a,生日快乐,生日快樂
054e543c-5582-442e-baa0-ac822a33c074,本事,本事
055980cd-3de2-413b-9e2f-133989b30abd,税务,税務
055bf50a-71ec-43fd-8359-d9740a6af809,批准,批准
055dbd22-1fa8-b746-3d4e-a5998c486877,耳仔,耳仔
055ff0dd-c61d-4fa3-8d52-3e22dba44c9a,混凝土,混凝土
0561779e-2abc-4d5f-9bfa-cbd7af9745e9,好家伙,好傢伙
05691b54-5cdb-0c3f-b64a-0b5e51edecab,悄然,悄然
0569365c-f945-4cd9-b2ce-1a89743a2853,叉子,叉子
056ae7b9-7d0a-4e2d-6f7c-c91b8a8d3817,央视,央視
056c341c-b14d-4fe7-892f-c5b80b6712b2,虎,虎
056d9055-2b77-4e56-9fd2-c6ecbb8f6594,居民,居民
056dff3f-2ce4-4d4a-ac37-23892f8979fe,忍,忍
057330e9-1105-442e-a0af-19c27fd2fdf9,心理,心理
05733d27-a60c-42f6-0609-dc2a9784a654,郊,郊
0574316a-758f-5f0d-87ef-78d433bb2afb,敛,斂
057ac115-b60b-1e50-0966-1cf0205ab5d3,纷,紛
057e8ed9-0849-97bc-be4f-7cd4ef4d0584,债权,債權
058a13e5-f5fe-edea-1bc0-a63e27ea2a65,一时之间,一時之間
058bacc3-adb7-9ce2-e6a4-63d4a63b044c,告密,告密
05a04bea-a373-891e-63a6-7dc57570adfd,副总裁,副總裁
05a14c27-fb4e-b21c-139b-d0b1bf412524,甲状腺,甲狀腺
05a32957-4cff-7165-122f-217c9a893f0f,人话,人話
05a58b03-a9f4-910b-aeac-23595af095a4,蝇,蠅
05a77a1e-a4da-416d-bc74-c68cd1089fa7,抵抗,抵抗
05ad3030-9566-4c58-bb13-5f6616a3fc2c,交纳,交納
05b9f2fa-0e8c-1d7e-0c76-e2b64807c10e,打住,打住
05bc527a-c469-69d8-68c7-e5ffb964afaf,当,當
05be3e22-e274-ba3d-2ff3-25ebb6ca98b9,下人,下人
05c2fde0-cd5a-405d-95e0-e001d47a1e05,发誓,發誓
05d30c91-28d6-4d6a-8942-b63664047618,电器,電器
05d3f1cd-56d6-10fc-3f18-7bb563300d67,小白,小白
05db01f7-3887-4a3c-bf6d-0f5bd20d3a2a,保守,保守
05dea57e-0238-5f15-8dac-f5daa4e841b7,祸,禍
05e1a03f-36bc-bef1-2584-3d85c61dcc14,群体,羣體
05e8addf-e4cf-4db4-bcdd-d8e66392462f,身边,身邊
05e90a7e-9e33-f737-a203-bdc3029e3b8a,有能力,有能力
05ed6099-a9b6-4286-6f13-9c496c327f16,一啲,一啲
05edbbbc-9407-f249-575c-d1116f6afcf9,寒,寒
05eea584-f77d-84a4-0db6-234c87228477,睇戏,睇戲
05f0868a-7db1-41be-a8f9-66385a7dfa68,总量,總量
05f0d2a4-b086-a164-a876-43759cb316b5,磁,磁
05f6e337-c1d6-1c8f-7c89-f649a35d9f29,韩,韓
0607c314-512e-734f-79f0-4c6612497f62,欧元,歐元
060d9093-4d11-4bc1-86f7-40dc12ce170e,筑,築
0613b7bc-43b1-4b80-8356-263dac6e9ad9,蛋白质,蛋白質
06181c33-5017-4f6b-87a7-1635081d0f62,猎人,獵人
06200b7d-2d77-d3e0-df38-fcb8ade9171d,览,覽
0620bf12-7c7f-4cb2-a99d-2e5521a7092d,科普,科普
06256016-403b-4390-8f1f-a67ae131551d,养活,養活
0625ce59-7bbd-48e6-ae1a-f5041d1e6784,净,淨
0628c310-d126-4a08-9c44-328672ee099a,打篮球,打籃球
062a3322-0f3f-57c4-6b6d-3b5533e28f72,饭盒,飯盒
06346c19-57e3-8a98-a217-77c865263065,盘问,盤問
063a08f1-9d12-acc0-3a69-66f61e1cd629,黄油,黃油
06416766-28c3-ffcc-4bd9-187dc5b3d26d,迹,跡
0649cf8d-127a-4f61-ab6f-2ba4f9e2993f,警告,警告
064c7d0d-e469-4f53-bd96-4a4f0da1b645,鄙视,鄙視
064f0ee0-bc22-72f5-fbea-91d49b9ad648,下列,下列
06516ccf-4669-43e6-9120-db3e5a38b8e9,减弱,減弱
0654dfcf-c4c7-4a95-8bed-36a118f65260,简洁,簡潔
06558a8f-043e-6108-6ca8-17750e8ead5c,凯撒,凱撒
0657dbab-1212-b02d-f7f2-2e1b8e2c5786,辑,輯
06580ab5-3ddf-4bf6-93f1-d7e53600a7e2,白酒,白酒
065c773a-f481-4dc1-9527-d0a28a613a4d,仁慈,仁慈
066c645c-0ec9-4c4a-9517-0afc075e56cf,数码,數碼
066c9010-9a22-4d67-90f0-f63d2b58fdf0,不得不,不得不
066d2b57-47e2-4995-b355-de3bcb22e7c8,雇员,僱員
066dfb18-9f77-457f-a869-0539cba6fe07,耳机,耳機
066e506c-9d2b-5726-809a-f5a13fa6f3c2,冇办法,冇辦法
066e9c9e-426d-43de-a3b9-41fd94f93c10,技能,技能
066fd440-2020-441b-b639-ff09d664fdc8,家庭,家庭
06757892-9568-43ea-affb-4623a165847e,午饭,午飯
067d8e85-de66-4d14-88ce-07ffe76282a1,基金,基金
0683c737-0fe5-abcf-a376-bbb1435e1986,郑,鄭
0683ebb8-f9b0-9369-cf27-72f79afefcdc,明珠,明珠
068eeaf4-9b4b-403f-aec7-6b8613c8e2ac,住房,住房
06940940-470f-4b1b-ba71-0bda44d7c7e5,司法,司法
0697b148-e1df-483b-93a7-414ea151baed,弦,弦
0698a9b8-86bd-ffae-e0b6-33fbb54e7554,几咁,幾咁
0698d32b-c982-6e76-dea6-a4667a8c0abd,拉斯维加斯,拉斯維加斯
06adb756-e13d-23ef-a6c4-498a12cafa13,一对,一對
06bba307-1ff6-4ea5-a5aa-9ef1b6ee05aa,收缩,收縮
06c8d4da-a943-4128-8256-01667b90e679,记录,記錄
06c9b8d7-8fac-4f30-bb30-0b496dd61d9e,释放,釋放
06cff644-5c49-471b-a5bc-b88c0e58e4a5,墨水,墨水
06d6ca17-1077-eb61-1f55-70fe91f90195,异地,異地
06dc0d90-1b0c-4caf-a6ba-e66a11be0f47,保管,保管
06dd71d8-874b-874e-8fa2-f5a990b513e7,吓,嚇
06e488e7-47ce-d2e0-451f-fa33882ec41c,榜,榜
06eeab22-a2c8-c59d-492e-1214f60d2a87,典,典
06f065d5-d49f-44cc-8c50-3b9251363aac,就诊,就診
06f20111-eca7-4820-a33d-12f5260b4ebc,信号,信號
06f20d67-0a90-fc4d-cbe1-7e4959f7a437,雕,雕
06f58ab2-3732-4374-3d38-494f8e38c2d7,一方,一方
06fefab0-7a6d-32c8-692c-224592a2b46c,散,散
06ffa08a-614f-4b7b-9a2b-5766fc11074d,知名,知名
0703ea87-0cbc-2fdb-4e5c-d6a028fd7051,服,服
070497af-027a-4f11-0a5f-0060dbcd9158,捎,捎
070628e8-fdd3-4cd0-bbde-c37e3369c7e0,状态,狀態
0706e2b0-d0c8-84cd-8f9e-b9cb93c01f68,葵,葵
070dc265-6ef7-8cf7-a95d-29834e4090bf,表示,表示
07101629-0082-430e-9916-dad5a4aae091,用,用
0718495a-b4f7-4b6b-b4da-a73bea7485cf,也许,也許
071db3d0-4b16-4cd0-a9ff-cafb0617610f,敌人,敵人
071dfb70-05c6-68b5-cfc0-6c287bbb843f,平板,平板
0725dfc2-2c14-9711-96ef-2c9e82cfd7d2,焉,焉
0727e481-3a4f-ff48-7dd3-c83d09ba597c,认输,認輸
07284a56-851c-4d66-a205-e7bd426fee60,书面,書面
072cc954-468f-4627-9112-cf2b4c735b89,手,手
072e2e1f-2672-4ea0-aba6-dc2402760a0f,格外,格外
0735204e-6447-420c-baab-46e512845396,撞,撞
073a7977-858f-feff-94bf-976ff50c7079,零,零
073d2db2-1d15-0cc2-7d93-b0af24ddb00a,网络,網絡
073de16a-ba4e-9e1b-4367-631be84b88ec,贝拉,貝拉
0743cc7a-f723-7e3e-d80e-fbc3e285f93d,梁,梁
07445a22-eb17-5947-513b-23576881c45c,威士忌,威士忌
07470242-2f6a-4ec2-8f18-11b425cc4d2a,定为,定為
074a1451-5122-4c59-ba6f-adb14620c240,册,冊
074e03b4-fd9d-76fe-ae92-8d852c10233f,平方公里,平方公里
074f98fe-23ab-44d9-b4c6-690dc4de5651,老百姓,老百姓
0750b139-a84c-4692-be82-bfc475384b69,祖母,祖母
07559c45-edad-4dc0-95e5-07b5f199f2e8,宁静,寧靜
0757b967-fae9-4364-a0dd-df3b02e1287b,一生,一生
0759d44f-02ef-625f-ffde-fcbc45c6af74,楼顶,樓頂
07688e2d-65fc-3339-b917-003393a8c833,最少,最少
076f3ff1-457c-4a42-8a4d-3182db5f4bcf,力求,力求
077170db-7889-f879-687b-2c082de3c7da,期货,期貨
07740318-547e-440e-a707-ad3b391bf118,台,台
07763b06-4944-40b4-a7ff-ef11b41c3742,全身,全身
077b18d0-0e75-4bf7-a680-0953169958dc,物质,物質
077ba566-862c-c513-b2d8-12e799a72e4d,入狱,入獄
077ecc5a-f4fb-488a-b9fd-ec77061f789b,景观,景觀
0781c74d-b2a6-42ab-cebb-fbcad3fd88b8,衫,衫
07838d74-8ebf-4199-99a8-72e72edd11a3,体贴,體貼
078e25eb-443e-bbf6-e8b9-910f6b4904f8,中华人民共和国,中華人民共和國
07913c5d-2e26-a359-f180-20f2b3094e6b,老者,老者
079a2c69-8144-4046-877b-25896f18ff29,嘴唇,嘴唇
079c7bb0-9f23-744c-2f11-41046975b2d8,层面,層面
079edea1-0ebc-2b33-333a-f5f420e150e2,撂,撂
07a513df-408a-4b1a-8b59-bac0b3150a30,主演,主演
07a522e7-8194-09cf-9d01-4949c4ffe2e2,环卫,環衞
07a85d8c-8219-446a-bfc1-0b3215c422ba,欠,欠
07b242f3-7d1e-404b-b89a-5c1d152cefdb,坦白,坦白
07b32fe8-589a-b8e4-bee0-1e53b783a5df,门将,門將
07b81548-c1a0-3f21-02a7-141696b89f5f,迫,迫
07ba9dee-f334-2a72-c43f-60d645c0acb8,这,這
07bf1126-f9a2-e69b-f26d-f786ed9777b0,联络,聯絡
07c335b5-dd33-4368-b613-75e4cb611151,视力,視力
07c4c456-7256-49a5-bdb1-d5ce3ff80de3,别墅,別墅
07cb0d0c-01be-9f6d-983d-4e412c20c49b,军用,軍用
07cfb18b-d6b7-f8da-39c5-a018d30c38e8,鸡肉,雞肉
07da05ee-6f63-4fb8-8c70-c9d936548fa4,环球,環球
07dc008a-ca43-fc80-ae55-8085f082f700,即日,即日
07de5e5f-5da8-a76f-be7a-30eed7336740,挑逗,挑逗
07de5fed-5056-47a0-9ba1-7db60f379d1c,比重,比重
07defecc-06a8-6d96-077d-4487154264e4,自制,自制
07e70d10-6a52-42e4-a638-0d29c0064937,首脑,首腦
07edb84b-45ff-4ab6-97a7-c8a90d234316,收藏,收藏
07f5820c-fb86-ef6e-a31b-b6be52886e5b,回合,回合
07ffb799-21eb-759e-9f1c-660956d97e1a,存活,存活
080b5034-21a3-894d-118e-3f24cb8b96da,色调,色調
0811998e-734a-4d0d-bc72-9892fe41ca2f,测验,測驗
0812b18e-f536-8d95-a67f-83141fd81028,鹏,鵬
081ae8e8-c711-4ea8-afa9-9068e12d57d5,劳动,勞動
08200462-8927-43d8-a1c5-e71b79eee323,所,所
08234987-94ee-9ffc-ca1a-3a36321ce9ac,粤语,粵語
08273de5-3edf-8b56-516e-262f2bbf069c,头绪,頭緒
08284040-7d57-420b-b241-e93f3bc32a0b,案例,案例
0830c1b1-f7cd-44cc-b645-c95893958591,敬业,敬業
083457e8-7411-4af4-a849-cf0badbd60eb,封,封
083894ee-f3eb-b072-143a-765b65010879,奉,奉
0838bb75-733e-710a-ba03-f48c4de53092,用嚟,用嚟
0848e3dd-43f3-015e-5dfd-5f1614bb8b2e,无尽,無盡
084e715d-ae41-aaa4-f330-8370f3d4a7cc,休庭,休庭
084f550b-41a0-47ac-9d2b-3806dfe06a9f,切断,切斷
085861ae-45dd-bfeb-c81e-e4f6461db830,唔到,唔到
085c19d3-4b8c-56cc-f966-000ffd10100c,国营,國營
08607bbf-88f3-4114-aaba-f6dcd45edff9,后备,後備
0862a764-4a0b-4508-9694-e84ca9224b1a,良心,良心
08655f5f-7f58-48d7-991f-b265fd951d99,开通,開通
0867dc33-7b89-48c4-bc59-1ad708514e67,器械,器械
0868e0e9-0d00-24fe-7e45-88ba7f369d4a,展,展
0875a602-d892-49b6-b69c-9a54148bff28,祝福,祝福
0878c207-1793-7a6c-a87e-a36ca89548af,中,中
087be8fb-6832-4dcc-af98-31e3fc239cc9,符合,符合
087c8809-4e2c-466d-b934-8b9aa0c9dc14,精英,精英
087fd3ee-2718-ad17-949f-14a03fa0f892,嗰时,嗰時
088847e9-c776-4af0-9d0c-074306380797,大局,大局
088a2a68-85b4-496a-9572-d2eff20be42a,性命,性命
088d2a53-29ab-4a77-b00e-8a1ac00a0eca,货车,貨車
088d9dcc-a0f0-4009-bda7-78e93858a4e0,众人,眾人
088e6322-b2d8-4f1f-8fa5-eeec208a86b0,融合,融合
088f1175-2c80-8be9-4372-2770f5abfe89,无助,無助
0894f9d1-5d3e-1fef-c248-7b350bb82854,搞错,搞錯
089892af-a56f-4951-bc90-e7af15ce3236,西装,西裝
0899625e-e379-42a0-8a29-b33f39df23e5,兴起,興起
089bb03c-0f09-4f1f-84b3-afe39982ea2d,取缔,取締
089f2b8d-5e10-6dd4-741d-22f76c868115,仆街,仆街
08a27465-2104-517d-1fa4-a2d49acfdbdd,假释,假釋
08a54067-c692-cedb-d600-12030e28bf8c,树,樹
08a6f66c-2a43-dfab-bd7d-2a180632ae8f,巷子,巷子
08a93450-0a26-d6f7-20a4-b196dcabd1d1,似,似
08ad1424-4b03-00f7-8522-9b1cd4806dc2,吞噬,吞噬
08b41d44-da92-4d57-a8a0-c0c77fbf6132,大厦,大廈
08b4bf2f-fa2e-4a2c-86e2-c2d65251ca49,卖,賣
08b4f50a-11da-4f3f-9230-236b4465810a,局面,局面
08b5191e-9b8c-1202-0106-8b36d7ddf0f5,薄饼,薄餅
08b6006f-38c6-139f-9d11-b64a26fc6771,兰花,蘭花
08b89c50-d966-4a1c-aa68-d6181d98bd72,空虚,空虛
08d98da4-6b4e-f58e-829d-8d3a30464945,窒,窒
08de519a-6f38-1f71-f619-72a1e10d4cd7,得逞,得逞
08e4cb18-6a60-41de-b9b1-7ccca63978fe,出租,出租
08e69802-3261-407f-9a3a-b240a2981d6a,迷惑,迷惑
08e98a4a-a882-4a52-b2f7-827f850c7c45,狡猾,狡猾
08f9d0ee-d122-4b12-91a6-da506610ac38,拘留,拘留
08fbd60f-d3aa-4dc4-1f61-21eb8d262fc7,关乎,關乎
0904a6ac-a711-4dfe-a04a-41534ce8368c,讲究,講究
090d3ff3-6ebe-4f19-83d7-937014077839,不必,不必
090fdc0b-ece0-4b49-baf6-ecb2b133d8e4,周围,周圍
0911692b-95a4-4345-bc76-a9e630d1994d,荣幸,榮幸
0912afdb-e51d-4836-b2f7-49c9603c7da5,屋子,屋子
09154040-49bc-4aba-b1a0-430181ef0f42,想起,想起
0919dfcd-6abb-4259-950c-c44a25e7bcba,经营,經營
091ffdca-e5a4-ca6e-9e46-45d253b7b015,龙头,龍頭
092d80b2-bca9-ebf7-1420-7d759f7c33de,禄,祿
0930c5ae-8e46-febc-52eb-f620628474fe,媒,媒
09317796-c792-44dd-95b8-16ebb0d36bdb,元首,元首
0931f775-2a6a-0211-9005-5eacfa661715,唔好,唔好
0934a918-c1e5-4c1d-be1e-a879237a0b0a,血管,血管
09426acd-a427-e759-f7fa-067f92eeb602,忧伤,憂傷
0943000d-4bfb-76e2-938a-09c04d37854c,前卫,前衞
094cee59-12dd-44b2-84f1-76328f914653,救援,救援
094d51e8-56c2-0f28-edad-d7233e34f72f,击球,擊球
094ea9e0-f231-4899-8b91-0eb115e29c10,可笑,可笑
0951992d-75a2-4a43-afe6-e40bff03c8f1,抽象,抽象
095a9bcf-7deb-2a4d-edf2-86da66749404,不可理喻,不可理喻
095de3d8-1cf3-4a01-88ea-4a95a3ad9227,乞丐,乞丐
09622098-824a-411a-9964-7d996d38d6e0,升高,升高
0964533a-14ff-431f-9ec1-a17a113f5c12,地点,地點
0973bf64-f1bd-f443-3008-047be1cca43d,冰冷,冰冷
0974ba8c-711e-4c7e-8833-f3e591d817ff,筷子,筷子
097c2bcf-058b-48c4-92bd-d2987df6e33e,辅导,輔導
0981840b-93e3-828b-9d9c-4a57fdd60dd6,认同,認同
09834663-9066-4b79-9d91-89fda85b2159,发病,發病
0983e135-6802-44be-923a-2348e922326d,盈利,盈利
0985eb65-cd00-47f1-9ff0-85b21571c873,签,籤
09903348-1921-48dd-a0e9-ecc410ca83b0,何处,何處
0995f9ee-96f3-7a7a-e6f0-861bb7dc2ba6,断,斷
09996b7e-777c-fe2a-1170-c33e1f86d33a,复,複
099b72fa-907b-2de9-5336-0efcc5a0ed07,噗,噗
099f7dba-e626-3eab-6abd-9b5093d27a9b,洁,潔
09a1e406-4e70-4bee-90c2-5f34fc722275,参观,參觀
09a37e76-5acd-4069-b369-3687459aaf18,有时候,有時候
09a57d41-dacc-4cf4-8ef9-ff19df6376a0,周年,週年
09acf4c5-97b9-b555-1abd-2fdf4f0d714a,面孔,面孔
09c1c303-c918-7abd-166b-3209082f0084,得到,得到
09c86f22-aafb-4b46-a50b-a2174cb86d3c,不良,不良
09cbd8e3-29a4-420f-b8bf-f221e057c7ac,审美,審美
09ce113c-c0f8-fbf0-0ff3-4eb469675c26,靶,靶
09d522fa-3770-4d89-8bfb-8e316d7064a2,治疗,治療
09dde229-0934-bfbf-47af-9fe3351453bc,出价,出價
09eca699-50b3-4121-a489-f5a4f78a0c18,忘记,忘記
09f14451-a727-4a8b-9210-68ab6f9afb34,零钱,零錢
09f204ca-a4ae-03b4-5379-7dca457d159b,徊,徊
09f3cc81-92b7-4aa7-9db1-9180bd65ab40,纯净水,純淨水
09f7ef2e-ff53-4bda-9d5d-e6061bbbf11e,公寓,公寓
09f8a0f6-2e2d-49a0-9f89-575a9ab81451,请,請
09fece92-e56c-8c21-5eaf-8c5f7d130875,总产值,總產值
09ff61ec-3cf8-c8f2-590f-37fd2d3ad30e,工业化,工業化
0a08eb1a-4ef9-4108-ac63-8ce79346e748,过度,過度
0a0bd498-af0a-bdbe-c2f5-8d2fe72704e5,财宝,財寶
0a0d9800-cb33-8722-c220-6d7da859d24d,警报,警報
0a0ea566-a05c-426f-b3ef-1e8f75547665,飞行员,飛行員
0a12bea4-03dd-830d-3f14-e8aa4e0e33ca,顽,頑
0a140cff-0048-8ce7-e754-cb999bd5cf0f,落山,落山
0a18342a-6721-42e5-a811-c882108e22df,意图,意圖
0a188053-0557-4167-851f-765420979f1d,抑郁,抑鬱
0a1b291d-1f99-40ae-96f0-30cfd69df8c6,周末,週末
0a1d6bcf-cfe9-6d99-942e-d0ac10957a6d,好睇,好睇
0a1f1e9a-9678-465c-8592-559fd0bceebc,大选,大選
0a266a3a-fd87-8e1f-f6ba-ff6cda5005e2,沙,沙
0a28eb30-56b1-add8-f8bd-6206f1a6a83e,灼,灼
0a292a76-35ec-4072-88de-13df0f6cee82,车主,車主
0a2db939-a201-43de-ad68-320467c07304,事,事
0a2f7b96-04e6-417a-8602-53101937d312,混乱,混亂
0a376fe1-8881-c31c-a431-a0f591823f36,妈,媽
0a40dd62-0a52-42c9-be2e-69764fb5ce20,小学,小學
0a47fe96-4d4c-ddd4-057b-4af1c214d6e8,批量,批量
0a4aaed5-12ee-492c-bb33-5bd1bf9d2193,严峻,嚴峻
0a4ed19c-d3bb-481b-a158-6d021db14c33,自如,自如
0a5039ba-6839-46cb-b67e-93ddcf6d2ecc,水源,水源
0a5072b3-1a15-4268-a61e-d297ded878d9,退出,退出
0a5320ce-5642-8bf2-cbc6-490bf3dcd0e4,告发,告發
0a53e344-3732-4b19-8cf9-0e347ddb122e,选择,選擇
0a57a889-4909-8d65-0a2d-a150fe4508f2,嗅,嗅
0a5f2193-2efe-4783-841c-9cb4241fb114,国,國
0a697d44-aede-461f-9686-dc9913c06393,提起,提起
0a6cfb9a-08fe-4ac8-8351-450fec3e1af1,一概而论,一概而論
0a78fb75-c1bb-4570-859a-af35580ce065,预定,預定
0a790f5e-6306-4856-8233-7111de0c372c,紊乱,紊亂
0a7c334e-7e58-4f3f-abb6-d947bdf8bd40,倾诉,傾訴
0a81666d-97e0-43aa-906d-d8823b5450fa,罗,羅
0a86e614-1af1-9449-e858-de933f4839fa,玻,玻
0a887cd6-b1dd-2770-c6e2-6e4902037232,讶,訝
0a8da43c-ae20-472f-bc07-3742c409326c,白白,白白
0a8f26c5-f608-4583-862f-47ee88e32059,任职,任職
0a91794d-1ddd-4b83-b94a-fbcfcf4aaa4f,才能,才能
0a967958-9ef2-16cb-2923-79d5c420723a,国语,國語
0aa043e8-71ae-53a9-2fb3-e614143379bc,月薪,月薪
0aa9f029-db36-93f8-f4b0-5f0e19148640,尽力而为,盡力而為
0aaeb946-4ed0-4e7d-7a61-4a3a9f6776ab,敬畏,敬畏
0ab9b147-fea6-f9e7-d47f-f980bfd9442e,澳,澳
0abdaaff-1a52-5c0c-2424-e4ccb43df467,回,回
0abde4e5-d2be-48fe-ac39-2a9f241b83d1,维护,維護
0ac36ead-18b9-1397-d3dc-73f6680a1e97,预后,預後
0ac8c0c5-6fc5-5676-a77e-46e136ca3bf3,勾,勾
0ad1b804-0111-2ed1-8958-f3ef1f691822,左边,左邊
0ad6e6cd-3660-49ac-aef7-93962a3a7ab3,姑姑,姑姑
0aea4f28-ea78-4e20-af36-ba9ce37a8c67,亏损,虧損
0aea9681-daab-6bf0-6e62-69cc3b761942,然,然
0aecb705-9753-4ff8-87c6-3508d7dfe6d6,注定,註定
0aece914-2629-f63a-244d-8227b58e396d,恶,惡
0aedffcb-ee07-38ee-309b-2400181c8c0e,头痛,頭痛
0aef0638-098a-4990-aac3-316b27de7bb3,揣,揣
0af4b8df-bc6a-4957-a038-fa6b035da9b5,城区,城區
0af87956-c383-a441-6b26-bc4e15802f03,美联社,美聯社
0afaa277-1a06-816b-1f86-c98a234f5701,孩子们,孩子們
0afb2f60-c174-49b7-a51a-1d8df710f321,晚期,晚期
0afd3511-2f53-8dd0-0525-3692f1bf4461,侦,偵
0affece3-4475-4028-bc37-b0b79e36905f,至此,至此
0b01f50d-bf53-4ace-9871-046e791711b6,报警,報警
0b075f5b-8b1f-3eab-e88c-a1dcae59a590,囚,囚
0b0dc31e-4135-4801-8a42-26387a004302,了不起,了不起
0b1434ac-a86d-f00a-e640-d40eefb88ca5,点球,點球
0b14506e-ec79-911a-970a-e4c9a16764e9,唔过,唔過
0b14c115-e53a-4880-7028-da909873360a,四川,四川
0b16d63f-ce2c-4a10-badd-d72549934047,没意思,沒意思
0b1da620-b35a-69da-96b2-0ca520dda5eb,中世纪,中世紀
0b1fc4e8-86fe-40d1-b172-9325855eb2ec,玉米,玉米
0b2275f2-e2f5-e3eb-c5bf-830257ae1df8,报案,報案
0b274fc5-41a1-4dc1-bbd1-5402c8287c70,化身,化身
0b2a811d-b43a-400b-bcfc-3645b445141c,祖父,祖父
0b2fcdc2-8d88-e3e7-d1c8-1242da966f52,汇价,匯價
0b319a14-1219-bf43-c18e-5bd67c0045f2,里,裏
0b34626b-047f-7db7-6c15-8c2d9ccb2b7d,村子,村子
0b393a7e-e1bd-4f84-b0ba-3901868d48fd,届,屆
0b3e4ad6-3046-0f20-d080-0e65992684df,组合,組合
0b4b7b0a-55a9-8ed2-ca37-10b83141429d,蔓,蔓
0b4e568e-1204-489c-a9bc-cae5784666e0,事宜,事宜
0b54cf4f-9dae-4336-811c-d5c6237ed868,预见,預見
0b5b1e97-7efd-48a1-bfbb-85e004f5455f,下落,下落
0b5ce902-eec0-e9a6-8553-d0d21215d5e8,呢个,呢個
0b5f748b-1c2e-4a06-b5f1-d0dfb8b98739,理念,理念
0b614d2d-fd27-465c-9e14-7a73370d8fbe,剪,剪
0b6202a1-47c3-a881-5731-44060d35727b,醉鬼,醉鬼
0b642756-9e83-4677-a5b5-18178a698ddb,带队,帶隊
0b67eafb-95cb-9196-c089-ad50c9ed2865,吖嘛,吖嘛
0b72d1ea-e15a-4e10-a282-ad5285c28e7b,不安,不安
0b75a23b-5b69-42f9-b48f-89474ef139f5,搏斗,搏鬥
0b76f97b-e4cb-46b3-87c2-b0cc610723c2,王牌,王牌
0b8087ef-62a9-4a83-843e-714e173ade7a,壮观,壯觀
0b816cde-87ee-4a9d-994e-49d44bc06221,扫兴,掃興
0b8b04e2-9cc5-428b-ace3-68509ecb8d02,竟敢,竟敢
0b8d82d3-0d30-4587-92a7-88465053a7d9,孤单,孤單
0b908321-04f6-42ad-a7d3-b78363d1bc03,座谈会,座談會
0b93d212-4985-44b9-8e0d-5759b5968492,专人,專人
0b9cfa27-96ef-4e25-b2fd-934f6cdacfc3,布置,佈置
0ba70623-2dff-4177-a6e4-4590e9a72bff,掩饰,掩飾
0bb20b99-7921-44e1-a32b-c363bb6c5308,仪器,儀器
0bb61977-8938-462f-808a-1c385d6ea452,关怀,關懷
0bb62d4c-ac18-421f-9535-30cca0358e2b,种植,種植
0bb91e9d-caca-3440-3d69-a1ab18f0d364,誓,誓
0bbe74e2-cf2c-1e2c-6342-19adc2baf103,挨饿,捱餓
0bc99c83-6711-4bc2-b499-97d3e6fe6ddd,冒充,冒充
0bd03360-9204-628d-c160-306e5a1f12a3,珠,珠
0bd70956-92c8-48ec-b8f4-cfc4c89c29cf,试验,試驗
0bdd43d0-7bf1-4742-bf61-885c022ba6e1,依据,依據
0bdd83f3-254f-e360-202e-44ae74da1c7f,咖啡店,咖啡店
0be29040-3ac9-4d0e-850c-5a2693f319db,沉浸,沉浸
0be2b7de-37d4-4202-a23d-31def2938086,感动,感動
0bed5e92-eb1b-4fab-807e-faf93bcc35c6,信封,信封
0bf0402f-6235-7b16-66d7-3addd12c67e1,丧命,喪命
0bf5982a-4cec-4162-b332-7ba9287606b0,非凡,非凡
0bf8a6f8-9353-009f-72bc-febee06d0d43,声线,聲線
0bfb68a8-3149-3ded-88e5-7bc6e59ff359,煞,煞
0bfcfb6d-2c65-445a-a97b-85bce2ad79f8,搜集,蒐集
0bfd91bb-7322-da36-50f2-9350ded791b6,第三方,第三方
0c02211e-8da9-4c1b-b3e3-4f5735db30da,变革,變革
0c05d724-02df-0502-5432-1caf154be1dd,巡,巡
0c0a4361-630e-8f87-7654-564f8e81c5c3,咁滞,咁滯
0c0f7f32-1b6b-1567-25d5-289f37bef417,妹妹,妹妹
0c14390b-567a-48dc-8629-f76113f9f10b,可乘之机,可乘之機
0c15cbfe-2c3a-99ef-2598-f53c97eafc0c,开门,開門
0c16c958-6776-e909-1213-4335f96666fd,噶,噶
0c174024-10bf-4838-8029-6f7c4553e36f,感冒,感冒
0c1b16aa-8aea-468d-9903-116e190746cc,正是,正是
0c213e23-12c7-4cba-9f0e-a0b2a9fd6390,距,距
0c21bcdd-fde3-f41b-ad7e-93f7a1434081,左手,左手
0c27bc38-4a6a-8c97-cb25-5445a0b5bf63,探长,探長
0c283ac1-b6bd-560a-1b56-65b43f378ad8,负债,負債
0c28e0d0-e810-4c72-9bcb-45cafee89cde,超过,超過
0c2954c6-3ef3-2c1c-62c5-325c0629a110,贴心,貼心
0c30c8f7-2dba-429b-81b9-4b7168cb0783,从早到晚,從早到晚
0c383bdb-298a-8175-7355-541d4e17bb44,没事,沒事
0c39156d-31a0-47a9-ae24-8791e056869b,义务,義務
0c393d6a-b6e2-d96b-ece6-a23697ee2a9d,伏击,伏擊
0c3e7126-5031-41fd-a333-7da0be6b560b,口水,口水
0c42e1d6-f3c7-41ce-8710-b0c27e82ea90,芽,芽
0c43f72b-f00b-4584-b933-70060b38bbdb,喝,喝
0c4c5d05-2f75-ffbe-4184-10fd88586957,牙医,牙醫
0c4e68bd-bf5b-3d06-e2fe-5908e4b38f4b,凯利,凱利
0c52c06f-4692-4bf0-98af-017a683c6aaa,窗口,窗口
0c580dde-2e07-4705-8a07-108466e39a8f,局势,局勢
0c586160-7101-ccfb-1115-cb8f182fb56e,一时间,一時間
0c5bf09c-d0be-4db5-a45e-1407fc71322e,筛,篩
0c60bdab-2d5c-4254-acf8-5960cc89ce15,有劲儿,有勁兒
0c60e8e4-8686-7eca-6514-0790fc0dee7f,戚,戚
0c636141-66e2-4e5b-af4f-c7b1b7d845d1,截止,截止
0c65776d-49d3-472a-9cdb-7e79581ea272,赞同,贊同
0c67241b-9539-25df-9e0a-4fadba221576,育,育
0c6b01d2-490a-4f42-9181-dac70fb1dd4a,惊喜,驚喜
0c6db84c-80ee-42aa-9eeb-337dfa63dfb0,奶牛,奶牛
0c701ed8-9e30-437c-98a6-8636ba8d77c4,行情,行情
0c715310-fcf3-c351-d1e0-0fbf350bd9b6,宣传部,宣傳部
0c72119d-1713-1270-5b03-c9b925095fb2,钢铁,鋼鐵
0c76f438-c161-4f1b-9226-d1a3f3620f7a,介意,介意
0c7e8c5e-02fd-4c92-b9a0-226e98340e00,为难,為難
0c80d222-d1c9-4197-a032-0a39555b0af4,礼物,禮物
0c818f0b-b61c-6415-3776-12da6bfa98b9,定律,定律
0c81ce71-e915-25bf-98d5-8277e287f5cf,迎战,迎戰
0c885b6d-6495-488a-b912-c95dd43467a3,有的,有的
0c8b2b0e-427a-dba5-dcd6-ea5e9eb29e1b,坠毁,墜毀
0c8dfb57-7408-4513-9711-f1a0187f17d5,侧,側
0c8eef86-84ab-56c4-d847-4b75c552e9f8,家门,家門
0c962b46-bfe1-786b-fde3-2389b84b9171,赦免,赦免
0c9d0763-2c76-3110-62f3-073398b2f80f,狐狸,狐狸
0c9f6497-4ea9-627c-369c-3b159b48ed9e,伤疤,傷疤
0ca836d2-3ace-aa1d-f34b-d1283f35f62f,西雅图,西雅圖
0caab6b5-a420-7eb7-02bc-9243fe1e1964,下士,下士
0caf3779-31ad-4dd7-988a-ab3e32975eb9,经受,經受
0cafe23d-12ec-45cb-9484-4b6d4b032362,文化,文化
0cb06ee8-fa93-4cf0-ba06-2ef33f9825b4,中性,中性
0cb13bc5-1550-1ac7-aa2d-abea4c795b29,利申,利申
0cb45efa-bef7-48ac-98a4-7feab84c8990,医务,醫務
0cb6221b-9aab-df37-2fd6-e1c0af6c45a8,偷听,偷聽
0cba7223-c3d6-46d0-92c2-8dc6abfdeac6,幸存,倖存
0cc1ec4b-bad2-b320-5cab-3691740ed4dc,牡丹,牡丹
0cc4deb7-25c8-4765-b79a-5ec595795fb7,会谈,會談
0cc90d3a-1f2b-4ba3-b425-765f7dfd61f6,搬家,搬家
0cc9a213-a66c-44de-efa9-9ac206ff6365,过多,過多
0ccd1fea-a839-db18-620b-bf7a4c8e904f,血统,血統
0cce16bc-c096-a930-6ab5-53fd858a2ef2,有份,有份
0cd1cc37-6141-4de5-8c9f-6823f6dc081b,深厚,深厚
0cd2035c-b609-b2a0-a39d-9a8dcc94d196,砌,砌
0cd85ffb-3b89-477a-92d9-a136ff4c0b0e,乱七八糟,亂七八糟
0cdae1dc-5d70-5721-ef79-ebaf1b4bc3ac,钻,鑽
0cdbe7ab-66a3-1b94-1687-780b6f5beb4f,新奥尔良,新奧爾良
0ce533b8-d6a0-4191-bb46-b339028439e8,郊区,郊區
0cea8c6c-14c9-4d69-8796-8f335745c62a,家,家
0cebda5a-af7c-1108-50c9-63dfc748e80c,渔,漁
0cee3fef-b747-8ac8-855c-b226c359c622,拷,拷
0cf36f27-1a57-48b2-8e3c-f825153d042a,表态,表態
0cfb5514-71be-42b9-1f4a-a09254cbbce6,赃,贓
0d03dab6-53c8-b15f-6ad0-e2622f646d47,不知所措,不知所措
0d0ae6e1-a0fa-7e8e-d9f2-525319bf87d7,乱咁,亂咁
0d0b57e1-ec21-63b5-1e02-7bddc2580e6f,寓,寓
0d0ef78f-f108-4a79-967e-597f27a79117,训,訓
0d282d29-80ee-3fde-34c3-60f8e5450e3f,攒,攢
0d29dc37-e798-4ed2-86f1-3d5e370b1e54,谣言,謠言
0d30896f-d95a-aa60-8f0c-d1143fb81eb4,周刊,週刊
0d31aee9-4fc3-432b-b889-ac44c0bc331e,恐吓,恐嚇
0d39e2b8-2eb3-9de0-fe41-6be95f6e2b07,上校,上校
0d3bd5ea-dc6f-40d3-bf2b-656a58ba3fed,公开,公開
0d3f80ec-0292-4b8b-a4dc-c96ed9d01810,人格,人格
0d415172-99c6-10ea-a56c-9beb99a2fe61,崽,崽
0d445023-f66c-1b10-e0a9-931a7f1ec1a5,面罩,面罩
0d484d30-6a73-d827-6b8b-007ea4c90848,坦言,坦言
0d4967bd-528b-78d4-0829-36b976d83911,弹道,彈道
0d4b13bd-d6b0-4bba-83b2-0040b40834b2,特殊,特殊
0d57fa4c-744b-472e-b18c-7b42c9edf64c,英语,英語
0d5da91e-1252-45d2-be94-bf3aa9ced858,手术室,手術室
0d5ecf56-7f19-4661-b5bf-a7de3d95968c,往往,往往
0d6af219-8eb7-08df-fbf2-b8fa1a6615d0,女友,女友
0d6be173-e2ba-49af-9105-e3aba6c10746,光滑,光滑
0d73086b-a486-4018-b27d-2d43db1cfbff,神色,神色
0d73bb99-7e20-4685-a1e6-0a22c169b278,效率,效率
0d7626e2-ea30-4736-95c9-67c9c4fdc035,南瓜,南瓜
0d7c5f68-f4e4-46e4-abc4-93b2f696fabd,受到,受到
0d7d9427-b8a0-451a-a3ee-05ed621611ac,凭借,憑藉
0d815c25-7677-47f7-6cfa-cc83f1608b85,西班牙文,西班牙文
0d81f906-f2ae-4805-91f6-8f36e2907a7e,增强,增強
0d8dd8cd-b679-0515-6d87-127a935f8a15,淋浴,淋浴
0d919b91-7981-4153-9b8d-7ace49bd8390,尖,尖
0d92d63a-64cd-4f9f-a228-8924d69dc2da,便,便
0d9528d7-7bd9-4ed8-9dd3-8c2d957241b7,休克,休克
0d997bcc-1640-3bb9-1c80-ad1a85c867f3,制剂,製劑
0d9e5ad6-71f9-7e3a-0885-3119f0d6386b,颖,穎
0d9feffb-fa11-b626-8e30-cd045386b63c,此间,此間
0da392c7-aa00-baae-dc4e-839c06151e0c,世界上,世界上
0da4bab9-b024-4528-ae81-f8565a5ed1ca,当初,當初
0daffa6a-d794-5208-75aa-9eb8150a6e9c,震荡,震盪
0db1baaf-6c6a-09f1-1c5c-4c9a4d1f1d46,舍,舍
0db6bc20-8bb4-3bb7-6ce6-561a712a720c,找麻烦,找麻煩
0dbcb26e-f9a1-cb05-5b37-5c0e53a7c91f,悔,悔
0dc10eb7-e18e-4b17-993c-8b0b7f85d11d,您,您
0dc2c2eb-5941-44b8-70f5-d4f26f88ce8e,氏,氏
0dd00e91-d10a-4f61-b244-ded0dfe2244c,撤,撤
0dd1165a-64b6-48c0-8091-40b383822604,前辈,前輩
0dd11ea8-cafc-49d8-b2ae-69771e5cb877,发烧,發燒
0dd928eb-b092-fec9-eddb-c23242115a6c,颜,顏
0dda9eec-c20a-be36-36ec-e3c912b64f15,细路,細路
0ddb2910-238b-4231-9248-7c84492b8e9d,汗水,汗水
0ddc93ed-a0e4-40fe-d4a3-184086210516,较差,較差
0de2689b-5d17-48f8-aa2b-81977f8cf372,下去,下去
0de29f0e-89e8-e7c1-cac8-8f46a73f535e,红旗,紅旗
0de55093-8d3c-46af-9ebb-a8305601dbc7,敲诈,敲詐
0df07991-fa7a-48b6-ae88-200ece36ae0c,不至于,不至於
0df23985-aaad-44a3-94cc-278ff99e1039,世界杯,世界盃
0df38cd1-5bb2-4e4d-8912-29fb346948a2,沟通,溝通
0df52aa9-ee0b-4b11-9591-9bd12e77f33b,演说,演説
0dfcb679-baa7-4207-a6bb-54210f3a3ee8,光盘,光盤
0e02c4ae-d04b-0aa0-8528-65200b3d77e2,热狗,熱狗
0e06c871-8e7a-fb32-f3ab-60659022eeb0,信访,信訪
0e077e78-0290-f43f-be12-838e658242d5,党政,黨政
0e07e62c-1c88-ae66-9bb4-fe523ad7ddc4,印第安,印第安
0e080dd4-de2a-464c-8e96-f18aa4078421,助手,助手
0e090466-d2f0-4c61-8146-ed404d5d0682,取而代之,取而代之
0e0915de-5fe5-a70c-2653-483a9d066e26,缝,縫
0e09b347-717d-42c2-8a68-b660a9d6191f,产物,產物
0e112ad1-fa97-fbdb-d952-888eefb5f867,战斗机,戰鬥機
0e145b81-0a52-459b-8182-3883bfaad59f,感激,感激
0e1d0868-d189-78ea-4380-944982a87043,中风,中風
0e1d50cb-35bb-b034-023a-09ec0ce215e2,诚,誠
0e1e18d9-9648-4d04-8a38-f812748d2d60,影像,影像
0e1f8978-b3de-4b6b-ad76-db43e938a7dd,结,結
0e286f4c-f0cb-414e-9041-e6207caa68bc,至于,至於
0e2b355b-ecac-f2c8-086a-1d9a1d2cc14a,绿,綠
0e2b86b9-f467-448b-5451-a98ab241fe73,杨,楊
0e344516-6e9a-4f26-8a99-e99904b00f3a,线路,線路
0e348740-8a7c-41fd-ac57-179375aa4a17,江,江
0e3708c2-d9b7-648d-990f-01097791fcb8,呀嘛,呀嘛
0e37569b-0962-465b-b960-d055fae06513,火灾,火災
0e3cc075-3b41-4709-421e-0f6c22932c98,哪,哪
0e46694b-c544-75c3-4635-6ac8f84a944b,不愿,不願
0e46c2e2-47f6-e2ed-88d6-06c1a39efe1e,活命,活命
0e547bdd-409c-4898-8d24-706ca64979ab,炖,燉
0e575c77-5523-21d6-4f7d-09e14bf6fbd6,善事,善事
0e58c9a1-932d-443a-815c-85dae81d449a,厅,廳
0e59524c-7317-404a-9604-88db121453a4,强化,強化
0e59e0f8-02f1-41a3-a833-6d614423d522,永久,永久
0e5f2c04-5fed-69f6-f00a-0982a4c694b1,家长,家長
0e6035f0-e2ff-4e60-8978-685787c2b11d,复习,複習
0e63443f-3694-d54b-c56d-a9d7dd746ca5,今次,今次
0e67ce18-9978-f99d-1081-597cd2af5acf,企鹅,企鵝
0e68e043-172a-41ff-86a8-d6d7474c7204,故障,故障
0e6d0009-0884-5583-d697-20c1cb84934c,宇,宇
0e6f4ffc-393f-22e8-8aa9-bcd2d323d01d,阿伯,阿伯
0e7006a5-e478-4948-a83a-ed72fba5d61a,叶子,葉子
0e77dccd-5608-4928-8354-e957a0a94204,废墟,廢墟
0e7990c5-affa-0d89-45e9-fb9e56b98264,倒,倒
0e83523f-30c2-4c16-9112-982c38875a5c,力争,力爭
0e8419e2-5f3a-431f-b00d-ad983c9a8135,制作,製作
0e8b139c-5404-b830-0232-5fcc04b9bc0f,鼎,鼎
0e9019c7-3edb-4828-80c9-562205b0ddcb,够,夠
0e95251c-e2a1-4166-aed6-5cf843889f80,乌黑,烏黑
0e979351-1d31-6b91-7290-0b8ad0551052,都好,都好
0e97cc7b-c1e4-4524-860f-1991fdeebc1b,签署,簽署
0ea2b6b8-0e4c-1ec7-24ae-12f24c446c53,点解,點解
0eae9470-8192-438c-942e-ed454dceaf17,财物,財物
0eb1b682-559c-5e11-83ff-0a8d6e28be6e,火车票,火車票
0eb4f502-f085-4aaa-b182-a1551bcd8e20,萝卜,蘿蔔
0eb63a7a-6573-cd9e-43a7-229d07a1c8cc,坚果,堅果
0ec1dccf-a4a3-43a5-9cb8-3e5431ec6c04,背景,背景
0ec3f885-737b-4b2f-960a-89cdfc6db6f2,创意,創意
0ec64883-0a8c-4a29-9987-9671d3021ddc,期望,期望
0ecaf35c-3555-87f2-45ce-2f085f6d07e4,保险柜,保險櫃
0ecc4ed6-3910-c2d7-bb53-282637385676,淑,淑
0ecf5da8-d3e8-4b44-8aea-6da673643fee,环保,環保
0ed41839-9d1b-436e-97d8-960f02d647c3,暴露,暴露
0ed68787-8e96-4581-8887-da03374485e4,登机,登機
0ed6ff97-0609-dc97-65bc-2b4f139ae9d3,疑,疑
0edab54f-0a3a-8a6e-27bd-e969d69fdc75,风声,風聲
0ee2a4cf-19ac-43b0-8802-e0a343334406,下课,下課
0ee393a8-9293-4186-a6d8-9fc236815ffb,管用,管用
0ee60f58-9267-679b-b9c1-8e6628aa7e9a,诸,諸
0eeb0c32-638f-1bc2-4f88-7fb89ce62f83,下半,下半
0eecd7a6-c0ec-481f-840c-8b77916b62a1,颗粒,顆粒
0eee51fa-e9fa-4d4a-8504-e29624cf0593,人工,人工
0ef208ff-da93-4612-843d-ccd3a11b2ede,之前,之前
0ef5630e-0d9b-8eba-218d-6a822f07c67c,侏儒,侏儒
0ef91fc7-432c-ece8-97e2-af527942f0d3,小泉,小泉
0f01027c-593c-849b-15d0-761e7cc6bbda,重逢,重逢
0f0195c3-539d-bdf5-c1c7-da5cf4e12258,雷,雷
0f0465ba-59a0-46c8-81a7-db1c3b3456d7,看上去,看上去
0f09d5c9-9097-4380-8bac-ca4090478204,瘾,癮
0f0b8bb8-77f6-b3d0-126b-97d0044960cf,只手,隻手
0f19c7ac-e9fc-4f27-067b-6f9bb635c295,雅虎,雅虎
0f1ed649-7b0b-47f0-8255-912a8ded9891,外界,外界
0f27c6a6-6293-74ff-518c-7f2b69f8fcc0,海里,海里
0f29ea2d-07ff-4ad9-b9e2-60123d653058,离,離
0f353233-3f07-bc63-a621-bf008fb52f59,旁人,旁人
0f38567e-5fdd-4142-bc98-471e9f45055b,取笑,取笑
0f3d3d75-8189-4a68-b510-d6b443af92fc,政权,政權
0f4c36b1-95ab-6d09-00af-f16837795b42,浑,渾
0f4d7b32-83e7-44d2-98d2-b516f9c3cf50,交付,交付
0f506ad8-1279-4bbc-a0b8-c401467add09,整天,整天
0f51ba92-3de5-2a74-dbda-23688838735d,中文,中文
0f5b69fc-a815-4795-a9af-fe387654c4bf,鲨鱼,鯊魚
0f5b7afe-bbc8-671c-527c-7fc696b2d986,十五,十五
0f5bd903-2c01-f28d-8eec-8ba5653756fd,骂人,罵人
0f612ae7-ac32-423d-b65b-0a5fb42b9135,组建,組建
0f6ab88f-e7c9-4c30-af6e-f73fd0e0f9b2,立功,立功
0f6f309d-dd8b-4cc5-8eac-496281e9756b,光彩,光彩
0f6ff7c9-c680-4850-6b1b-ea018878604c,放开,放開
0f748118-c47a-552a-bf0b-0f6b3e1c1dab,尖叫,尖叫
0f759b6c-376f-4edf-ab89-75a816f25f9d,日历,日曆
0f80996d-9cd7-4268-8ec7-386c1400e30f,神秘,神秘
0f845a96-3250-4c0b-b24b-a5e18249e748,出境,出境
0f86a961-e499-5e26-7a64-0514eb00176d,羞辱,羞辱
0f8d602a-5763-497f-8eab-a2150b1a9c3b,但愿,但願
0f94f72b-3669-4824-9c03-0e0e40c29d23,转让,轉讓
0f95152e-f4f6-445a-a592-9d8b1329d157,大夫,大夫
0f974b56-b4c7-553e-804b-2705478943e1,坠落,墜落
0f9d64ba-b8cc-4755-8cac-05ea6ce04543,相连,相連
0f9ea171-c6bf-8f25-4a54-c5fcaf495d01,嗲,嗲
0fa27eed-ff17-9d35-2c35-6ce83d33d26d,挡住,擋住
0fa3a84c-fd00-4b0e-b039-228d4ec47555,顾问,顧問
0fa4e09a-f8fa-49da-ae9b-ab7fc07df5e5,维修,維修
0fb01e95-6a41-4adb-b4d5-d9ce71598a38,专业,專業
0fb07c3b-77f8-4b7f-8e75-40838bbbea06,手段,手段
0fb37c4d-cbf5-47df-bb0c-9b88e7298ec2,苗,苗
0fb4b6e5-2d49-4deb-a882-dfb6ef98a253,野生,野生
0fbc822e-9e84-4e36-ac7a-880aaeca39af,要,要
0fc47b14-eba9-4b6a-904c-acbe94b0aa6b,装扮,裝扮
0fc5e5f0-26bb-3e42-cf47-94e30892fbb2,心肌,心肌
0fc9ebab-2e71-4043-8fd3-91a79d26f5ab,延,延
0fd3319c-25c0-4e79-837b-88b23cb44e15,直觉,直覺
0fd3b3c9-b82c-41dc-8f79-081f3e87b6bf,前任,前任
0fd48605-ddf1-86c8-65bf-c527e97910b9,盎司,盎司
0fde78c2-0e45-7c30-baee-49a63f09921f,到时,到時
0fe0e0f1-2410-49db-a834-e1b86219500c,指标,指標
0fe44f86-43f1-9658-5ea9-bc800b1aeb6d,撒旦,撒旦
0ff18612-1b8d-401e-a921-5a7000e9fc37,人才,人才
0ff42b3e-4766-4fd2-8b9b-edca0725a282,同类,同類
0ff64147-a6d3-4195-8e2d-32f40b252316,岩石,岩石
0ff7ff81-a4f3-4a3e-903c-ce066dcf4dab,奇怪,奇怪
0ff83c6f-cb1a-41b3-b7c7-860e43c057b2,继父,繼父
0ffdeb2f-d692-c6ed-1c45-70159d8781e1,香草,香草
10001551-fd08-40f0-937f-a6be7512c3f1,恭喜,恭喜
1001d37c-5874-fcc3-b100-74e16e981ce9,胶,膠
10032694-92b3-932a-9f05-52c430b04591,鲑鱼,鮭魚
1004c84d-76d7-40a3-89e7-db042f9f99ea,持有,持有
1006c41e-c9f3-4e21-904f-6ff86f24ff75,伤痕,傷痕
100b59ae-b68a-1248-9da5-9052ece45e34,兴,興
100e1694-f808-db61-cc0b-494c70285915,敌意,敵意
100f0c32-135d-17ad-5390-ee016af9f5ab,茅,茅
10117456-6c97-ff39-89af-831b3dc55098,首领,首領
1011d363-925a-43e3-a112-f2cd0ec82266,动用,動用
1016ae0c-1515-3d4a-873e-0675e7b564bd,昂,昂
10193351-5760-4ee7-63f1-acd7f34630ac,上调,上調
102045df-6ae9-4cf6-9c05-431d86fb6201,演唱会,演唱會
1023bec3-ac4d-d052-a784-a3a75689f742,粥,粥
1026b91d-cf1c-48e0-a6ed-b4c64e3c870c,小品,小品
102e5c65-655a-5bfe-19d2-94cb53440b17,拉拉,拉拉
103000ce-41fc-495f-90f5-6e09b0d3ffcc,联邦,聯邦
10330e26-3790-1382-fc5f-174f3a06ad92,马铃薯,馬鈴薯
1033b64e-371a-4113-b6a3-b9a24b5b5213,得益于,得益於
1037fd68-8985-a6d9-c028-ac2cbf40b3e5,颓,頹
1039a149-3a49-40ca-9143-fd0e42357796,押,押
103f04bc-051e-e681-8430-d117fece4b81,现,現
1044c24c-fb3c-4f6b-8cb6-0913c737ef0e,罢休,罷休
104d399b-1bba-411b-8ed3-9c9f048e0a03,导航,導航
104daf35-8de3-d370-ec71-c3f11648966f,强国,強國
10513a87-87ac-b823-07e1-a83e1784271a,影相,影相
1057598d-618e-4db7-a562-2a374f133582,静,靜
1057d25d-a29c-50bc-c8bf-986d396ef1e8,高位,高位
105d1b21-a3fa-dfab-d562-fc53c7bd02c1,概念,概念
1060d6dc-5864-6328-0cb3-c7de555a3075,哈利,哈利
1063852f-040a-4db2-3744-74c77a3d7a8e,意见,意見
1067b7fb-ab32-471c-8a26-58d6f69502cf,局长,局長
1071bf98-a949-490f-89e8-042c3b1bbbbf,室,室
1073b8f8-1971-40f4-b464-525c35d7d9da,友,友
10758ab0-1985-4c62-a9da-4cc3a0fa7b13,勿,勿
107595bf-338f-4c55-969c-d1f94c5676c0,捕,捕
10840cec-10a2-45fa-ac0b-59553533bf35,当作,當作
10867b6b-f6cd-28c4-7b4b-7058dbb93296,回复,回覆
1090176e-d8b3-4867-9518-3a496b9854fd,内心,內心
109a4668-6c75-4e97-9143-7b57fac6aaa2,测定,測定
10b368a0-2b78-4b7c-a278-7c5a4635b503,复制,複製
10bd9faf-7dff-4c28-ab6c-04035ccb71e3,挪,挪
10c6bbc3-f7d7-4314-aad6-9ec0b2f491ec,去,去
10cb11c0-de7b-4215-a6dd-4c0115c13038,监管,監管
10cb39cd-d26c-7486-f699-a912d59f0275,缉,緝
10d74f2d-1bb4-7f82-c716-87b986eb8b7b,燃,燃
10d8233a-b742-4160-b896-47deaa32b7e9,陪,陪
10d9b9af-d779-4297-b7e7-cbea4ac6a663,进入,進入
10db81f0-2f0c-45fa-859f-342e9575a29f,申报,申報
10dcdff3-cb2f-42da-a0c0-03e82afc4de3,携带,攜帶
10dd821c-6b11-4a69-ad25-e269000cf475,系领带,系領帶
10dda436-762a-ac7d-ad60-9688e12760b3,完工,完工
10e42992-e0f4-f07b-449b-b24f85d32e4d,巴,巴
10e9df80-82a2-4c3f-8f9b-2c5c0d4aeffc,火箭,火箭
10ea24eb-c9bf-42e7-995c-1df9afd69550,劳务,勞務
10ed8dc7-b16d-4f5f-87d2-1428c144c2be,辩论,辯論
10f2cced-76f7-e82b-a7d4-62c28e1ab5a8,仿,仿
10fd392d-ea1e-42fc-8e9d-a60cc60624fd,收养,收養
10fdc40b-042e-4b4a-94e8-ef0aa1d1940c,前来,前來
1107e7c5-56e5-4b77-baf7-1f9b55ed0789,摄像机,攝像機
1109b7d4-0973-4bcd-8d7b-a41ad8c995f0,优质,優質
110ce1c8-ecfb-9f93-1e6c-d61ef83a6c37,少许,少許
1113f203-3a75-45c0-a856-62fe3d062aa3,例子,例子
1121633f-58bb-471a-bc19-2afb8754ed46,取代,取代
1122d974-980c-4cc1-a8f1-513df0670b42,信念,信念
11293397-6ea5-0e6d-c80a-953482f7300d,返去,返去
112bb17f-2169-ced7-dae2-2eb35036ed9a,谴,譴
11313d86-bcf0-4984-9e26-ab9bdfae7fe5,订,訂
1133eb45-0b51-4cc1-a4ce-1ad4314c6386,倒计时,倒計時
11379204-cd19-1c06-b2f2-67c467f0961d,服刑,服刑
1139b9cd-f3aa-4dd4-bec3-62818fcb3834,主妇,主婦
1139c7e9-9ee3-f1b1-91ca-3bb10a920344,撒尿,撒尿
113b7b20-9d48-2739-29c7-cb7dd04ae611,闹剧,鬧劇
1145f07f-e04f-7f79-7f2a-3ed28a26472e,海南,海南
114b9908-b5c1-498c-8627-ed1e1a6e86b4,编排,編排
115252ba-e4a7-47f6-b9b7-dec917d7a293,分成,分成
115a5bd5-6e92-446d-a33d-8faaf93a8f75,本期,本期
115bd074-ce54-492a-badc-fc82bf8dddf4,去掉,去掉
115f20ca-3405-4a29-b4a3-6ecfbf5a5a03,加入,加入
1164df37-c333-ce95-e42b-b929293ca53c,呢啲,呢啲
117016a6-3d33-8213-9094-d2ecd1ff76e9,处于,處於
1170abf2-1142-4692-99fe-dcf278ddb184,年级,年級
1183e880-971c-4a40-aab5-7dcb2089a038,村,村
118b6c7f-d767-4e82-97c8-233968cf9459,谈起,談起
118bc0a1-4993-4cb2-9df6-48ac4797bfbb,塔,塔
1196a075-698f-b05c-9cf8-bb539fe0a465,呸,呸
119c18fa-effe-2e0d-7e61-7d4e1b7f2dc3,纸杯,紙杯
119e945c-17ac-4374-9fbe-41e8379dfa2f,忍耐,忍耐
11a0386e-8bcf-4f43-8eb1-900459be5b07,呈现,呈現
11a37771-32b2-475f-ac52-b130d9aa6e3e,用人,用人
11a794d7-a522-44ff-94d1-c429b867b62e,苹果,蘋果
11a8d9f9-e04e-e709-29bd-44d1df09e40c,献身,獻身
11a9cb78-87f2-4a2d-b456-7a0573d0d101,毕竟,畢竟
11b086e8-6f56-486e-bc02-a46238e49628,开拓,開拓
11ba45c0-4b2b-5448-7aaf-abb63354ef35,贬,貶
11bd73b1-21cc-cfb3-d669-7b705ac4ddc0,日本人,日本人
11c0a175-f423-32b0-e3cb-592f2b939212,过,過
11c0b8ba-8433-50af-c617-f3f56daffad2,各,各
11c34ad6-a95a-26b4-f46f-79fda96cc47c,沽,沽
11d077d2-a09a-4cd3-ac6f-218c9b4bc670,下跌,下跌
11d862af-8deb-ab03-9994-500f8d363695,睛,睛
11d9279f-f8f8-4fd8-9950-cc2872c9c8f1,挡,擋
11da4bec-4fc2-4e68-ac41-1eeeeff4b9e1,毒品,毒品
11dac7d4-d08f-4bc1-925c-83f83f81dd1b,款项,款項
11dcf550-46e7-9f29-7188-d1f2135c2732,保安,保安
11de5bf2-31ba-6461-2ca0-812a1409a30d,着,着
11e62c2a-297f-4472-8eab-18bb837852e0,活跃,活躍
11e72801-06d8-4a93-989b-8f393a621cd8,奶粉,奶粉
11e85ba2-9b24-94bb-0cbc-b9d6c25a4f7d,自己,自己
11eb3a06-78af-4f52-a3a1-770abfb81b6e,费用,費用
11ebc586-c4c7-26be-73e3-55f10e92e148,审议,審議
11ee87b0-15b8-aba5-6d02-da0eea32fcee,清算,清算
11f323f5-a751-4be9-9ccf-ad103b07b241,上学,上學
12007c7a-53ca-f81c-3023-81d60e552c45,落,落
1201fef0-f559-4c8f-ba3c-4bed3fbb3545,好久,好久
1205a5c8-a068-46ea-9ab8-51a0057626e5,英俊,英俊
120797e6-e212-47ab-8fb3-3ef858056f45,基层,基層
1208bcaf-71ab-40bd-8ecc-4e625d29471c,走开,走開
1208de0a-f855-4b06-ce56-bf5cefd8a34c,获,獲
120e9cb7-d224-4bb7-b4a1-eb4d4c1ee02e,资料,資料
121d990f-721f-9401-b25e-31883178cbf2,老土,老土
122a13ff-1f60-6f19-d006-94c4a3bfe0a9,麦迪逊,麥迪遜
1231fc6e-58c7-4f0f-a5d5-e52c5c3f2b05,点头,點頭
1235c909-c557-f206-5175-0cb725100bcd,矩,矩
123f5782-2ba3-01e1-91e4-d07b18f770f2,几廿,幾廿
1245459c-5605-4790-9b18-8848bc392b99,佛教,佛教
1246a066-33ac-4d26-b769-012572e16dfc,少,少
124763a2-36c5-4e90-8aa5-c74956595e91,说法,説法
1248fe7d-4fd7-5365-69a4-59f2e9a18562,皱纹,皺紋
124992b4-726c-2cae-9481-65822375f5af,面具,面具
12555216-5e59-934f-ef59-6f8a86a616e3,券,券
12568d78-1061-52cb-59e8-3c94a41f1eb6,机,機
1258092b-e374-4f48-b7d3-8a84e8561399,崇拜,崇拜
1271a534-8fc3-462a-92ae-95ac4c54c833,专题,專題
12764d7f-8c2b-4881-9f68-6f1c8fab6ab0,譬如说,譬如説
1276b362-085c-f937-f534-a16e50d3712f,谍,諜
12786d26-510d-4cd7-ad92-12fa9dad70df,民俗,民俗
127b8354-e1b6-4ce6-88bf-ebee05186e74,囚犯,囚犯
1285e07a-582a-4d4d-b5d6-752c32823a98,孤立,孤立
128863d6-d2e0-45bb-9d4d-4f69ab8a84c7,彼此,彼此
128a5674-4a18-0d2e-617a-d34906ef5057,好莱坞,好萊塢
128c8037-f9fb-2929-4fa0-7a4359117d37,劳力,勞力
128dd17d-57fe-4275-b09e-210dbe1543fa,民工,民工
129c175b-0f24-6aa5-ecd9-95fc9e1606fb,湘,湘
129d95fb-0853-0944-3057-87d91e4b984c,宴,宴
12a35cea-2171-ba71-eb23-aa2c08493410,打劫,打劫
12ab3938-b2ed-421b-bab4-affe7a881ea4,球员,球員
12ad281e-adee-c6e2-4588-f69dadab5765,脸蛋,臉蛋
12afc83d-1308-4f04-9b5d-b9490d5cba6e,任务,任務
12b0b791-764d-09d5-e9f3-938f337338e3,斗士,鬥士
12b22c91-fc0d-4c0e-a4fb-f0b37ccb3c79,硬件,硬件
12b51fb2-e798-4e20-ba84-5e3b167c203e,沉,沉
12b7e95f-3893-4907-81c9-bf635bbb742e,流感,流感
12b9012c-6439-4055-29ea-5864599bb68d,投篮,投籃
12b97477-e316-d0ae-9a7d-884802bfd147,巴尔的摩,巴爾的摩
12ba17a1-21bc-4475-5d02-76a52c5b57a6,天蝎座,天蠍座
12bf9b21-599b-4e18-91bf-55734b3615da,牢牢,牢牢
12c0ac00-485c-4cf5-a80b-d2d5df0acfb9,旅行社,旅行社
12c5448a-ac64-12db-7eb3-c8e0e7fb5468,皇,皇
12c60809-e5a9-dfb8-8775-19273712b7b1,蜘蛛,蜘蛛
12c65dd2-7032-ffe0-fa50-f6a271b9dd7a,中尉,中尉
12c93768-0df2-81cb-81df-61cd5a7fc1b7,长官,長官
12cbac3c-8cbc-d85c-75f0-581278e32d07,转发,轉發
12cdfdb6-b730-7dec-9b39-8f37f34a06ff,结他,結他
12cfd94e-bac6-6ef4-492c-00a32a250d2e,泌,泌
12d1bbfd-aa99-91c3-3b36-e03f6d604e70,并,並
12d26ba5-7a45-4603-83d9-03950919316e,翼,翼
12d314ba-257f-401c-bef4-343065d8cd82,指责,指責
12d6d70b-5b67-75ed-6525-852fe6226898,妊娠,妊娠
12e123ee-dec3-47f1-bd75-5548d1f8c12c,命运,命運
12e6e3fb-25c8-4929-c9c6-c7472e29864a,呼,呼
12ea0c17-1f66-4600-91ac-610889554ea7,逼,逼
12ebba3b-0722-a29f-2a98-37bb6e65b621,起身,起身
12ed9fce-bab8-487a-b477-ae05ce98cadd,蕴,藴
12ee3197-490d-18d8-7d61-048c7790b9df,逝去,逝去
12eee4cd-4906-21b0-1367-b4baaca9c370,乔纳森,喬納森
12f704fa-71f3-aaff-8940-249a3b9f78c5,骑警,騎警
13039155-9727-431d-9fcf-4a053ad8e80d,理性,理性
1303a67c-ff67-420d-968d-fdda722dce39,竞技,競技
1305a243-3936-d9ff-0d86-9fe18de95d30,兽,獸
13098bde-d8b1-26ce-b796-e4d7f19cbb86,女皇,女皇
130d222a-7fca-23f0-1fa6-01895a69f922,弄清,弄清
130f3e76-2e72-ab25-8599-65275f965774,尽量,儘量
130f7e03-09c2-bd86-d94e-909e8fb4f745,排水,排水
13117a68-3709-c59a-6683-ec76d7e97d9e,爪,爪
13128f8b-aa53-4623-bca9-51977336f10f,首次,首次
13184b04-8767-4b8f-686f-9c9d67a4cefd,羔羊,羔羊
131e050a-4541-d3b3-bc5b-fdb3f2b67622,警戒,警戒
131e0cc3-fc38-43bb-929d-fbbfb77517f5,成年,成年
131f9234-8511-c461-5179-9f2929bcd5bf,干掉,幹掉
13243c6a-bd82-4af3-90a1-6da41e1a5808,标准,標準
13243e7d-86d6-eebe-36c7-b187113c3dab,荆,荊
1324a362-04be-4ece-a0cc-0769bfedb83a,过日子,過日子
132971f6-cd07-4320-b32b-f8db9d70633e,熟悉,熟悉
13391596-9301-4048-9773-7025f8b7237e,通道,通道
133c1d43-afce-4a7b-b33d-be5e60666a88,近年来,近年來
13448e23-bad6-1214-089a-a0f37eddc95c,海伦,海倫
1346937f-457d-fdf4-65f7-8d00037614c6,拦住,攔住
13476454-4cd4-4681-bf1a-84defca5c931,证实,證實
1347f75d-f735-4d51-9555-137aa754c437,纽扣儿,紐扣兒
134bc46d-7992-dcd1-c8ff-5473d6ea955e,生活方式,生活方式
134c8c7f-6b57-462e-baa8-6f5206ca9e22,组合,組合
1352a103-dbc1-4784-a919-502de042b7cf,沮丧,沮喪
135bd1cd-9ae4-41c1-85ad-5f54b6a54ba9,两手,兩手
1366d10f-3cfd-9000-326c-a500583851c8,叛国,叛國
13688f73-5327-0526-2051-6da7a6c1464e,刑警,刑警
136e431e-9c24-2438-65e2-58d6559db568,卷,卷
1370ac3c-6ffa-9e5e-a76a-a140ee0ab14f,姻,姻
13775afd-1258-44a8-81b3-85dfaf723a95,依法,依法
137c8c44-538b-4920-99e2-7b41166a223b,解放,解放
137ca434-b617-7d8a-1d2d-f0018c4cb7a7,五十,五十
138535bf-ce5d-49d5-a666-61fe5770706a,功力,功力
1386406d-6347-4a10-b107-2246f9d4005a,便利,便利
138cb124-6687-441d-860a-0cdc1e91b07c,表面上,表面上
138d3c96-322d-4d11-9a8e-79f2a645bd0e,车道,車道
138da2b9-357a-f777-3661-ccdaba4ca803,视网膜,視網膜
138fcf37-ac96-e6ac-3bd6-33818a8db9c9,多重,多重
13970010-5edf-8868-c890-52ddd32caea5,九月,九月
13979853-aa86-04e1-4e6e-47372888b2a1,驱使,驅使
139ec7ed-ba03-9a00-3e3b-0d8923dba4c4,胡,胡
139f805c-e83c-6377-9f5f-d3356f1b59ef,捱,捱
13a0f0d2-c3df-4d29-8467-0af060294857,取胜,取勝
13a0f451-1761-48c2-345d-56217d8d2081,脏,髒
13a2b54e-be8d-4564-8b36-23de69e7a819,今天,今天
13a3ca86-2d22-2ae5-2f01-57e20cd0f285,车门,車門
13abf914-0e0e-4b5a-b183-3c91db95c4f7,沙漠,沙漠
13aef8cc-d69c-4a98-8fea-84c3a75dd95d,对比,對比
13afe057-164a-c84e-d96f-cf85e304e0d0,有啲,有啲
13b15151-b571-6d52-9eff-981a1d84603d,异,異
13b2e2d1-2eab-4a87-8f96-f96c3facfc8d,猴,猴
13bc80b3-79ce-406b-8b28-fe015bc019f0,水准,水準
13be6d95-b91e-bb81-fd15-c474545860a7,并,並
13c0e18d-6b52-7ee9-0008-b13efa00ac70,行长,行長
13c49dae-39b9-90be-cfdd-1e398393696a,金牛座,金牛座
13c62974-79a9-4a54-8c3a-a349e8b9b7e8,适当,適當
13c77f0e-c45c-4ac5-1aa2-317f98cd75d3,乏,乏
13c7b545-7978-deb2-5bd2-bb61bd7ada4c,小小,小小
13cdf367-2900-4669-af17-3eacc083890f,客房,客房
13cfddbc-52b2-4cf1-20a3-29f91951286d,阁下,閣下
13d07e52-fc54-1c08-7282-af422f12f17d,魔术师,魔術師
13d25be4-3deb-4c21-a869-9ec4c50b9384,苗条,苗條
13d2a622-0386-0026-eedb-a89f2553d7d6,醒起,醒起
13e10d62-f66f-4052-a4bc-6789a59fa517,集体,集體
13e3bfe9-35ea-3af0-9541-f325de0e7919,指出,指出
13e3dc9b-a31b-4fa5-80d9-79ec17776e13,慈善,慈善
13e41e38-35f4-43e9-ba61-72532a729f46,计算机,計算機
13e72c5c-2ac7-43a7-bee6-2e36dfb607b2,懒得,懶得
13e7f844-b4b4-b0ed-6f08-8d139bef26ed,信息系统,信息系統
13e9b34f-9ae6-9994-88b3-1d48f727e96f,而后,而後
13efa48c-a0c6-40c7-9a70-1adff143ce36,不成,不成
13f02bb6-c510-2b0a-8b1a-dccfb3940220,差劲,差勁
13f650a6-90e8-baaf-ee2a-89edf9eabc61,糖浆,糖漿
13fbf415-bed9-903e-a9ba-67a8f47e9f5a,市场化,市場化
140626c2-8bcb-9ce7-30be-30d8716d4351,职,職
1408b388-14ea-4cb5-7d1e-e91ae90f791c,叫声,叫聲
140e7aad-a5ac-4ec1-b4e6-65ef11d3ac79,旁边,旁邊
1413438b-1b6d-4ecf-bb98-84b65df2b2e1,优雅,優雅
1414c6c4-aacb-927d-af64-a4df87880504,柏,柏
141c06c4-d55c-4b92-a64b-651dedc4615a,原先,原先
141d6ec1-994b-3736-08ac-f3deafcddd0b,第三季度,第三季度
141d8548-b1e3-e77f-d3be-6fb959d1ef33,一丝,一絲
1424f600-98d7-4fbb-bd7c-14d4e0583dd0,字母,字母
1427ce06-93bb-5620-b0ca-56546d7fb026,份,份
142c17d8-b276-a7c5-c5fd-afe0d3ac62dc,该死,該死
142e8c7e-adb2-46b1-9bca-812bbb64211c,出于,出於
14355594-9e36-4a3e-9c97-c10dff01bf64,工人,工人
143db6ab-3905-4bf7-9059-a124f3ab1969,倾销,傾銷
143f2b6b-4b52-4153-9bc2-d85e7cf6d2d1,分明,分明
14421376-1a52-04e4-f481-bf93cfb36761,喂,喂
1443b24f-e776-4742-9768-2077656e19d8,狭窄,狹窄
14454533-6167-4819-9770-b70e6f623aba,镶,鑲
14482496-2bac-4ee5-8142-ae441d5f7016,分红,分紅
144c9763-b092-0211-66d9-aa2b4e6aada9,幢,幢
1451a6d1-b3af-4c7c-a023-20cc221e19ce,创作,創作
14540374-8868-4b72-9d90-eb306b7c0ed8,当场,當場
145799d1-fdf1-8c2b-79f3-ba26275fc011,候选,候選
146e0724-109a-45e2-8c44-d9849704e1ad,残留,殘留
147065f6-6a6d-4e30-87fc-ac3d8867f0e3,哇,哇
14799b2a-facb-4858-b2a0-6da54c6dcefe,玻璃,玻璃
148a7376-aad0-19d2-876f-fe51233ccce7,冰冻,冰凍
148affb4-f15d-4a7c-b71f-0520e5b4a1b3,演奏,演奏
148fd6e2-d53a-4e9e-b3ce-f4e80446d17d,橙汁,橙汁
14995cd7-3d12-4285-b0ce-a52db0719a07,资深,資深
149c0c70-778b-4c0e-ae7d-611b12bf46d1,权利,權利
14a57e76-ece7-98c7-9c30-700b1a408dad,推出,推出
14aa37d0-8d08-48c6-99f5-37d65ee1e9c6,注入,注入
14ab5402-beab-cd82-a8dd-820c9e8a204d,罪案,罪案
14ae8040-0271-3ff8-e9d1-a2b1049a204f,越嚟越,越嚟越
14afb7dc-e93a-d1cd-6e88-16fee7df6466,露出,露出
14b174b0-75d3-82d1-c5e6-1a48d8da42dc,袜,襪
14b72424-77c8-9bf2-089c-79ab2f27e5c5,称职,稱職
14b913a8-e771-3283-dc2c-6f2221fe07fe,生产力,生產力
14ba4b64-6915-6438-8514-970d79270ca1,狄,狄
14c046c7-f620-c045-60ef-bd5411d8adea,左侧,左側
14c44bfd-ef09-7afb-86c3-8db1c1ee2b27,全面,全面
14d21f4d-2481-7784-9f44-9602eab0fbc5,白羊座,白羊座
14d66633-f9b3-4004-86f9-3059d3ac0978,胎儿,胎兒
14d7a670-e113-e5b6-0ce7-bd736cf23611,糊,糊
14d80ad0-135f-4b6d-a47f-77d6824d524b,烦,煩
14dc49ee-7ee2-32ef-637e-ae75361b9ed7,坐低,坐低
14df1cd1-bc34-45b4-809c-f3f1d70f6fec,挑,挑
14e0bd33-23f4-47b4-a29f-63bf41cc707f,染,染
14ee0a46-d30d-f770-dc0e-96b7718872de,大把,大把
14f4f0dc-ee93-4ec4-bc07-6a2515bcbe83,羊肉,羊肉
14fbb045-18b0-4828-a39f-f649f8b93e75,样子,樣子
14ffbb00-f391-4053-bd1f-d8a6c1a00d8e,裙子,裙子
1500f647-9854-417a-8bc6-50da248bdd5a,信,信
150d40a5-8714-4d14-a501-8576eec46f8b,钟头,鐘頭
150dd04a-b93f-4746-a799-69848bc0bd16,投诉,投訴
15133245-b13b-1b23-d762-11d372f5c9c9,失陪,失陪
1513edb0-0b82-f5e5-6e36-de8ece5b3d8a,帮衬,幫襯
15168213-d997-87b7-a22a-5539404795ec,好处,好處
151926d0-dc06-42ff-a06b-ca36909a6ffe,电网,電網
1519953d-8f97-82c6-7366-4adad2e000c9,医,醫
151b85ff-9f22-4505-8c49-b4b7d0ec6c66,形状,形狀
151c6111-7868-40a5-9b9d-613fdcdcdb1c,美中不足,美中不足
1524b487-4343-42ab-99e6-d64e66876155,藏身,藏身
1529b3a3-4eca-f740-08f6-408e949a99e1,昨晚,昨晚
152a1cd1-ea3a-8867-7651-2551a740e231,卜,卜
152d3486-fd2a-0b9f-1eb8-d54651f54745,额头,額頭
15331bff-cf86-491c-8072-f8c96260c850,爆竹,爆竹
153437f7-1912-487c-9eca-66446c9f2910,招待会,招待會
1538b148-46c9-410b-9826-32c3cd973c91,导游,導遊
1538ba70-fcc4-804b-19cb-1426c96a16e8,说唱,説唱
153bea02-4be6-495c-abac-fdd61e852b0b,煮,煮
1541d47b-fd04-4528-8b64-0ec633b63cee,法官,法官
15424782-e166-43e1-b026-ed199ab2ce23,最近,最近
1544d746-e6a6-14dd-92b2-5185a739a5c6,世间,世間
154631ba-1e80-31bc-f1eb-a3934e4327e5,判断,判斷
154636f5-a0b3-42b2-a1b7-dd0587ef18c2,无能为力,無能為力
1549b295-5f1a-4895-b7fb-b1dab0384c90,相互,相互
154bdeec-1c52-2f68-37d9-b62e97a5c099,起上嚟,起上嚟
15526df3-031d-45c6-9a7e-8564158a788c,敏感,敏感
1553ac88-7144-4b0d-b8c7-bc481e435418,空调,空調
155508cc-d6c2-26bf-d853-0bdb45ec9594,受害者,受害者
155acfe5-e7f8-c882-e87a-e1f622a486de,卿,卿
155f033e-f713-458c-9a0e-c0c8e855b6c3,占领,佔領
1564e8bc-a900-4df4-a075-f1baf741168f,太阳能,太陽能
156862bb-c6bb-4aef-9051-de1e454c9f46,大赛,大賽
156a4212-3f85-1525-48c2-9786352074ea,褪,褪
15705310-dabf-41d3-b243-b08059723ce5,努力,努力
1578c9a8-355a-4153-a459-2cbda336d3c8,内存,內存
15794280-f828-61ff-c1a5-4b9f2bc896e4,突然间,突然間
158f1c44-121d-e6e0-6232-428b9eebe75c,夹,夾
1592148c-ff93-48a6-9420-ce365bc66eaa,监护,監護
159aa140-8eba-89ce-68c6-454f4f085d6d,实时,實時
159bbece-aa39-5334-a4ac-69d674e4862c,鲜,鮮
159c82cc-a9ca-707c-d802-cf41a87602ab,酒馆,酒館
15a12c84-40a7-4099-a38b-c5a4cd6b33e4,示威,示威
15a760cf-341c-8d34-6955-b14e056c146e,锅炉,鍋爐
15a7e898-6f77-4093-96e6-3bd1c8e48425,三明治,三明治
15adfe5d-aaec-4db1-95c2-e95be190fe3f,景,景
15ae44cc-1fee-a761-2787-a35b11267efc,崭,嶄
15b14be8-dc34-d282-4495-b736ca909b5a,凯特,凱特
15b41dd2-7dda-571c-2e12-bf7e924bdc97,马克思,馬克思
15bb944d-9264-456e-93bb-0258811b5eaa,隆重,隆重
15c1504e-59ac-487e-b40b-3d17719b2f4f,灾,災
15c443a2-4818-4452-a812-193827ee17f3,性,性
15c4dd35-4492-c309-9e6d-535689093a4b,销售额,銷售額
15cec6b8-7e80-45da-b4d8-77d47f9d814b,后台,後台
15d0e89e-9b3d-48fd-8854-d775e3455b57,记号,記號
15d11f7a-07cc-94aa-d369-a9de398798a8,晚,晚
15d8d4e5-c322-4b63-bdc8-097f04e1cc3c,行人,行人
15e249ca-8ac3-4993-bb79-e12c878b16cc,得了,得了
15e6a76e-e92f-4216-ada8-6dc8fa288fa7,即将,即將
15e920b3-d832-4a4f-a01c-784852ca7be8,起,起
15edb9c3-8b2c-ac83-a560-1eea1039535e,笔,筆
15fa550a-4b76-41cc-b832-8e97164d534d,调控,調控
1605589f-cba3-4a80-b6ea-f3f041512dd8,深入,深入
16076e78-a1a7-4b72-b44b-27deddb2d037,老公,老公
160bf880-d412-39a3-0635-f518f7f97d9e,构,構
160c795d-2a60-45ed-8e2b-ae45213dc971,不满,不滿
16165d75-8650-449e-870a-071e9a2ff8de,基于,基於
1618de6b-0f90-40a3-a348-4c6f420d27e1,予以,予以
161f38b3-bfab-59a3-b5b1-723c9d983fe8,赶来,趕來
16200e89-9aa4-58ff-626a-1850c9b876e9,讯号,訊號
1626ed51-e74b-7465-1927-19ea931c8694,消逝,消逝
162f3863-d0bb-1ccc-76c8-96fed2e0bc1d,窃,竊
163032fc-2e15-dbd9-09df-8b47b58dda77,巴掌,巴掌
1630f4f6-3bf9-45cc-d4a2-9ae2ca99c3ef,表达,表達
16315864-40b4-d860-a565-30e702e897a4,立马,立馬
163ddbe0-4ed4-4540-b83d-1e4db136b924,用途,用途
16478453-1d6f-4841-b8d0-d6f873ee4707,人品,人品
1649b8a1-3dd3-7a1c-4bdd-00c60022838f,革,革
164d5d6c-9905-b190-0149-ba9fa3c2477d,烂摊子,爛攤子
164eb0cc-4670-4e79-8b9c-c1e007725ef5,丢失,丟失
16525302-2f65-3790-78bc-4ac78692b309,庇护,庇護
165371c8-dc8c-47eb-9295-7839333f4f57,溅,濺
1659324f-9f69-4b6b-52f3-e72174d8a792,国民党,國民黨
165b9b13-5105-f657-6400-9683d19c977d,魅,魅
165ff418-e587-2b37-3e4b-4a68faa14ea4,晨,晨
16602f72-364b-aaa5-bfaf-8ab0035abb2d,岩,岩
1663e574-12d1-5460-356e-274de038f803,两者,兩者
16654b8e-dbf8-ec67-5571-b9206ba9ec7f,杉,杉
166a61a3-54ac-4ffb-9b4b-445928bb24df,必须,必須
166ab2bb-fe1e-45d1-a51b-49779d6c78b9,预防,預防
168970a4-729b-4631-818d-4fe2f84d79e1,预测,預測
1689e0bb-7c95-4592-b6b7-61f58ad04952,从前,從前
168a1369-e1ba-4ec1-a418-fdef55b505ed,货运,貨運
168ca17c-b18a-4f42-8292-c88a84786db7,拜托,拜託
168ee671-b16a-843a-1505-a1ace13f3a92,总系,總系
168eea6e-4bf0-4ffd-b1cc-657d2fbf2dd3,编写,編寫
16901bc0-5303-4c36-8965-a2d0b0b89863,取决于,取決於
169218d6-9074-4690-87d5-055c3d401234,土豆,土豆
1696c26b-ef36-6ea9-ee53-e15df9c2404e,位居,位居
169c5568-6501-4297-9e96-762f7f29eb66,再生,再生
169df595-e643-1516-4a5d-e07344b08410,表弟,表弟
169e4825-a7f3-4757-b1e5-ab147e95dd3c,赚钱,賺錢
169e954d-d369-43c9-8fad-21ee165c5c61,皇帝,皇帝
169ef4bb-2bd7-478f-ae1f-8e2d2db04359,总经理,總經理
169ff125-e276-6262-f928-d7bc251665d7,打死,打死
16a59091-e9fc-44be-8f9c-626e794a4958,头晕,頭暈
16aa49be-b5f6-c4c1-df6f-019c553f9ab1,挪威,挪威
16aeb40a-deed-4b2f-bc97-ed85302d1e54,清新,清新
16b98a32-5f15-4c46-9c49-dba6a71a0a2c,生机,生機
16bc525d-2870-2773-0cbf-0208e0c4ae1c,肤浅,膚淺
16be7d5f-0141-4efd-19f2-f865c7f01504,相爱,相愛
16c6b9cd-c759-4cec-a5a7-8b6c86966558,问卷,問卷
16c95d91-10a5-7e33-58b2-b473c2c85108,惕,惕
16caa12e-4ee6-8c9a-8aa1-d5cd771f38b7,脑震荡,腦震盪
16d60911-c169-a816-7be5-1ca60c502cd3,市委,市委
16d64927-10e5-c9dc-3759-a2f60d44cb44,波,波
16dfdce3-af9c-4632-b277-f6cdf00424fd,高科技,高科技
16e06d1e-8b52-4695-9c16-0ea6d2d2c494,忠心,忠心
16e3d920-23a4-18f6-0236-16b96f01c4c6,特此,特此
16e4e135-131e-4e0b-ad45-6c4d329de105,面貌,面貌
16ec8490-ba67-4c8a-a333-59c5a1cde105,医院,醫院
16f430ca-e022-3937-0407-13d77cdda677,正正,正正
16f4de57-663f-4e33-b0e2-03c795d250ba,铜,銅
16f5d5b4-3cc6-4fe2-ad7b-9ad8bb191b24,摄影师,攝影師
16fdf123-b52c-464c-a741-c4e9191c5c09,管理,管理
1708cb6c-e7b1-4780-ae78-1d76330f6a14,屏幕,屏幕
170c98ba-7c4b-46b7-910c-60d054272c17,胎,胎
1711ec52-6217-50e5-eeb9-ff16c09cdf55,强奸犯,強姦犯
171431b4-8511-4fd3-a9ab-246005b0b7ff,乜,乜
171850e6-4aa2-9293-badf-0e54f39f6397,抗,抗
171b88b3-2238-0804-7a66-bb91dc4980ea,坐,坐
171db43d-5759-4b24-9a4e-d7ba762845c6,形态,形態
171eff22-1c40-4de2-857d-422fd9063c2d,慌,慌
171f0dee-81a3-e5f7-c5b9-fb92f32d6f66,下,下
17208ebd-9aab-9952-5f3e-a81412ad5a30,践,踐
17249639-54fd-0524-66b5-98080651c36b,水质,水質
17283ee8-93b3-4708-b7d5-3a6a1214e44c,患,患
1738b898-78bc-494e-856c-fc74a9e78720,全都,全都
173a3b25-ef8d-4fc4-99f9-8e5e137c09d0,编剧,編劇
173acc2e-9040-4865-becd-0d28a0c3aa70,合并,合併
173b8b3b-06cc-4035-a854-9f7fb82bc7a5,博士,博士
173d88f4-d96c-48a4-b95f-80704c0ada28,姿势,姿勢
1745014b-800a-070b-b04f-3fe7d2f59207,波兰,波蘭
174659f8-9507-484d-ba0c-9804edced1ec,害羞,害羞
1749c586-d3b1-487b-ac82-afc8fa729887,开创,開創
175a399d-8d89-4d27-be54-6f69d14d6f00,似的,似的
175ae55e-ae96-4aa7-b9ec-407e73c3c276,形式,形式
175ca694-bd33-4ac2-8836-266476fb0c79,食品,食品
1761c4ee-840c-4feb-a231-3fc6e18549d5,操场,操場
1766e767-3407-4c5b-9c7d-0da171f5696c,模样,模樣
17673106-453f-428b-ba17-5ffd68dd9106,聘请,聘請
17697b81-be9d-1e84-4637-7f97b670de53,出生,出生
176abf30-36d9-4aa4-a470-83c0e5dc096d,调研,調研
176b93df-a219-ba91-fbf2-24e2efced063,性行为,性行為
176c4904-1023-edc5-2a4e-7c2beed38c67,卡住,卡住
176d91e4-9d37-ac7b-d165-6ad44bb0d4af,修身,修身
1773253d-2fbc-4f76-4ffd-235eb85a4e8b,涨,漲
17754924-cf66-9d81-261c-97ea12cbcbbe,少爷,少爺
17853e53-ad47-4eb6-8a06-3e650a8357a9,样品,樣品
1785fd5c-d4f0-191a-8fb1-70cd48d3ca7c,中共,中共
178a23ee-7c15-4351-acb6-2aeec84e9a80,谴责,譴責
178fd892-c7cb-49f7-8afe-2f4f7a6eb0d1,狭隘,狹隘
1792b424-ccc2-44f3-93f4-a711b64f31c4,刷,刷
179ecc06-2bcc-9b93-2ba0-cfc95ca3ba83,看书,看書
17a02ee0-f77b-187b-c5ed-8a6b39684805,罗杰,羅傑
17a44329-8c88-4d47-bbbd-476be853c479,答案,答案
17a4b511-973b-4bb7-b044-93455b61ea06,负担,負擔
17a60a4a-44c1-47b1-8a78-befd91e9bb62,中间,中間
17a84ba4-5309-5200-a789-988e15cf85c2,隐秘,隱秘
17ab92b1-2719-6bc3-9d18-46879b5a3d44,玫,玫
17abb258-199b-81a4-adce-3de162f08693,只,只
17b13fb0-0991-4525-8ae4-5a7a4a04e19b,别扭,彆扭
17b46c93-6dbc-2780-f5ba-cdba563127e4,不赖,不賴
17ba0a36-4e7d-45dd-8668-6b2778cef2b8,报刊,報刊
17c0d788-9e01-a945-5a7d-5bb4aebe4608,相符,相符
17c158de-b8dd-a939-b0a4-72033835aebd,点呀,點呀
17cc2575-7205-471d-aba8-04b78df685be,炸,炸
17cc9b3f-c6a4-2cc7-2884-0c3d43fda634,乌鸦,烏鴉
17cf19c6-1552-188e-6f79-de0342c61cb1,适,適
17d1a6ab-1dab-2f3d-ad26-7fd9d8d7f3f7,鬼话,鬼話
17d764b9-a056-dd6a-51dc-2a4dbfa774af,下昼,下晝
17e06814-0dbe-4d51-be53-9b6a80b6e471,制订,制訂
17e36eb7-d4a8-4ca5-83cd-f0c9142b35bc,鞠躬,鞠躬
17e76180-9018-444f-5a32-a72577a76be5,净值,淨值
17ee3fdc-5659-c401-3b5a-92cb2061b671,分子,分子
17ee9768-2e3b-49e6-bd48-4cd9f7fb618f,损坏,損壞
17f2d06d-60cb-a334-d597-5a8705a7de74,这般,這般
17f402f5-7e5c-15c1-6cbf-6b1dd858c9d9,率,率
17f4cd4d-347c-a8f9-15cb-1ad3938c66b2,专登,專登
17fa3770-3a77-40eb-9ca6-25940bb1634a,感情,感情
17fb75be-6104-739f-38dc-821ff35a1bbd,狙击手,狙擊手
18007e51-a4c4-4c31-9849-96b238f8e244,那儿,那兒
18062e39-d12a-4edd-98e8-515a972332c8,创伤,創傷
180811b3-db7e-bb97-2bd1-8e84cbe7eb56,承,承
180b8647-78ed-44b9-a007-60ba2ab22ce4,充当,充當
180e269f-a8a8-403c-9bd3-7ff4f5a8192d,准,準
180f6e30-86b7-4c84-acc8-0f52597c8f0a,区,區
181033a5-4130-4a75-b9ae-6336c6aeced1,精确,精確
1812d38a-4ace-9057-4828-127660f97520,伸展,伸展
18177ec7-21ca-dffa-9f02-a2f931324728,伪君子,偽君子
181876dd-88cc-478c-a229-79a459b62f02,冲突,衝突
181d91ab-2017-41d6-8095-713c3b337ddf,含量,含量
1822ade0-9aa9-a568-987e-95204788362f,悭,慳
18258fc4-4b83-4555-b236-dcbcde2a8ff1,记得,記得
1828dfd1-9f53-4002-a6d1-76806650b612,手续,手續
1829710d-476b-4174-bc22-88b7628bdefc,彩电,彩電
182a4e3d-508a-bca1-983d-8ca2a2699cb1,罗密欧,羅密歐
182b5e1b-c63c-4abb-9899-ec5ab5b31946,忧郁,憂鬱
1833ba66-413d-763e-5573-45631008f81a,过量,過量
1835f23b-557f-4337-b42e-c89c25866048,做到,做到
183bd407-69b3-fe6d-2363-11fcbe8a5f23,庭审,庭審
183c462e-d35b-cefe-3ce8-37fb1430b9b2,百分之百,百分之百
1845af49-c823-b845-6355-c42e6994588b,射门,射門
184e67c9-4b97-5647-c56b-79964b3852a4,同谋,同謀
1855d0b5-c9bb-414a-919a-ba0dadc51473,长寿,長壽
18562dc9-ea88-20de-044f-177d122ccbca,还,還
18587067-e59e-7153-5364-c45891904569,世,世
185a06b6-0b4c-ba06-bcae-3d100a280eea,处死,處死
186020b8-1ec4-45c1-95ff-c2157c8ab0b9,承办,承辦
18691284-09b7-6fbe-fff7-de9e75f93f5d,何人,何人
186a7466-1e97-4c52-82ba-a6d27ccaa7e5,纳税,納税
186c242c-45da-6a4e-a0b0-d1ddc7c5a8f1,屁话,屁話
18711901-a01a-4a47-8d52-1b6f7db073ab,真实,真實
18879823-fa0e-25d1-8104-9830b7da3d87,快点,快點
188b4ec1-6693-bacb-bb7c-372e9a0fede3,由得,由得
188df9e8-70bf-4cbf-86dd-41ea7ee45558,开发区,開發區
18949e58-eb84-3609-5ad5-37eb52de7970,鬼混,鬼混
189f586b-6b4b-4283-be4c-a167f52d2bc7,赔,賠
189fc923-ef9c-43dc-c230-4ce70e135df6,毯,毯
18a131ce-3dc7-48aa-8aee-d85d366dec0e,一同,一同
18a1f23e-7617-4089-b11e-8268ad8db575,舟,舟
18a2d348-06fa-189d-be2f-ca8e0cffb379,案发,案發
18a53d84-b210-40c7-b9bd-f3a649fd8534,活动,活動
18a6aa40-791f-45a0-962a-99433255dbc7,迄今为止,迄今為止
18a9adfe-e6e6-4d2b-b74a-4039afa10174,桃,桃
18aee0a3-e7ba-3cf4-9b29-24ad7f666659,十万,十萬
18b3960c-142f-4264-9371-9f94bc160946,阶层,階層
18c554f3-d6b3-4d72-8711-efe170eb14ad,灰尘,灰塵
18c615ca-6e18-4c89-c4d5-3ebfdadec6db,因果,因果
18cb8bcb-01e5-4e37-9487-487e16e3a206,收,收
18d138d4-2ec4-4381-a35b-b4906e26f90b,心态,心態
18d427ce-ac46-4685-963b-0da569080004,抵制,抵制
18da7d44-717e-7047-f3c2-b99a76ba2260,牛肉,牛肉
18dabca4-2e07-45c1-8188-d8f1c111d42d,输送,輸送
18dce0d0-36c2-beff-8daf-1ed8dc35b04d,你呢,你呢
18eabf9d-a800-6f0b-374f-d1a8c3b29ed5,颤,顫
18efd821-aa7f-57e2-9625-49e06328fe93,托马斯,托馬斯
18f33d15-972a-4700-a5cb-66fbdd95682b,创立,創立
18f7079a-a73d-413b-900d-75c31b7b8a29,快点儿,快點兒
190081cd-d856-414d-a7e0-2e5b5d1142f5,扶,扶
1905a991-e6a9-4363-ad6c-9d1e94585aee,生理,生理
1906466b-7e0e-4eb7-866f-8e75a75d355c,渡,渡
1906c3c7-b661-46dd-bd76-cb887dff4afc,首先,首先
190f4359-c23c-3e50-02b2-19c22ceaf154,谬,謬
1913586a-8af6-fd71-81b1-fe7dc9811c62,三月,三月
1914ced2-d43f-411a-a56e-6309174f2b82,上场,上場
191d9e72-ef7b-3e6d-b48a-4d85d5f677da,睡衣,睡衣
1921d926-03d3-dda3-e882-ee730bbb668e,英尺,英尺
1922031e-b021-14f4-4683-18f704cf941d,百万,百萬
1925d528-f321-437a-bd67-dc3e1dc9fe12,一般,一般
1927d3cd-e3aa-4348-ae7c-15a203730f1f,报社,報社
19295854-92b1-45ca-81b4-77cb5ed332cb,换取,換取
192f821e-43af-43e9-8ec4-a288d118ec6a,沙滩,沙灘
19382509-898e-4f96-ef2c-d58c2a512c4f,噢,噢
19382a54-9de8-429d-ac85-42ea1c3ebc9f,办事,辦事
193a78bc-c3cd-65c3-6a0e-c6a9ea532a0f,杀人,殺人
194196e3-d227-423d-a0ff-f1aca85fc533,完,完
19421989-8257-6953-a61c-25e9ea7a1baf,化妆品,化妝品
19452fbb-bcd8-460d-a7f2-3bd9bdb458e9,丰富,豐富
1947ae61-694c-6648-9fd2-ebd3dabf2c61,霸王,霸王
1949502e-1478-49dd-90e5-c62844c027d1,拍照,拍照
194c1cfb-c8d2-4db8-8abf-9a0153c97aa8,后期,後期
194caf05-51c0-4824-8efa-1dc4974ad1a4,谈话,談話
1959ab7f-b68a-a2dd-5523-42819f48db33,纪念,紀念
195e3ec1-4e64-48d3-2ebc-5aec1171eeac,架构,架構
1962c329-7ffe-45b4-b741-05862853bc6f,金牌,金牌
196a6111-50a2-4b82-9e17-a60def8fadb2,打交道,打交道
1973650b-beac-2387-1fe2-9295f6bf4a55,后,後
197948da-3e47-092a-a927-7824f3192c6b,杀人狂,殺人狂
197b27f9-018e-73be-81f0-c59e4403482e,全国人大常委会,全國人大常委會
197c7109-044d-4c53-ba8f-8236840528d2,墙,牆
197db08b-ad92-4832-8bdf-d6a76af79052,用户,用户
197e07fc-f4db-fd32-e449-08fa398e7a06,力学,力學
197e2808-569a-4248-8db3-a65a4450b148,织,織
1981e970-4eb4-47b5-915c-514c3111128e,惭愧,慚愧
1985bf5b-eeb4-71d4-6b45-38e5c44a6bef,对上,對上
198c2b7e-1ac8-49a6-9acc-1131a732a0dc,绘画,繪畫
1993ec22-abed-47a2-8586-984977eaa5d7,转化,轉化
1995674c-b080-3ef2-4914-73bd2b63412f,雕塑,雕塑
19985be8-c230-1171-88a2-66449e442c70,即刻,即刻
1998de63-dc57-4f3f-b022-a05f4b4b416b,一共,一共
199ca497-ac03-405e-9f72-6c047b897e20,明日,明日
19a170a2-1876-04f1-f060-277e5df825ed,漫步,漫步
19a72258-a2da-4a5a-8540-42b60185becc,症状,症狀
19afaf10-e9f9-d85c-521a-597fc51c1653,工,工
19bfa8ee-f155-b4de-fb41-e22ce2306d7a,炉,爐
19bfaaf6-8b9a-5659-ab53-30a66adefe00,吖,吖
19c2e752-8f5c-41e7-84ae-6e3501d190ee,败,敗
19c4f078-6007-cfd4-7de0-501f5f8541e5,尽兴,盡興
19c8654a-4217-4ded-a279-28ff225ed66b,富裕,富裕
19cffa4d-6fdb-9bc2-1d1c-2fb1e5fc54f2,教,教
19d28c26-52ad-4260-8e97-2c87134461d8,古典,古典
19d8a660-ae79-49fd-acf4-e494b747b541,明明,明明
19df235f-23f4-4466-b851-ea9904b7550f,品位,品位
19e70c43-dd2d-41c7-93e9-34d0af250d25,印刷,印刷
19eb1311-deda-451b-b92e-37373b741f6d,客人,客人
19ed4d2e-9e70-9737-6798-0345f31b2fb0,产品,產品
19eeffa0-2f9c-4c70-acbe-b8cc82df0ec9,望远镜,望遠鏡
19f19469-3f56-8d21-089a-66fb19ac6697,妒,妒
19f2de7d-8eac-090f-dcdd-ed44aec874bd,削减,削減
19f8a03e-3608-a93e-4bfc-eb06be77b091,凹,凹
1a05fff0-72b7-488f-b995-71d5249c2f6d,常用,常用
1a09939f-e03c-4e50-b621-da970e7d951b,白,白
1a12d4ad-e1ae-4be6-be8f-9f022ff89d2d,龟,龜
1a151a73-8f85-4a63-8ac5-98515b3549cc,回头,回頭
1a26a9ba-b79a-d95b-d916-6eecb092f7f7,以为,以為
1a2816d7-e0de-4d89-be2b-c2c3ac63aa7c,特别,特別
1a2b82bc-d4a6-5845-1296-118d7ecbd223,贩子,販子
1a2de022-9bc5-f8fb-b01d-9229875519de,留住,留住
1a33b6bc-a13d-4c4e-8802-e18545340d05,急忙,急忙
1a46ce45-2c35-dd03-aa2a-0f5b72149edf,登场,登場
1a4be0ac-f15c-c72b-daa9-207ec91a95cc,蠢货,蠢貨
1a503507-86da-4f5e-4d5a-4d127090887f,肤,膚
1a51b537-1a87-4b1f-be19-3f490a226285,老年,老年
1a557e8d-b164-46eb-bd6e-640f5d88cf83,上次,上次
1a595643-943b-051a-8bfb-9094035b9d6d,满满,滿滿
1a59b406-6ef8-3bec-d670-95cde6efad84,鸿,鴻
1a5e2c5c-aa6c-44a7-b8bc-240cf4b06eca,肇事,肇事
1a5f791a-9cc2-4ba3-9467-4e6935352502,协作,協作
1a6308cb-c6ad-4c79-9314-0184f794ff40,回应,回應
1a6963ce-7824-4cad-8b03-fb5386f1585c,马桶,馬桶
1a6cd6a8-3a38-2d85-a2a8-92d95dde44b6,十一,十一
1a6e13b6-589b-49b8-88a7-e2700de8b5b6,拣,揀
1a70b1f3-f3aa-6cc7-ee53-514a19493c8a,福尔摩斯,福爾摩斯
1a76c227-fde6-fab9-d0f2-dacfe4afbb53,穆,穆
1a7ec2ff-01e4-b600-f181-5c9e70704f88,又话,又話
1a8e4542-3494-0b91-54f0-53c011d733f2,恶魔,惡魔
1aa0c677-108c-4fdd-8ace-fbcf85b21acb,抗议,抗議
1aa6df32-d138-3791-a3ef-499b51777e8c,出自,出自
1aac59ac-4084-4d00-8936-57aae0713732,猪,豬
1aae4802-9a85-4963-841a-df67f60a1816,垫底,墊底
1ab3446b-701c-b10b-e846-0fddcfbd2faf,教区,教區
1ab3ef7d-41d6-49bc-94cb-bf888f08f7cb,远,遠
1ab54376-434b-44cc-a6c3-74ce35fc4b22,轮流,輪流
1ab75cea-9641-e155-8ee9-705ab5f944dd,正经,正經
1ab9fd6f-7a24-b4c1-aadc-1c83c7dca79d,出去,出去
1aba903f-8302-42b8-88ef-5ea83ba2c72d,疾病,疾病
1abe42c1-48c3-4b88-832a-daea1f78aa10,安排,安排
1ac17285-af60-484a-9bb7-69bfc26ef0d7,诚意,誠意
1ac89741-405f-4392-8e2d-f41bfb00de58,主题歌,主題歌
1ac95896-cd67-b15d-e20b-f16d533f1f94,冇,冇
1acd10af-462f-73b3-2c38-4bc824a7e42f,历,歷
1acf4a96-1c7d-4472-bfe3-8c79f6ccf750,细腻,細膩
1ad1465b-7144-6a51-a2b9-84cdd3228ce4,沈阳,瀋陽
1ad519b0-5d37-92bd-e978-55256f9c68ca,啲,啲
1ada4171-0b5e-f53a-6916-650b48633353,百姓,百姓
1adb645b-bb5e-dcaa-7837-4c45f5337339,渍,漬
1ade4f50-5029-44f8-9252-67aab77ef59d,上司,上司
1ae049ae-7ea9-4825-980b-9f5c5caa1e84,播种,播種
1ae37314-4c4c-dca6-bdec-4a240d38551e,坏了,壞了
1ae64fd8-d6e9-051f-743c-2692d9181cad,抽出,抽出
1af296b1-ab08-955a-9427-e303d7bf5759,河道,河道
1af56100-86a6-4b13-9ec5-0a2fb1e1e840,刚,剛
1af787dc-cc88-da39-0fcc-09d877c72a70,舰队,艦隊
1b00c86f-c238-4798-8237-b42d7afa7cfa,公顷,公頃
1b01adb6-4837-42b2-87f9-8ff8886d680f,电源,電源
1b04b595-a607-4c4a-766a-9f93c7ca16e1,绍,紹
1b0abfa2-6371-2c6b-ba7c-6fb4dcd4c96b,叻,叻
1b0b9beb-3289-3e2a-4bce-2457b349867d,威尔逊,威爾遜
1b0cacea-500a-4f82-ad0e-da074a5a7403,举动,舉動
1b0ee2a9-304d-40d3-8fc2-c08f7c8c97b2,主意,主意
1b0ee5eb-727b-4138-bcf3-d733be1419d7,账号,賬號
1b113a2d-bf2c-45aa-9091-8ddedbe77084,证明,證明
1b1222a4-18c9-45c3-9453-76cb4866aabf,学位,學位
1b18b13f-e54b-0666-b605-94704bbbe5cc,羽毛,羽毛
1b211a5b-8de1-6de3-918e-d9e7c797defc,派,派
1b213c0a-5aa9-f4d7-4e20-cea831abbbeb,萤,螢
1b23f391-0e81-41be-9b19-a0b1e3e8e7da,乃至,乃至
1b2492f3-1854-97bb-29e8-3400efbc1e2e,哼,哼
1b255e70-7fcd-5e71-2da8-95c28c382bd7,肋,肋
1b261666-9917-4034-8ed5-e631f00ffd70,论述,論述
1b282702-ac61-eb6d-9b54-b8dc7e0baa11,悲,悲
1b3479d5-695b-f8e8-1b8b-79d3cf9b06e0,圈,圈
1b350d31-d68d-4c69-9b60-a16e1e49096f,周边,周邊
1b36d69a-7011-ed83-88ca-8f48c9f59923,中原,中原
1b380e4d-0431-d3a9-cb3d-ca2e53a23a51,知识,知識
1b38b0ad-704b-4927-90c0-8bf1b863c03c,王后,王后
1b3b25ae-d1f0-6bf2-7fa2-db7d8d215fea,显露,顯露
1b45a115-7761-469a-bbf1-cbaadb001d40,埋葬,埋葬
1b46f5e2-33a0-41fa-bf37-4927fe622dc1,路,路
1b4c9cc2-0d25-fda0-7581-eb58a2bc247b,农药,農藥
1b563112-3a4b-4dcc-8442-697c976b0890,这边,這邊
1b56e364-a88b-3557-9d1f-5c8156221733,雨,雨
1b59c5ef-0bab-4d67-9b59-560a93ec2606,相应,相應
1b5ccc50-5c31-490a-80af-4d50889d2f35,发动,發動
1b61ad59-d5c4-d02f-8ff1-ba67e24d0534,暗暗,暗暗
1b64dd40-029a-89ee-dedb-921eb50c71cd,妈咪,媽咪
1b6e6fbb-bf67-cd8f-d105-4fa01d1ba1c1,柴,柴
1b749ccb-697e-4ef5-aece-23a6ea94de9b,熬,熬
1b76581d-2a66-4d00-b72d-00ba570fcce4,半途而废,半途而廢
1b78a4cc-84f4-43d3-b878-449cb36013dd,失效,失效
1b7aa1eb-87a1-4674-a0fb-b3098353cc18,顶尖,頂尖
1b7c7926-38da-48b4-ba87-0cb4b4eb33fa,讨论,討論
1b837e7c-302c-c991-b389-562b7658c108,微软,微軟
1b9d445e-1eda-4aa4-7ac6-15c8292e42ba,缓,緩
1ba26d25-9897-7a32-44e2-9930eda7417d,鲁迅,魯迅
1ba52dbb-ab78-63ef-6c8b-5a24939d9b41,儒,儒
1ba60276-0b86-fb35-0a44-97d5242ce0d6,鬼鬼祟祟,鬼鬼祟祟
1bb1462c-aa75-b89b-5638-19bc9f9d7e83,男子汉,男子漢
1bb33564-b95f-48bf-a8d6-51c33f1c788b,动,動
1bb68fd8-4a85-4623-9e08-33f5db3880f0,高效,高效
1bc0c4ef-bf56-4022-be56-7772c3e71e57,如一,如一
1bcafd35-15a7-4537-de20-0d916ea746a8,十字,十字
1bd116b8-85f4-43ae-943d-0658d0431ef1,停止,停止
1bd1ef68-5958-14ae-1e45-d4656141877c,北美,北美
1bd33d60-8a1c-49ba-9c03-b1b1f78b243c,精华,精華
1bd56a5a-0434-4c19-8f11-d2db5a5e5e74,早就,早就
1bd5ef6d-abc9-43cd-b73f-233a0d1e1546,话题,話題
1bd9477b-b7c7-3154-26e4-650f872c1d1e,错乱,錯亂
1bdbd640-a20c-e13b-e1af-86507f38d569,淮,淮
1bddb670-4251-4ad7-9778-8d003b33d0b3,监控,監控
1be3823f-2391-6bb6-25f4-d8750fcf2bab,诞,誕
1be5bfd7-f5a1-dfd5-6357-62911ad13ff3,理科,理科
1be5ccae-efe5-47e4-b2ca-04be4ef752aa,足,足
1be92b2b-de56-4553-b9e8-cb5db29fc648,注,注
1beb42b2-541c-e823-5630-96319a482766,王朝,王朝
1bf35a18-d75d-46b2-850f-de9b452d98e6,庄园,莊園
1bf9277c-3920-4dd1-affb-d1b04aa656f6,的确,的確
1bf98ba7-a261-fd60-7ea4-d9fdf41c3a82,大号,大號
1bfe218f-bad2-5394-8140-b3378745a46a,唔,唔
1bff144f-4786-4628-9212-0a96b5fe3e79,接触,接觸
1c00e2ba-dad3-426a-9fcd-b4dc59305fdc,曲折,曲折
1c011a34-98a7-4446-ab01-8b792512bc76,那边,那邊
1c026da0-fb25-4678-b5d7-90bc719c4ab4,暂停,暫停
1c07ef40-27d1-4eff-87d8-9a0fa92ed141,哎,哎
1c0a6c79-4c4a-141f-e755-236447179477,嘻,嘻
1c0d89c6-6370-4a34-92b0-66c5a427babf,跳跃,跳躍
1c0ef701-0edb-4068-b01d-afae625e2b73,逮捕,逮捕
1c15d9c1-d6da-4e11-8f9f-8de6d928c914,这样,這樣
1c175c93-3f90-4e35-b164-b15613c508f1,乘车,乘車
1c1ba70e-e66d-efca-3f0e-789212e63c66,有多,有多
1c1eb43f-dcfc-4654-af4a-4de5311458ee,除外,除外
1c233442-fb2a-4396-a93a-caca42d2bf1d,认定,認定
1c2511eb-9584-4a1a-b413-a9a462d173d4,股份,股份
1c2e15c1-68d2-4178-a101-140027f6b4e7,哲学,哲學
1c3174c2-7f40-7767-2979-58f9af42f810,荣耀,榮耀
1c376e91-7f8a-0c64-15cd-3d76125cfc28,武林,武林
1c399308-d551-7958-95f3-9de398aa6916,咖啡馆,咖啡館
1c415bad-1ad8-41d3-aae1-3fa96b9b5c29,遗产,遺產
1c42fc11-6048-8f99-f7a6-445089e96c82,嘟,嘟
1c4fbbcc-f8dd-4c2c-9275-a47e5b8674b5,施工,施工
1c55f262-7c01-4a35-81f9-f57a277824d7,下岗,下崗
1c58b6ca-4073-3a01-a318-159342711da4,未婚妻,未婚妻
1c607033-049b-4800-b88d-97755c19a3fd,一路平安,一路平安
1c65df6a-111d-40e5-b5ec-16933e9c704b,柴油,柴油
1c66683a-8a48-3373-6fb3-87df9ca97637,违,違
1c66f8e0-e84f-653d-1a2e-b68f7d5212fb,感激不尽,感激不盡
1c6927ba-14b5-41ea-8443-142fb28cc339,渗透,滲透
1c73e015-3c60-2207-e7b9-eacd0f0f0df9,撼,撼
1c78f1ea-ebe5-49e8-a40b-2916972da1f5,阻力,阻力
1c79f0e1-db03-8a9d-06ec-6325dee7e5b3,硫,硫
1c7bc06e-84b7-4213-a690-912992801629,签约,簽約
1c7c2a06-93cd-45ca-8715-b20333d112b2,重新,重新
1c7c536f-1722-4ed5-848e-c5e06fe9c12e,到位,到位
1c7d1365-c53a-44fb-8cba-d298554c3d29,伸,伸
1c82ffbf-8ced-4819-86a6-9bfbb89fb188,山,山
1c89c7e2-706a-479c-a3f6-598dbe97df22,就嚟,就嚟
1c8ac3df-22d4-4982-b7ec-d2994bc544cd,区别,區別
1c8c8476-7865-e262-8ef9-c6abb57ad529,怖,怖
1c8e25db-1db6-4ef5-b0f7-43a6d19c158f,付费,付費
1c9540e9-454d-2194-189c-e5a5b393dcb0,饥,飢
1c96252a-73e4-8352-7cc6-a1d1b2f91757,辉,輝
1ca61e2e-b0b6-42d6-9a14-9acf54e871ac,廉政,廉政
1ca77a63-f4da-8f7c-77e4-669c407aab84,留给,留給
1cac416e-52b2-6a33-a6dd-8e84e319cf56,无处不在,無處不在
1cac9cc4-c483-4ff2-b4e4-3d66eeca902a,培训,培訓
1cb41023-cf9c-4372-8dd6-340fe00cabd5,呼声,呼聲
1cb5fa07-d6b6-e83f-84d0-ad1cdddf0765,钢材,鋼材
1cb6e555-e729-789d-5efe-6fd9ee8f1514,九成,九成
1cbeac32-403e-4682-942a-614e0f74a49f,哈哈,哈哈
1cbec5ba-b4fa-4c6d-91e8-ed2fbd1a7c1a,层,層
1cc331cb-0037-4ec5-9cae-ae605a00d622,之内,之內
1cc33fd6-d762-41f1-a229-5dab1e792b23,中国,中國
1cc5cce3-daf4-ef29-c3bb-ccdf7db76e60,海选,海選
1ccec0f0-233c-21ca-801c-3bf6fcbb8694,有道理,有道理
1cd663d2-9f9f-47c1-ad03-a15bfde670d9,书记,書記
1cd6ef0f-ce15-405d-a186-b673acb14ce3,高涨,高漲
1cdaaa69-7bbc-8c18-ff41-f5236e359a6d,几多,幾多
1cde3f87-6323-c2a2-26bc-a4ab0647cb9e,个位,個位
1ce80a76-3389-4165-8966-79d5f3beddd4,中医,中醫
1ced5d4a-9234-4acd-b5b5-e1c9461fd964,致敬,致敬
1cee0cda-78e7-456a-9918-360b12aba060,同伙,同夥
1cf2d2e8-9fbe-6369-f94e-7c780e5a1e6c,友人,友人
1cf3015e-dcd6-4cd9-91ab-2c3ee113ffa8,高原,高原
1cf760c4-7e83-b68f-2780-87aad26d2f8f,简约,簡約
1cf82fca-9a29-054c-c8a5-4ee6b83a91e2,驱,驅
1cfa2485-a620-4429-a5f1-8feff02f7a6c,笑话,笑話
1cfabf63-452d-f2e1-0876-e65d03dce99d,争辩,爭辯
1d0164be-bac8-4b22-92ba-5f51f183b43d,痰,痰
1d11bcc3-05a0-4602-8f51-f5703700b3f5,身心,身心
1d11dff4-b5f9-47b5-af39-67aa883ba0d0,放学,放學
1d15d524-4c47-414d-ab87-ea29bbc29a62,元旦,元旦
1d1fed96-0580-3a51-134d-4e53137c2ef2,伙计,夥計
1d25c453-469e-5d09-51a0-5414f6a99183,卡拉,卡拉
1d2a10d4-f577-2b46-0de1-05ed01e92442,室外,室外
1d2a9636-99ca-a110-1170-9379de9696da,苟,苟
1d2a9751-a331-4654-ab1a-f211fd577162,很,很
1d2db88a-950a-9527-89d4-21e59f3c2f7b,三峡,三峽
1d389ec9-f111-359f-a873-ef885fb911b1,上年,上年
1d3e28aa-f855-4a0d-a760-33c6142e6449,心中,心中
1d474dd5-ff19-443b-8940-4c5d66cefbb6,主义,主義
1d49b748-0624-bcbe-ef1a-ff331ff44d95,刊,刊
1d4afca2-b2c6-4b7d-a1a6-5e30ba4efe8e,铝,鋁
1d527f00-090d-46b4-8eb4-db09b282410f,处境,處境
1d5caac7-285a-ef04-c172-aeb1ecfc909b,约翰逊,約翰遜
1d6090a7-0d5d-45f0-9927-7254e371bf34,慷慨,慷慨
1d6165c1-1086-5c0d-81b6-43a431d06804,纳,納
1d623b81-e52a-4bcb-98b9-b93323278658,莫名其妙,莫名其妙
1d633b89-ac28-4322-8415-a5eae1134c0d,尊严,尊嚴
1d656ab4-3b58-8aed-1bf8-0af4d832b588,疏,疏
1d6663eb-f4ae-004f-4023-e70dcb0016ce,倾偈,傾偈
1d674069-3db7-418a-accc-ffb6877b9c02,作者,作者
1d6bf394-9be1-4220-a934-efdbb3ab1857,自我,自我
1d6d1e9c-2cf6-40b5-8d46-aa102cce4ce6,地毯,地毯
1d71cb19-a0b1-41a2-a370-0f493fe723fa,豆浆,豆漿
1d75b587-eed5-4f83-b2be-f88061f2e9ec,企业,企業
1d7acf68-e628-4056-8faf-bbc8fef08735,民众,民眾
1d819bac-cd25-42b3-8339-5c02762baf99,代表团,代表團
1d88313b-2e4a-46bf-a213-957ecc16a0a8,人情,人情
1d88c395-dada-3501-5a19-5254dd86c4c7,打响,打響
1d89e2ca-8785-4ee8-bf17-7bf498b9a0ad,闭幕,閉幕
1d9120f4-a7f9-69a4-fc78-47d44ee6b9f5,唔紧要,唔緊要
1d9338e8-9ae6-1de8-d20f-5a40478f63ac,厌恶,厭惡
1d9587e6-c50f-403a-bdd5-7a612c3128a6,运输,運輸
1d95aca1-a975-4b65-b3a1-8b4e2f25641d,基本上,基本上
1d9794c5-8678-4108-ba0e-53d73a866b21,动人,動人
1d989d3e-aac7-46d1-8e8a-1e3c72259e22,棒球,棒球
1d9fc3f2-240d-9cc4-498c-c563b3c4872d,锌,鋅
1d9fce3f-cc34-2e2e-f505-905fe09e8ac3,离地,離地
1da1340a-81d3-c0f3-14b7-36f825075d40,毁掉,毀掉
1da1a6e8-6384-70ab-7bba-199ac4fb68ba,放荡,放蕩
1da6dfab-f52c-49a4-898e-1b4ce3c9243c,苍蝇,蒼蠅
1dac8ac9-f947-43d5-939f-96a678f82e33,野炊,野炊
1db22e37-7cb7-43b7-a147-11ddf006c71a,溪,溪
1db4254e-7396-2826-5c6b-eea9a10361b6,七,七
1dc25326-19f3-91ca-7f7f-06f486194264,一刻,一刻
1dcbe18c-095b-45ad-8d4c-a39a63c27dd8,平凡,平凡
1dccd3b9-15e6-4936-b4f3-60ef10a08ad1,简称,簡稱
1dcf0d1a-a5bf-4ac9-a2bc-2895aa453659,增添,增添
1dd10d17-fb3d-50b2-6d4c-cff7e895174e,切片,切片
1dd59f2a-189e-4bf2-b87b-561616dc104b,霞,霞
1dd825f5-bc13-290c-c4d2-825f1dcc04c1,刹,剎
1de59973-cf56-d367-923e-6c35a82ec164,二级,二級
1de80514-67df-ea02-f35e-9335f750052d,旧时,舊時
1dfb211b-9304-480f-88c1-bd8c2baca60f,劝,勸
1dfe84ad-bd7e-19cb-42da-416c98f2aba7,适,适
1dff7066-79a3-4bb5-ca81-a7b2c70d3c09,睇,睇
1e0723a1-e79d-4dd1-9b2c-fc5c32f7d3e8,有事,有事
1e079b39-075e-9b53-1cc7-2eff35e33cff,视,視
1e0f6e33-bbc0-41a7-b61d-1696966890bd,浓厚,濃厚
1e11d8f9-399e-4952-aed8-5b982666bca5,视线,視線
1e139468-4c85-49fc-bf9b-93a04e00bc6a,配合,配合
1e18f075-18e8-4d6b-965f-b14432953739,颁布,頒佈
1e19efee-4bb9-4c7a-82e2-d00cae185d5c,名义,名義
1e24bf91-1712-4f71-8c1e-3946526968b6,吸,吸
1e25e4df-24bc-4144-9bea-6668862dcd56,挖掘,挖掘
1e29905a-ddda-4ffe-9b9a-f20488520734,反感,反感
1e2a710a-5e45-1ee8-069b-91794c0ffd83,朗,朗
1e2b5b16-8d14-b655-de8f-fb1e0c259e89,贵干,貴幹
1e2f473d-cf4d-18f0-5553-4d1dbd267f89,不嬲,不嬲
1e34938a-c0b2-aad8-72c7-393a4bc62592,决斗,決鬥
1e3ac224-778d-f655-ccea-b76af6e46a20,后生仔,後生仔
1e406cf8-d58f-4bf0-b469-aa72d9017eb9,自豪,自豪
1e40f9e6-82ed-a1ad-1c50-31bb2408199c,酿,釀
1e44af85-8fd3-66b2-5736-04bab5663fb9,掌控,掌控
1e481ca9-f0b1-4daf-b221-2eb6660738f9,别看,別看
1e49a07c-9642-4a05-ba1e-cbc99e247945,降临,降臨
1e51e499-7288-5215-5337-42d6eaaf5999,箫,簫
1e526905-05be-4fb3-be59-0f0835e2ce14,掐,掐
1e5b889d-2cee-4434-8e63-43d09292373f,海浪,海浪
1e5c5eb8-0dd6-4f8c-864f-a1715cb6524d,典型,典型
1e6014b9-7a19-49fe-ae17-0ee983ae2250,纠缠,糾纏
1e60e871-dc35-c9fa-11c7-c9d1276e769f,系统,系統
1e62ee55-fca6-4272-bf11-8c8e80969c23,正面,正面
1e66ef82-c6e5-42ba-a1b2-3b7ac364bd6d,亲情,親情
1e6a887c-6450-64f6-4a87-8fef649962e9,均,均
1e7766ce-48aa-4ad8-5fde-e865c1f8bc85,瀑,瀑
1e7bf60c-22cb-84db-56a1-6be59ffbbdfb,确系,確係
1e8f315b-5593-4aaa-b5aa-b4d7428376f2,作风,作風
1e922be8-e04d-a139-b281-46ae44f2b4ad,稍,稍
1e93670e-eb7d-4f29-9cf5-f70173fb6633,公益,公益
1e963be7-abd3-05a6-2438-374fc6ed835b,以嚟,以嚟
1e980a67-fde1-4c54-9786-4b43539f4b53,主任,主任
1e993e63-e88a-4863-810f-ebb953c16ca1,鲜花,鮮花
1e9b5855-a347-4e63-9359-f02fd468e91d,寿命,壽命
1e9cf9c3-777e-44f0-9273-c94258d92955,夜班,夜班
1e9ff1a6-183a-defd-5158-f3dc90fc2e81,南,南
1ea2f266-2fb8-ef06-0069-4bed4831fcb8,四分之一,四分之一
1ea49465-3e93-4e5e-8aed-9d08046b0a8e,跟随,跟隨
1ea51660-7e87-826b-eb58-17dd65603ace,十二月,十二月
1ea6ad7a-7b48-f62d-b0c1-5c5317b52ed1,流放,流放
1eb1d221-d68e-47bb-8911-ad537486a5c0,歌剧,歌劇
1ebbf213-4160-49b3-8b63-0774aeb55125,掩盖,掩蓋
1ebf8489-89db-9ceb-870f-039c4ff5ea38,一众,一眾
1ec12e44-9404-f6c7-1c8f-f41035870697,衍,衍
1ec7ab1f-fa69-8dad-3f84-4e059406a0fc,领,領
1ecc55bc-eb63-6b00-88b7-93016239a798,看守,看守
1ed12c06-8a0a-3c59-47ac-58814b4611e7,舞动,舞動
1ed9d7f8-dc7b-4fc8-aa5f-9108d4ec7f96,失去,失去
1edf75d8-a4a5-3c8b-f77d-970e124d880f,制造业,製造業
1ee54ecf-3570-9fc6-2f96-eb7e9f8acc3c,渺,渺
1ee75fa4-b7f8-2630-672d-acbc45ad13b5,华为,華為
1ef28344-52ac-4bb7-9ba3-6e5fad6ef72c,行业,行業
1ef3f768-d320-6352-08f6-bfe5c0e58334,都大,都大
1efda60b-8b1c-439b-afac-7cd890c3a0c5,赠,贈
1f059fca-7acc-6d54-7889-1db79ac610df,维,維
1f07a473-4464-4a9c-b102-e17ccd4ab872,时空,時空
1f19a207-8bdd-a70a-7b94-a6cf20f8bee6,红星,紅星
1f1ebb02-bb10-4985-b889-2a1fee545dbc,国土,國土
1f1fc361-b058-ad67-f007-201b74df41d1,话咩,話咩
1f268a12-2634-40ce-b47e-75b9ebbcadcd,定价,定價
1f2aba6f-488a-833c-0fbb-f251d6088e07,分心,分心
1f2fb8b1-adc8-4919-b0fc-99a7930b1cee,同步,同步
1f307c8c-cf9f-42d9-9376-321568a61d74,无数,無數
1f31c769-3222-438e-961e-bd6a1b27588b,风波,風波
1f3532ee-104f-4533-88ca-40dabd09b3ff,账,賬
1f3ebbb5-540f-7718-e070-d7f581271cd1,链接,鏈接
1f3ebbbe-a4d7-4d5b-90ab-c25e6530100d,悄悄,悄悄
1f425ace-9b95-8a6c-553e-9a82ad501e8b,系,系
1f566eba-e4e2-4ecd-a8de-4bae2602c7a5,原料,原料
1f591826-76b7-f29b-107e-6e8e4eaf9791,是的,是的
1f5d9002-f451-6c34-3c82-c0800d857619,杰克逊,傑克遜
1f62b1ce-f149-ab1b-be4c-53f04b22ad1d,芙,芙
1f62f226-a242-4b73-92ba-5f95212642b3,不愧,不愧
1f640cbc-606c-6c9d-f2e6-acf898107ea6,品味,品味
1f64db6b-6658-4ced-8a46-24ccddaab678,绑,綁
1f665680-dbf1-a808-5ea4-9ebb0c75b6f4,僵尸,殭屍
1f6b2f3b-2a62-4618-988c-d0195ac43ac6,重复,重複
1f6bd207-ce1d-41a6-b223-33f3108aee52,有用,有用
1f6d1173-6755-1c46-e647-e7aa9a7a1cf9,攰,攰
1f72975a-b72e-4ac6-b1b7-922027f46ce3,出众,出眾
1f73e0a4-0eeb-4009-8b40-3a42309f8cf1,担心,擔心
1f7645e4-b328-182c-0b4f-2b0b441ae64d,脱光,脱光
1f7708d8-1fe5-07aa-7ff0-dae39e6b0000,保住,保住
1f79d726-32e9-4960-9d01-5991806b37fe,务实,務實
1f7c0964-97e5-405c-80af-a3d11cf6c911,柜子,櫃子
1f7c5af7-36c6-8972-2071-1bfb6651d770,供,供
1f8300f8-0eab-421c-b37a-d8fcb33f4153,竣工,竣工
1f88021c-3f5a-4e68-a9ee-27f17858bad2,中央,中央
1f8a4ef2-6901-4c1d-b4f0-51f56a4bcc0c,流失,流失
1f8cc9f0-421c-3db3-e8b8-b7793d8019d8,大笑,大笑
1f9597b8-c1a2-4a17-99d9-63e7ecb0ff70,经贸,經貿
1f9863a2-6354-4efd-9c27-a76c2e850720,夜里,夜裏
1f9bb275-3ef3-42d6-af53-d4d6029276ec,晒,曬
1f9bea41-61c2-26af-ae6d-96312e2e446c,赶走,趕走
1fa3307b-7012-4a19-b6e2-a9bcd6810a2a,打断,打斷
1fbbbbfb-4916-e6c6-4890-1c112f355812,仕,仕
1fc07085-eec1-498c-a166-c0cb1297de3e,走路,走路
1fc3d126-f01d-fae9-4a75-d623e7ad220e,纽,紐
1fd435c2-23c9-14d1-22e2-d4deed1dfb51,差人,差人
1fd4fd53-68e5-4b02-bd25-a14f7d3f1490,直至,直至
1feb740b-88df-4e1d-bd00-ba00b21294f8,干什么,幹什麼
1fed0646-ee66-8d07-efc6-1ee18663ccb7,发展,發展
1ff2e585-208d-4916-b0fa-e6301c8a65e6,支撑,支撐
1ff56730-81f2-4d2d-9180-6847eb064acb,生气,生氣
1ff5877a-80d2-30c9-d8ff-2227ddcd6047,头像,頭像
1ff5d461-fd93-4bb9-802d-7ec7b919e083,显示器,顯示器
1ff62b61-61eb-aaa2-987a-0cdb44779cfd,彩排,彩排
1ff9702e-fe20-4f91-bba5-2c38cbd60181,快速,快速
1ffab192-1ab2-42a8-9cb4-00599995a0e6,什么样,什麼樣
1ffba1f6-8bea-c77c-3afa-509bf2609489,凶器,兇器
1fff87de-26f4-23dc-edd4-25ae4dd88a77,食烟,食煙
1fffdf94-a3f6-f43f-3fce-7b77845223d5,加密,加密
20068fba-d061-4fb4-bc6f-ecabc2fff353,使劲,使勁
200cd4b5-2d2b-9ad1-5394-f7cfa0af2c93,促,促
201eb8a9-c007-4d88-8227-3f7a3d1de3da,提前,提前
202889f1-2fa2-1c1d-21a8-038040f90c7e,片刻,片刻
2028d8b7-0dab-c3d1-935f-fdfca7d78248,非典,非典
202ce647-7eda-ea99-7881-bf7dd201ef49,谋杀罪,謀殺罪
202e17fa-cfce-41e2-a7b3-f6794cad020f,有利于,有利於
20325182-4488-431a-b7ae-34b1cdf277b9,施展,施展
2034013b-8bc9-4f4b-afa5-f20d2e32fde9,寝室,寢室
20353b7a-81c9-41de-9674-c17b578b1fbd,心里,心裏
20365cde-58a6-4a66-897e-6b934e88becc,辅助,輔助
20386f19-a66b-432a-9ae5-fe704ee9e498,野营,野營
204cc68e-391a-41dc-a79e-901a4ff52349,眼光,眼光
204f228f-4cd0-4872-86b9-181bb7c38f7d,铲,鏟
2052f001-64be-da54-3fc9-8a1cebb0fc40,二月,二月
205515c4-6b29-40e0-aa62-f7a88aac0792,参照,參照
20554cc5-7891-4444-8bcb-64b0c049304f,以免,以免
206062a5-ec07-ce6c-0654-4eccec2753f2,终端,終端
20616a91-45a0-2319-86b1-ba3d527be8c3,鼻,鼻
2067b469-2c53-5dca-1ac3-5d3488bbee3b,儿,儿
206d8764-f593-46f6-9feb-3eba5d78206b,渡过,渡過
206d9e1c-6fe6-4a29-9045-e56140951f8c,搭建,搭建
206dd7df-597c-46cb-9251-39b1d4d27925,漏,漏
207be47f-67d7-4921-bde1-03d311b485fc,地狱,地獄
2087ef89-ad80-05d1-e21a-7f112cbcfa2d,埔,埔
208c9597-cb7f-42b4-b043-5d8713f23625,采购,採購
2096e15c-fdbb-443c-bac3-b16f65fd1340,温馨,温馨
209b3b91-4a40-770f-7b91-2e19ce784f59,灰姑娘,灰姑娘
209b4d1e-5949-969f-276d-61c7587d6605,琛,琛
209f498d-6501-39b0-5e6b-75c1137aa9e1,伙,夥
209f52f2-beab-4887-8c04-c7af04667daa,鹅,鵝
20ab8c86-3b70-4df5-9309-b7465426851b,起草,起草
20ac7050-8b8b-28fd-3669-f022c8f9a046,稀有,稀有
20ac7f0c-a0d7-550c-3300-87cc326f9280,狐,狐
20ae3702-cb05-a79b-437e-d8024898c607,消磨,消磨
20aeeac3-d8c6-46ae-95fe-8c23fb3d2e38,长期,長期
20afd69d-a26c-46a8-1652-7b582830f010,庆,慶
20b3fde6-046e-3b06-39fa-9b372a3abbe4,合金,合金
20bad240-7292-4695-9abc-c6d0a78a991f,侵害,侵害
20bd203c-5ff2-4afa-98ef-bd6e3f920feb,伪装,偽裝
20c0db54-e788-f4e1-fd95-c856d6b91342,宝钢,寶鋼
20c1feda-61dd-48af-a812-33c9b61b5f58,换,換
20c24a18-014d-ee1e-a213-c7e3cac83cdf,有理,有理
20c38eee-78c2-4c8d-b165-13f75f61bf65,轮胎,輪胎
20ca62c1-f6a5-0b71-7c35-1f67bf2966f6,哈里,哈里
20cb3bdc-4eab-90d6-38e9-bf42635a2bed,起火,起火
20cfeea6-2dd7-e292-3030-5413d00469d0,象,象
20d1a622-2433-4174-b004-2306a746b442,确信,確信
20d78d2b-ccf8-4f68-b883-c2ab95cbb512,社会,社會
20d99edc-eec4-4e42-b90d-4fd2445eff61,烧烤,燒烤
20e274d9-636c-4681-89c2-deb525601e9c,资金,資金
20e74ced-7a15-a8bc-327b-aa44953edb68,械,械
20e7b5b0-e168-4f28-b094-96e156eace66,吸毒,吸毒
20ee576d-98f2-5648-897b-69332b5a6047,天花,天花
20f014ae-353f-67c1-3e22-a53f449ad08f,对讲机,對講機
20f056a3-9727-46b5-3911-da837e5bea0a,怪罪,怪罪
20f1971a-3900-2420-b9e3-0f7ba6df7d0a,傻子,傻子
20f64648-3c74-431a-ae2b-0b534a4cc055,加重,加重
20f797d8-fb9f-42a1-bdc2-32ff88bc49f7,解脱,解脱
20f89019-95d8-4584-bf9e-c458dd05bbd4,四肢,四肢
21044eed-2d3d-4b3e-b9d2-d220fbfd36ff,适用,適用
21068cbf-08fb-735f-1fcf-2bbe7ac9a914,同好,同好
2106be41-f932-4b20-a298-8c2262a50cd0,婴儿,嬰兒
210835a1-5cc6-4a52-9cc9-d25532e1b1e6,不要紧,不要緊
210eb43a-29df-43ad-a03e-19df20ef40d5,跪,跪
21125d38-ea91-4d75-a2c1-19d0ca29b2d3,歌手,歌手
211c0e0d-8288-4e8e-bf91-ad412454c55b,骚扰,騷擾
211ef9b9-5487-4517-bc96-63ce14771665,叼,叼
21239869-5db4-4a7d-bd3c-84fe8eb60afe,顽固,頑固
2124fff1-9664-4447-aee5-918ea1c4d7b2,主权,主權
21260b3e-9712-4811-981c-777e3ca8c62d,嚷,嚷
21290e08-e986-ce72-283f-a6c265fb7b88,情人节,情人節
212e9c1d-472c-89f1-b1f2-002d1642df0f,刺,刺
2137f126-9ffd-889f-bec9-37a8041401bf,后尾,後尾
213b5a15-9987-4cab-ae04-d8f65b869b3d,感叹,感嘆
214193d7-c7c7-44dd-8179-943fb1b647ca,说实话,説實話
214895fd-a3df-4f11-9fa2-56d5f9fc46f7,纳税人,納税人
2148cfea-4f83-41fa-b1e8-57882b558048,气愤,氣憤
214a1881-dc53-4986-9e41-f7c0d0aa354b,舞蹈,舞蹈
214b783a-7a2c-4a93-b58d-9e3e7dbbe137,分类,分類
214d349e-0b3b-4f89-aa34-38577f6578d6,缺,缺
2151aa9d-c13e-4815-803a-313af7678417,边,邊
2153d5ea-186d-49e3-a8f4-862cc9ae389f,美景,美景
21591cb2-0eb2-4921-a38a-39d0af07f286,确诊,確診
21643463-1263-5aba-4564-19591489a312,纠,糾
216440cb-f083-46a2-f5da-ace095093d91,校车,校車
216a6caf-abec-470e-82f3-ba5d6fa2319d,排队,排隊
216b0f6a-4e64-b79e-6c71-406714d613d7,惹火,惹火
217be18f-eb16-4495-b4c0-838857f36917,做客,做客
217e057d-1193-4e18-8712-19706c0f9e8f,中学,中學
218bdf9e-f987-4788-a34b-7383f5dc6ac8,头部,頭部
218c9e8e-9c14-b747-f140-3f9352455746,丰,丰
218e773c-960a-bbbb-9136-0d66ae269f08,千,千
218e7fad-59df-4b96-a051-aa473dd26f71,污染,污染
21934886-3e76-4c0b-d037-0d1baeea9d70,振,振
21940a41-ec8a-8d96-9484-0ba3d32c7ed6,好气,好氣
2194aa01-05c3-823a-17fd-021ce64884c8,世代,世代
21a0ab4c-694e-4e26-aaf8-5348c52215b9,挽救,挽救
21a42594-8e7c-4b44-86b2-5403ba226739,热心,熱心
21ac7a3d-2c05-4df4-bc23-93b480951b89,结合,結合
21afdc95-6201-42c6-a5d7-b123b22df366,广播,廣播
21b1829c-60b2-426c-8366-40ff9025f8b0,外资,外資
21b2366b-791e-470d-8c56-075554a7d93e,骗,騙
21b5c97c-7b65-4f6a-8a1f-90dc444bc380,目光,目光
21b774da-af9f-4f85-9eb7-347497a974d1,众所周知,眾所周知
21c4d51a-1f16-43ca-b63f-a707a1bcee34,反击,反擊
21c9140e-0c6a-17e8-5e7f-763a793d8f12,实,實
21d1b942-2dfb-4827-bbc6-ebb8af307d26,准确,準確
21d467cf-d3b3-5071-c477-98eee142e230,松下,松下
21db17f0-2346-440b-b420-db29a8cbf733,上门,上門
21e051a7-b933-4251-a508-876015abedc7,著名,著名
21e1b872-0d44-43b1-876b-fa3d30b9dd1c,生育,生育
21e966ca-0f0e-4aa9-8a36-f43ae9455bcf,笔记,筆記
21e9cfad-99ad-4588-a208-5bcbb1a0fde2,肚子,肚子
21ea95ff-fca4-4f15-84b4-32fad93311ef,置,置
21f478d7-387f-6f37-fd55-a12a432fa0a7,逞,逞
21fed9ad-9ac4-b32a-b484-47541ef6e63c,好几,好幾
21ffd9db-d030-7322-89a1-ac3965bf0716,病态,病態
22002267-9380-4111-91f5-d5d278894f1f,奶油,奶油
2207fa40-3edd-d23b-abd1-14d721c2e3c1,经纪,經紀
2208b190-2c8c-393f-fc93-bb541391c6d9,江西省,江西省
22090371-bd83-8777-6ed3-fc3e4e42d91d,海豚,海豚
220f91e4-bcc7-4866-a847-689440d66911,由于,由於
221b0bfd-0ef9-46df-8d16-393da36fc67a,交流,交流
221b33d9-cabe-7e1b-923a-2350dca943ee,术语,術語
221d5488-5140-6c1a-44ab-ddc011327fb0,进而,進而
2226829f-1648-45b2-b5b9-4b2e570b1899,委员会,委員會
2227bb95-1493-3409-c897-9fb96a83ae08,全市,全市
222ba46c-3e85-776f-51e8-db752aaf75a3,程式,程式
222c369f-3f33-49d2-8f85-296c127a2d26,炸药,炸藥
222d1cfc-47d5-9c99-8eeb-ff77a7521f64,厕,廁
222d8514-3758-d2d8-4ace-4d9ec93d4cae,并不,並不
222fe7dd-65c4-4516-add2-91cfe3d1e297,打扮,打扮
223ab074-b67b-420d-abc6-edfb62849b37,主体,主體
22447acb-33d6-4451-8144-764553cdc16b,收买,收買
22490876-83fc-9600-95ef-c4488a7a5a57,首家,首家
224aa1c9-c376-4e93-73cc-b985106bbb1c,扣子,釦子
22506b9d-5c9b-493b-bae7-ae8bbe6306eb,宴会,宴會
2250ff65-08f3-422c-903d-50c9cba4bb97,画家,畫家
225e1c7a-118e-4b5e-884d-191cce68e358,外汇,外匯
2261a380-49ed-21ff-5981-5ff471bc6cb1,约翰,約翰
2263dc21-b002-a78b-ad58-2691c61ce26f,沸,沸
226b734b-b948-4e04-b14d-a6135cf468bd,线条,線條
226ce962-0c24-3064-32c6-ded692739f4d,老人家,老人家
22711c31-c69e-fd90-12cd-e841da548bef,杭,杭
2272281c-8829-4596-82e5-2b7bf044224c,商店,商店
227484ce-414b-2372-21ec-6a0ab32c7d41,市内,市內
2274f71b-35e8-4f5f-b79a-f445afbad741,远近闻名,遠近聞名
2275abc5-ec7c-4d2c-b219-5f4648c372a4,咳,咳
227abe3c-18eb-48c3-8b45-13da7d6d6c78,起初,起初
227b9c71-d015-4214-a6c7-df3244ac849f,地段,地段
22861da1-bc91-4833-ae5b-4284f086d5f0,雪山,雪山
22868da3-3316-4b09-85f3-ffac20e6724f,夫妻,夫妻
228738ba-3f41-4e5f-b14e-ce779c857eb8,睡着,睡着
228b5cd1-e527-44c4-b732-1582cad95355,一系列,一系列
228e25cb-f8e9-93e0-8d15-ef02d8c9eca8,东海,東海
22962c8d-aa1d-5307-cf48-83796b18063d,泡菜,泡菜
229765bb-481b-4969-a033-b8dce97bb9dd,著作,著作
229a8ced-8536-9623-1a47-1d5d5f2ca6bb,弧,弧
22a85d34-0774-4488-b367-356b407c5af0,平常,平常
22ab9d20-d2bf-f334-a7e8-2261ca2e7f20,芦,蘆
22ae7d3f-bc79-4547-86a9-c7616a11f6f8,机场,機場
22af16d7-3e49-4020-b44c-747167c357b6,主题,主題
22af973b-a6e1-4242-8299-e81bf211952d,首要,首要
22b6405e-3804-4b80-98b0-e06fa5f0f2ae,值,值
22b84ce4-52f1-9bf3-576d-e39b0273379f,径,徑
22ba8cf9-ffba-4a44-8963-0adb0a51d48c,栋,棟
22bb381f-91e4-4553-ac4a-08014dffc4ae,留,留
22bb4121-3976-4781-9c13-f29842f13636,挫折,挫折
22be0bce-6051-60bf-5cdb-46c8574b5cde,海尔,海爾
22be54b0-04c9-5ca3-629f-74984bc341c2,挚爱,摯愛
22bf00df-4e56-e5df-8ce5-168c9d98ea53,爆发,爆發
22c4b5ad-fc07-4524-b1c9-4bf16bec0299,打击,打擊
22cdc150-cd81-45bb-8b17-57c699d5e3e3,审理,審理
22ce4c45-1596-0013-0eae-e6b09fe347db,血小板,血小板
22d25bf1-64b1-4c0a-b1b0-20d98976385f,犬,犬
22d60886-4a75-d2f7-5f41-0edf31df1880,基督徒,基督徒
22e043e8-da92-4c26-bf68-b5a151026555,唯,唯
22e27045-765e-d5c0-4874-b83c6180c249,撕裂,撕裂
22e46d9d-4c19-4611-b5ce-8349a398af75,精品,精品
22e8199f-fd81-4ba1-86b4-0cefd20d535d,带头人,帶頭人
22ebaf5f-c5d4-401d-be0e-28bb152eb994,女儿,女兒
22ece359-11e8-4b25-a6d3-94ef84676647,不时,不時
22eda3a8-ec08-2367-095e-da3ee24a18b8,创造性,創造性
22efaed5-193c-4d74-8bd0-0377fe76c34d,胆小,膽小
22f06447-3866-40dc-a227-b081e7327141,巨星,巨星
22f19355-6a85-0d0f-8042-c92be547b087,仔女,仔女
22f3e0c0-2726-423f-a1c6-20d28f0214f1,障碍,障礙
2304c9d7-273a-cd29-8151-acc216e83762,描,描
2308f345-4bdc-47f5-ade6-e0b3cdf8efcd,特质,特質
230b0ccb-4b65-421e-a882-659ecf554965,特征,特徵
230bb5df-18ce-d81d-f011-44d7b35444c9,出让,出讓
2318b411-cf0d-45f4-8b31-f45c03321bc5,装备,裝備
231bb5c2-a5f8-4571-a52b-233f10e02402,窝,窩
231fa2c5-a316-4e16-ad8e-c8e24f5fa2c5,公平,公平
232025e3-b369-4685-a0a1-00a8b8f6727b,逃跑,逃跑
2328c65d-6af0-4ae1-ae91-9129a00a7533,群,羣
232b17c8-c556-447b-b24a-3e38ae42dfeb,明确,明確
2333f16b-e1fc-4915-a37a-420308fbe6ea,前提,前提
2335641f-44e9-417d-902e-9d51cd070171,效果,效果
233a6815-4d34-4a62-a6c0-a48e6c11025f,瓶子,瓶子
233ac1fd-e218-4eb1-92bd-356afd0423d0,确保,確保
233f93a4-3795-57f5-2516-a20f5b3237d8,怪人,怪人
234171cb-4bda-be0f-ca89-3abce39c7d61,洽,洽
234234a6-5d95-470d-8bd2-393a7d8500c6,摇,搖
2348bed4-1dff-4454-9034-e7e49dafdf2f,按时,按時
234a001a-b6de-4b84-9e9c-21d1ce42cb43,孕妇,孕婦
234fb473-08b6-46a5-9235-35b27076c521,丝,絲
2351d7ef-b1e9-4dd5-a5f2-3960bf767744,加工,加工
2359fbac-8618-85f1-1e3a-3f18edcb8035,评分,評分
235a2bef-a087-470f-9109-934eb0967829,天线,天線
235f584a-d7de-4731-9c8a-1e47061d8273,官方,官方
23643131-8fda-4fa1-9db9-99d6907dbc9b,走进,走進
237f3b4f-6c6f-f632-674c-79d1973e9172,开局,開局
2381f7b5-a23f-43fb-85a4-47ae9470b370,千方百计,千方百計
2392fbe0-3637-56fa-2e3f-9bfff933b785,死活,死活
2395f4f4-aaa0-0318-cf9b-d3f5dfda3699,试过,試過
23a01568-6985-cc60-caf4-24ec55ea1315,呆子,呆子
23a1f677-b8d8-4526-82da-641512f36add,峡谷,峽谷
23a2e9af-0370-4c11-7fd6-571572a17f88,国防部,國防部
23a9f948-ee50-44e1-9af1-45335dc9d312,匆忙,匆忙
23b7be56-7f95-dad4-a69a-3536d02a8972,实系,實系
23c1bc60-9eb8-47c9-c5cf-ee3fded40a1c,懒,懶
23c589a0-8a51-4c14-bc8e-2fefff8f76d6,脂肪,脂肪
23c92535-e1d8-3035-ef30-a2927bae3fd3,挂住,掛住
23ca1ff6-7089-a628-0f06-4a5830bf5c90,不平衡,不平衡
23cf4281-fdc0-40bd-8131-cdb682915848,修建,修建
23d08c5c-b8ee-4739-8b98-a669579b413e,品种,品種
23d1100a-3a24-92ea-6e29-bc044fc8357c,小儿,小兒
23e28798-82bb-4487-864a-18bd318075ec,贪婪,貪婪
23e2cc6c-f317-4274-8892-608f55d0c9cc,盖,蓋
23e74a99-04d1-4eb7-86d8-2b41c4b1422f,练习,練習
23e9ac87-18ad-4c46-9c7d-0702885d74a6,吸纳,吸納
23ee3832-928d-9e0a-7c1d-6c2d1a8eb0e9,柱,柱
23f76120-68f4-49db-8f32-22f4c025ddde,灿烂,燦爛
23f985e9-dc2c-40a2-a3a4-75b16b0719f6,强烈,強烈
23fa38b2-2839-43ac-8855-7da2a82e0aea,借口,借口
2418308b-0135-41f2-9c3c-037a04806649,红包,紅包
24228041-a4a0-4402-8733-5bf7f1fb6d2d,烦恼,煩惱
24281914-cb79-45fd-b4c5-cb0b2782b4a8,骂,罵
242b0ee3-602f-402f-9e58-fec4638b5716,求婚,求婚
242c3b8a-7dbd-4af7-abc5-99cd7b356a66,暖气,暖氣
242cbbf4-b268-7382-8eab-e4182f4c5403,上天,上天
2436c5e5-8cb7-304f-476f-8133576d7ddf,不会,不會
24390b37-8e57-4f22-8b40-17853410ec4f,从未,從未
243d0827-9924-5405-754d-aca1f8d84858,村里,村里
24469321-d24f-55ce-c6c7-f9d90ab79d4d,杰米,傑米
2446b281-c236-457a-892b-8c3e5218fa4b,冒犯,冒犯
2446fa52-18a9-d269-e02b-b9bf38950032,约,約
2448c054-5ada-4cdd-ac91-a6e7f53a1641,等待,等待
244d6ba3-e884-12ec-c51b-fb62328ab5ca,厨子,廚子
244da1af-9931-efb8-f57d-99c5938ec2ef,西服,西服
244e022c-549d-1552-d075-529b64bf88a0,主人,主人
244eb4cf-e7fb-b6b9-2188-15551fcd7a4a,弄,弄
24506eca-e25a-1f2e-5139-35c6eda307be,发出,發出
24512bde-3657-4214-8c4f-4376a0ddc14b,秋季,秋季
24558188-72ec-403f-aa0b-f6d6e1247681,愤怒,憤怒
24577b30-b004-41b3-bba0-f891ff42ba13,引发,引發
245c9f96-b99d-43dd-9d42-3b62bf54777a,海水,海水
245db4d8-9146-4478-934b-7d19afe792a2,战略,戰略
24612a0a-ba9e-47e4-a282-0ac19c08309f,直径,直徑
2462f7dc-36df-c493-b0f7-8f4cdbdfbaf5,触发,觸發
24654ac0-4c34-4b2b-942c-530a65bb381f,巧,巧
2468e710-4ab7-4f98-9909-ad90c79e5ad6,男生,男生
24731ec4-a856-8c89-ba8c-277b32f2e45d,奶子,奶子
247702f1-f1f9-f433-1cbb-c068b6504f03,电子,電子
247b9dd7-f308-d02d-b3de-ec08055e826a,责令,責令
247dafe3-b87c-72ba-ebad-7d9990e47e0e,系唔系,系唔系
247f2ee3-d02a-e4cb-fc1b-decaae5144e5,紧身,緊身
248675ec-8084-1fa5-3d5c-cad358d0b912,厉,厲
2486fda8-1dd1-1f18-7599-d88b4ffacf7f,上,上
248d281c-ccc4-2a5e-956c-5129c0d35fa5,诵,誦
2496ae58-4c98-b79a-73c8-e4cbab8508aa,棕榈,棕櫚
249a4b31-8305-4da9-9da7-0ccc5d3a9b03,熬夜,熬夜
249d4e59-1c6f-452f-a699-03774df2c230,传承,傳承
249d692f-a9f9-1f0e-b358-b3f9d19a5c11,写信,寫信
249e7b92-8900-4f77-b4e6-f7a06ce97abe,起来,起來
249f6b7b-f2de-4d34-b4fd-497cb8837109,迷恋,迷戀
24a64a24-11f6-413e-949e-64645ed62ad5,剩余,剩餘
24a6ad89-184f-2a0a-2f13-417ef0b17a47,海上,海上
24a82b39-e562-4419-9503-b5af700ef157,搁,擱
24a9135c-1b9d-d9ee-6246-ce9fa3b2832e,老挝,老撾
24a934bb-dcaa-4efd-ac2d-6b78869a92e5,手册,手冊
24b44547-0900-4873-bbb9-175c5409d4ee,亲生,親生
24b6b5ad-4440-4aab-9f02-fa3b55a7e7bb,血,血
24b703ae-3d84-4741-9d77-2668586f36ca,长途,長途
24b8f9f1-67dd-4ac5-a41c-38dbb45e0fee,查处,查處
24ba1843-c149-3932-2c1e-ee26e1c33ba0,妮,妮
24bdcae1-59dd-4b22-a951-3aaa3104c27a,认错,認錯
24c3faf2-b01f-5e0a-75a4-2d332e41a5ac,亨,亨
24c84b3a-92e3-68c9-89ed-14d845f24cfd,本田,本田
24c954ed-8cb2-86a4-51d4-9d4e9f628d71,加仑,加侖
24cc4b0e-8658-4c81-91ea-f5e94a3fad16,债,債
24cca703-6719-4d7a-8ac2-dd50f6904974,面,面
24cf2517-932e-4f58-af23-395aa66c49f2,条例,條例
24d254f7-5235-754d-e705-52047cf82443,尹,尹
24dc9efa-8f2b-4011-8b81-7597cbffb01a,执着,執着
24e28dec-3186-ac4f-24d4-99da1c0ac795,乎,乎
24e40251-4fbc-4b25-b54a-b2d8db80a602,身子,身子
24ea8093-dae1-9d10-72f8-35df1bbfbe41,落水,落水
24f7cd9a-ce88-f408-ec00-7ad552fceb6e,嚟紧,嚟緊
24f8c42d-a0eb-2c23-6d5e-b55669d4f0cb,辖区,轄區
24fa0c9a-5a73-539d-307b-2800a0f32950,得多,得多
2500ca9c-0cf3-1504-f515-7dffd4c5edc2,拼写,拼寫
2502ef6c-0ed8-6b48-d030-c0994eac7ad0,暗算,暗算
250d24d4-bf72-4597-96a2-d0bd81e909a0,佩服,佩服
250d321e-cff8-412f-ad0f-6068c94dfa8d,报酬,報酬
25144053-e472-ba18-64cd-c06e4fab7d2e,拯,拯
251afb65-1a18-47c4-9054-a021600c82cd,邮件,郵件
251be345-6350-4325-9067-825c12c68709,然后,然後
251d9486-dea0-07d1-b9ff-da66b71300ef,一世,一世
25243339-0cb1-4d67-af1f-bd7b56d1f9da,心声,心聲
25266476-376d-4e00-a17d-451ffeebec50,钉子,釘子
25328078-5e45-4c07-afdf-8bc1d5c122d3,服务,服務
25349c7b-e7cb-50ae-cd96-47f05f66af1e,老兄,老兄
253c309b-4335-bebb-c03e-e947e70baf92,分,分
253cd488-0c8e-63f0-75ec-aea6c6cf476d,主打,主打
253cf5d2-dfea-4bed-aec0-ed2a263c9eb3,有着,有着
253d7331-ba4c-20a3-1194-fdc9bfd8890d,浴,浴
25476771-db57-4fde-f115-5f56029982af,液,液
25529d1d-adde-4a5b-855f-628d8e9cfb61,治理,治理
2556d08d-ccc7-cb29-e672-769f3896bd35,听,聽
255932ef-e16e-451a-8a77-a78179e2c5d0,就读,就讀
25593ef7-2093-4d46-8bda-d7f8af31396f,牢固,牢固
2560f6d8-ec18-4a68-ba21-409b7d430a2e,缺口,缺口
2565c5d5-863d-5966-9b3a-ce7c6b2bf400,又係,又係
2566b90a-91b1-4928-908f-2e41dc3b054f,说闲话,説閒話
2566e40e-2b23-448c-b5d9-a70abb8eb453,亩,畝
2568615a-869a-eceb-97cd-13e00a359d89,睡醒,睡醒
256e2e38-e5ba-4bbf-a7ad-950134abaf8a,终于,終於
256ede32-7b6d-ac76-5c53-cce4c4fd123d,叮,叮
257032c6-4f3a-f272-f649-57fa1d94f6f0,加倍,加倍
2578ede7-e01f-7435-e6d8-134b3e95211e,政客,政客
25793715-4c3a-4bc1-8101-dfbbef4658cd,地图,地圖
25859f57-b078-3ee1-b85a-a737c3344064,人人,人人
25880563-a79c-4c21-8541-43e503ead308,减,減
258ba687-781a-4b7c-ba86-eb03676b1292,放映,放映
25a447a6-c9d8-4371-a47f-82926e5c92a9,堕落,墮落
25a54c99-71fb-94ff-643a-e6347498b870,备战,備戰
25af6884-5b88-e6cb-39cf-04b47bb5e17c,今,今
25b36214-2023-ea50-02a2-abdb40bb55b0,碧,碧
25c1eafa-b4c8-4b41-a249-70c3eac092d9,身上,身上
25c22f10-b918-4d32-9738-7cdbdd2d9e9a,右边,右邊
25c401a7-8ee1-9bfd-93bd-d3d14964e7fe,唶,唶
25c40ce2-a8a7-6ac4-153c-9a625571b352,确,確
25c683d9-f7bc-4bfb-b221-412e184f921b,挽,挽
25c86f2e-9b57-3ed5-7c29-53d375967622,抓捕,抓捕
25cd47ea-2184-4c73-90d9-351ff0e5ee76,得罪,得罪
25d2d218-eca9-4352-a560-4eee19936bf6,理发,理髮
25d60253-61b7-4803-bd60-9a9f43cbca03,公道,公道
25e0df24-6397-154d-3481-efed482599fd,勾搭,勾搭
25e1703b-63d6-47cc-b9e4-fad6f3e43d8f,随机,隨機
25e2e1f1-cee6-3ff8-6c6a-22366081f0d9,上床,上床
25e3f135-9639-4785-b9e5-5ff1e737feca,动态,動態
25e4c6d7-0e72-4704-80ac-44aefc159142,高价,高價
25e8fc9b-e832-4135-a6c3-b8031cf62e7f,焦急,焦急
25ede591-e754-f274-aa94-df9a05b56f12,狮子座,獅子座
25f8e23e-34ba-4864-96fe-cdba1df20a09,悲痛,悲痛
25fa1a17-eb14-4e1e-8f84-72c05979a299,决议,決議
25fbf852-adf8-458b-877b-92a89bdbaef8,感到,感到
26071887-dac7-419e-94b9-a6311798b1f2,针,針
2607610f-4f36-0963-fe45-edc1217bc4e9,会话,會話
2608cf18-271c-bb19-1d44-79565b24a3fc,航空公司,航空公司
2615f37a-9965-4c7a-bd5a-bd8ef9f860e6,好在,好在
2616471c-43a8-efb1-4873-4b31a4f22e5d,括,括
261e4ccc-d5ab-2831-5551-3fb6b96a554b,喻,喻
2625b899-4013-cfad-42a5-a9042928fb89,正要,正要
26273935-3925-a6fe-866b-989a99d38f6d,河边,河邊
263bc486-59d9-bdb8-c790-f4246fabe486,梗,梗
263d0b32-f164-45ba-bd2e-47515702cf18,护理,護理
263d6382-e65e-4535-86ae-0c2eda925b6b,预言,預言
263f6c41-1b39-5738-8127-6154b87b8aa1,坏话,壞話
2640bf51-80e9-2cb4-a6c7-29ce278357e3,往前,往前
26468bab-3c9b-a5d9-abc8-d28f1d1ff356,绅,紳
26485750-290e-45c7-b8d1-445bbd526092,摄氏度,攝氏度
26488275-928e-068d-1815-b35ef9f07980,遮住,遮住
264992f7-d4bd-d1d1-dee0-046bd1e10cca,愈,愈
264de3b1-b318-48a2-ba01-732f120b31e9,盛,盛
264fb1d3-7948-40e6-adb9-c7b3e3f81017,合计,合計
26547137-e756-4be5-8811-d7335277be19,队长,隊長
2656577e-5648-5340-6ecd-6fba2ee1b348,曲,曲
265bdf2b-a86d-4ceb-8b6c-7b7aa65c54c9,照片,照片
266706cb-46f2-4b40-bcec-bc316935dfa4,魅力,魅力
26762360-75f1-4615-9a8d-a2af51ef43b8,同意,同意
267a9189-83c6-4ccb-9709-9fd57ee44abd,国际,國際
2681a997-de32-9d30-329d-162e2e173c19,见鬼,見鬼
2683ae0e-0fa8-40eb-98fc-287748751753,衣服,衣服
268b5c4f-d401-74de-89d0-5ecb5f0aefa2,透顶,透頂
268b8f42-0c3c-47dd-8ced-b91e586a267f,闻名,聞名
26903a51-2453-318a-6c7e-f70f05fedadb,佣,佣
269199c4-9417-4c91-a51d-6b4cfb3995b6,转向,轉向
26921997-b8f3-22a7-222d-5d8627f5f18a,中俄,中俄
2695e167-f5d4-491a-aa0a-b7e0c724c835,个性,個性
2697bf35-c0fa-4836-b756-653ab5c3855d,气温,氣温
269d1973-07ef-4d44-b926-1e692816340e,无偿,無償
269ffa07-df23-4a2b-bd94-1d6e749970ba,索赔,索賠
26a16e7c-bf71-4bf1-953f-844ed7d70fb2,失业,失業
26a5c4b7-8916-447d-9a71-e45d79de159e,阿姨,阿姨
26a63839-fa08-0759-e30c-922b96baa223,启用,啓用
26c1b4a8-d76a-b53e-ebdd-9858ef6b9886,这天,這天
26c23844-bd31-452a-9813-5ba136688a94,即使,即使
26c42d4a-cd04-df9d-1ac3-d6d18d4b330f,室内,室內
26c4fb48-9913-e82e-fba4-05aa9df61436,进食,進食
26c6fedc-f8e8-e5d1-39ea-3660c16000bf,什么的,什麼的
26c70102-d1bd-479e-bdce-21ae1ec05f46,眨眼,眨眼
26c8c621-2c25-4c0f-b9f4-64ed72b31c6a,致使,致使
26d09361-e607-7eb0-8fbd-aa82dbf28e9f,全会,全會
26d745af-7bb4-47ab-b764-62a5b08d59f6,黏,黏
26d8a78a-fb14-c4fa-196b-7bdc8fcce8a8,自找,自找
26ddb9d8-2826-aef9-27ab-92555680e10b,平米,平米
26e42e56-0e1c-0108-e019-afdb3c2ef975,无反,無反
26eaa43d-302c-4601-8dec-775fcce859d1,花,花
26eac136-c1e9-81c0-ff94-a3a1b06e6eac,那,那
26f5bcc5-3927-e932-084b-0289e4ef51b1,招供,招供
26f6d89b-c8d5-f326-5122-0c742d6e1744,谂返,諗返
2704f027-c978-cf4b-988f-258b55224fd0,吧,吧
2710d47d-c03a-013e-7a16-c5e8a84435b7,耶,耶
27112dd1-8811-ebe7-6d2d-fc4d85cccd21,山东省,山東省
2712ba43-e83e-f5ee-fb81-ab817dc52eea,盔,盔
2716696c-0c95-2226-9698-9cd5a74b63ff,后生,後生
271afbe8-0232-45d9-bbda-a31d2bcb6779,由此看来,由此看來
271cb2b7-1caa-b5fc-1c07-27a61f9dee5a,书馆,書館
272409a5-e100-4158-8a00-350d5cfba91a,进场,進場
2725e7b8-c203-4cc8-a5e8-f6f56ede758b,核实,核實
2728b1c7-3a71-4d11-9e93-03e53c1dad7a,彻底,徹底
272bf74a-8187-4548-bc05-8bcb75bf9ca3,散发,散發
272de245-0557-4ef7-8cd3-d0724137b1a9,说明书,説明書
272fa2d7-639c-48fe-a239-b9cbcffb1b5f,缝合,縫合
27300653-61af-487d-a820-d27a94ad89ee,兼职,兼職
27366134-5331-1b40-63d7-01360347fe41,高举,高舉
2736aa19-339d-4c1a-bd47-20faea11a516,扛,扛
27392b23-8010-4c57-9e95-86fc34d77c3e,东方,東方
274367e9-7aef-a72b-308f-6d465579802b,巧合,巧合
274c20ef-a13f-41cf-a05b-d184ff5e58c0,甜美,甜美
2752bddd-f22f-1732-084b-73450ba2eed1,海洛因,海洛因
275e0f41-862e-4f54-a2dd-f266835acdf1,马上,馬上
275f31f6-ed82-4c35-97db-91f2230cfa27,单纯,單純
27663655-4ef2-6da7-c1f7-80d9e5801bed,乒,乒
2766c593-12d6-f82b-b7b0-df110baf0601,铭,銘
276bbfc0-45f8-4ebf-adf4-3533b54cdb3b,电影,電影
27772996-e957-4e3a-6b6a-53463e4fc41a,下方,下方
277ae73c-1816-1e87-6153-9e63798e8557,候,候
277d2b8a-291f-45bc-ad74-dd5f7ce3e13b,要素,要素
277fd4eb-16ed-d469-a4df-d3d812bdc99c,光大,光大
27866e2c-8df4-412b-a75e-6a1058398e2c,爱国,愛國
2789a78c-4c1d-484f-0ac8-b3fcc2bf3817,雀,雀
2792209d-c037-4110-a8f4-6b488bc834a8,处处,處處
2793c8c0-2ccb-4319-a68f-329f6f9ceb61,到来,到來
279576bd-7022-481d-bae7-32c0bd8c4217,入,入
27962815-3dc6-4e7e-afdc-9bed9380c676,哨,哨
279e90c2-d8d6-4e63-886e-a6d2090fee4d,有待,有待
27a8b065-7c92-c6a5-4ca0-070f280cd5e3,大个,大個
27acd30e-3b3e-d137-87ab-cf44392d16f4,多元,多元
27ad101f-7d82-1c81-1841-700b2fbc98d0,与会,與會
27b1783d-932b-efd3-9df1-577f105e60db,址,址
27b3b45d-62c7-da25-54fe-f7befb0ba8ba,刘,劉
27b59524-68e2-4576-e6c5-d897cec06f6b,综,綜
27ba2864-8150-2ac1-c812-f5895f4cd3a0,玩法,玩法
27baa7f1-4db0-480a-9c2e-583bf9a2aaa3,提议,提議
27bef83e-d7fc-4789-bb25-cd0c5583ab5f,医药,醫藥
27c10dba-c657-e22d-05d6-a2ead47ce1e2,皇家,皇家
27c227e6-39d5-be1d-f886-31577a92fa45,堕,墮
27c650a1-20d3-3dca-1cbd-6758b4974396,照样,照樣
27cca64d-b644-4833-bf3a-f035d7d02ef2,能否,能否
27d29107-e755-44d4-b6c3-7687f88d9761,爱人,愛人
27da345a-f626-4d5c-96b7-82209db43dad,炉子,爐子
27e9e3ea-13b3-6d1d-bd2e-bc6ebeb6eb3e,嗓音,嗓音
27f0b74f-636e-465c-8f70-b053628daa7c,小麦,小麥
27fb2813-3785-01cd-128a-118c16d11ef1,虾,蝦
28116021-7520-4436-1467-e99310f7b6ad,迈出,邁出
28119109-b6ef-44d4-4763-6055f8cfe38a,不值得,不值得
281bd298-8e78-4ec8-a34a-82cb21e4a4ad,警车,警車
281c475c-020e-42d7-92f8-50fe06c1f97e,展览,展覽
281ece66-27be-ba5e-5740-89fc7bbcd33a,战线,戰線
2825445d-587a-44b2-9101-45ed977c4dd7,跳舞,跳舞
2828db5d-36aa-42a4-a3e7-da683530208e,华丽,華麗
282ec401-917f-4a3e-bf93-14dea14321f4,备受,備受
28306862-4cb7-e567-8e46-b83383d180e6,美貌,美貌
28337b1c-92a5-49f4-a71a-9f296e6ba374,现金,現金
2833a157-9c25-4c72-9ec2-7feb96dcd92a,橘子,橘子
2833f88b-e0ce-4dbf-a9f1-e379942500b3,改,改
283456a7-d8b1-c81c-d831-033443ffc108,突,突
283a00fe-c46d-49d2-b7b7-014067dc7939,中等,中等
283a8778-8e7a-5ca8-0c04-f7933f474756,态,態
2840718f-0464-7100-6415-0ae22d1e0f6d,天文台,天文台
2840af4c-71bf-9f9e-daa3-5b20dd2e5421,穿梭,穿梭
28441b4b-bb92-4cdd-b4e5-c16ab0e58bda,回复,回覆
28454805-6eef-e486-ca57-8785d482e708,祥,祥
28479f0c-28a1-42ca-9ff2-d1b29fc07abb,市区,市區
284954b4-c15d-4b53-8778-4955ecd5f888,口号,口號
28534373-72a4-4095-efe2-682dc431d280,老头,老頭
285c7b62-5041-6ca7-4479-3a4c466c9818,汀,汀
285d0abe-7688-4d58-8aab-e67cdcc70150,冲洗,沖洗
285e320b-a8e6-4dcc-b077-ba07a2ec5ff7,沸腾,沸騰
285ef74d-de20-47f5-91ce-bfb760b5949e,放射,放射
286020f4-0c19-cea2-33c0-96e699d87adc,暗号,暗號
28611d5c-8dc9-4e7a-989b-68d60d0b014d,呕吐,嘔吐
28640df7-3c34-49da-81ac-08f683a2ee4d,消化,消化
28698420-05dd-a5c9-e69b-c5024f814b94,涵,涵
286bb771-be3a-4089-aa16-aa55ea4aed6e,温泉,温泉
2876571b-b4f3-ac5b-4869-ed36cf384fcf,毫,毫
2879da37-6f8e-c5d0-06b4-998f5e20b2da,卡门,卡門
288303be-1070-447a-8ad4-0b2adf451102,培养,培養
2888793a-cbcb-4c6a-8a67-7936d820761f,进展,進展
288e620e-1bc6-42da-a1c8-d9acb8ffe7b3,补给,補給
28907bf9-bcc0-4365-a4af-b657c6bad246,无限,無限
28913a6f-9cc0-4cf3-ad43-810ba8387526,地质,地質
2893b1fb-ae46-493d-a629-f2aed8297391,凶,兇
289d2986-a496-32a5-1d41-ab6fdafedf91,年末,年末
289ee97c-a48a-46c2-be6c-c622cdb24d96,踊跃,踴躍
28a5e039-649d-d943-c910-ee14e6342dde,太后,太后
28a64534-de74-632d-0e32-7a685f52b433,神灵,神靈
28a707e6-8f94-4c15-97e5-cc0628305818,万分,萬分
28abaed0-bd51-4afc-0de5-b43550441597,木乃伊,木乃伊
28ac0252-4f31-424a-8d4f-252e3296aa9c,乡下,鄉下
28b209ec-0e1b-46d2-a9dc-4b959d45ef8e,往常,往常
28b59829-e5bb-ab57-186f-4471148a2f99,婶,嬸
28b78765-dad3-4e69-a8a3-016d748e78cf,结束,結束
28b95a1a-6cf4-4057-916d-f7ac09f96916,皮包,皮包
28c05d33-2fa3-02ce-0698-13a47bf1e21e,伸出,伸出
28ca0da0-00b2-4a58-a35e-93a52099831b,数量,數量
28ced386-3da6-4757-b83c-21bcc247f390,手法,手法
28d0708e-7e7c-b12c-da7f-ab006339576a,信息化,信息化
28d0f893-13ec-49b9-b4fe-9806376b5240,征求,徵求
28d174e4-141b-49c0-a8ca-706788b773c0,胡同儿,衚衕兒
28df7185-84e0-4c9a-acbc-1e6467d3872d,华侨,華僑
28e2eac8-0296-6b7e-4514-4b8a46fd1c9c,差,差
28e5c74d-5529-0ba2-d5b5-7a61357fed93,第五,第五
28e6ccb1-43ac-ba84-8050-09392a5a8105,每时每刻,每時每刻
28ebcdc3-1556-ea74-4af0-5c8dd953b83d,童子军,童子軍
28ee9254-713b-4966-bb8c-414b9cd64f7e,乘,乘
28f2e071-e162-4dad-b463-9a6e788d992e,名单,名單
28f58337-91f3-cda8-c65e-e385f4df7fa7,都系,都系
28f93c7e-ee2f-4f78-8dc7-aeb046817f4e,虔诚,虔誠
28fade1c-3d9e-47ad-b780-62ebb22b8266,嫦娥,嫦娥
2903f198-04aa-ea80-4578-2fb33551b404,午夜,午夜
291578db-37b3-47ae-9ac8-c896565586a6,深深,深深
2919bc5c-598a-4f10-91fa-f521d1580667,疲惫,疲憊
292201d8-c187-4785-0811-152c6830e8d7,生来,生來
29284e9b-2e1e-4f5a-b5ec-1a16352a6d7b,细节,細節
2932ec45-6e0c-1997-07f9-23e2704948d0,想见,想見
29334013-a003-fbfa-42f0-b03253367dab,几个,幾個
293abf46-0900-4a08-2bd3-90dbec0dfe6d,仙,仙
293b570f-9b37-421f-8773-540dd17a5fff,极力,極力
29480105-aefc-fc7b-0069-44e6e2d70d61,欲,欲
29533729-001d-be0c-a523-9bf8008f285f,尿,尿
2953fa4d-8d1d-e373-5ce4-8dbe42547084,论,論
2954cf59-f93a-476c-9440-8f6807d89543,热爱,熱愛
2956b892-c8f4-4972-8856-e2d04fdc2a84,大片,大片
29581c35-f3bf-40dc-b8e7-8fe5b98be1d5,骨折,骨折
295e9c27-46ed-4003-9416-f0d3d2db8161,唉,唉
295f6638-8bc7-4d80-94c5-e3b09cb6640e,充分,充分
296e245c-c554-411f-85ea-2c9d932b6c88,放假,放假
296ef45c-4672-4b60-a533-c96d9d0ca734,追赶,追趕
296f1a4b-bb16-48fd-9352-d45a79d9be09,脚,腳
2978bac1-0013-40bd-bc11-0a7f54c2a2f7,拼命,拼命
2979daa3-bd09-48ad-a9d7-6ad1ec3d9135,车号,車號
297cf53f-5dbe-4db7-a1c4-fcc7d4e54854,成效,成效
297dcab0-b2b6-57c4-3b80-a35db1ce9175,高官,高官
2983152d-36ef-4f4f-82c9-0c071e51fb12,原则,原則
298f10f4-452c-5b12-6f58-532eac447017,问好,問好
2991b2aa-ec48-474f-a040-1037109307e2,器材,器材
299addce-176a-4611-8f79-d8c3671872b5,多久,多久
299e959a-9f76-4398-9465-e566d8335717,大熊猫,大熊貓
29a100ba-40df-889b-8320-5869c46b0804,招商引资,招商引資
29a1f708-71b6-94b6-d8dc-f92314125bcf,既是,既是
29ad65fd-6783-4d84-8a67-c5b2fdc4e448,姓名,姓名
29adac68-d839-4a90-b600-53642970d34e,好笑,好笑
29afd825-9021-529e-4fa2-7773b3e5d63e,最尾,最尾
29b07520-8ce4-4cbc-8433-c4bd0ae0e557,抱歉,抱歉
29b43d14-ddb3-b800-e066-40b8e80f75bc,咽,咽
29b50d15-6ccf-1c46-0f4c-730a2e423922,石,石
29bc82a4-9130-4a46-b021-2c6173f7a13d,罐,罐
29bcdaca-bb00-4ff8-b847-0c4b50a38e45,尺寸,尺寸
29c1411d-2434-982b-332e-e8cb931879db,出嚟,出嚟
29c5c69c-a158-ffb7-ccc5-a6c368992413,台词,台詞
29d2093f-a5a4-bf45-bba8-eb6249764093,冰激凌,冰激凌
29d2833d-5ca1-d9e2-2d49-2dc03999c89d,老子,老子
29d3ef13-a796-47bc-809f-a4af4e6fcdac,步骤,步驟
29dacb48-53d9-a9e9-84c2-8eebd8d5611d,陋,陋
29e52ef1-a462-4705-bebd-4b2de87c624f,汇报,彙報
29ecc5b1-2cfe-4fc6-ad5f-789e8bc90efd,咬,咬
29efe531-21a0-452d-8304-8cc1c1b9bc75,同事,同事
29f19983-e307-40b4-bec3-3b383fb58dcd,有力,有力
29f1a7e3-6650-41b6-9c66-41c0c29a42af,检察,檢察
29f2c665-2653-1ee8-b5e3-cc5135cd2a98,攞,攞
29f64474-91a3-e7cf-5b61-8f20a70d5be4,周二,週二
29fc04c7-7721-4fba-9e72-a40ca94b5916,防,防
29fe2150-a79f-4382-87c0-56fb597f58ef,桌子,桌子
29fea503-1025-48a8-8c34-c40e57119f73,忧虑,憂慮
29ff6400-d2b4-337c-3244-f3d5abac4427,说说,説説
2a017d69-4cbc-47c6-9d05-0a531f74cadc,秋天,秋天
2a03a9f3-46ec-461b-a215-7e655fad6a44,班主任,班主任
2a052044-2e23-4e1e-a25b-29b4d22b59d7,凶手,兇手
2a09d2fe-381d-4610-9aa0-c729f7e55159,墨,墨
2a0b701a-9635-de06-784e-8928269fcc7e,成日,成日
2a0e7cd9-345c-6c71-0c3c-48dad2e4066a,福建,福建
2a12cd8e-3779-4780-bd88-f255595d90ac,造型,造型
2a13a7f0-f68b-4f20-975d-80def53bc4c8,双向,雙向
2a1acb87-05c3-4763-b055-1240c07e78bb,快活,快活
2a1c3a4a-f15d-4502-afb8-ca91aec1411d,教养,教養
2a1fcefa-4b25-d848-efb7-ed8b2aa427e2,嗰啲,嗰啲
2a2318c3-eecf-5a7d-897d-fa8054817cd5,米兰,米蘭
2a256043-df2d-4477-a863-f0437b80409d,特,特
2a2f2061-b2cf-66fd-f229-6e6e174d2a37,扇,扇
2a30e242-9069-4510-9279-3fdc49266589,寒假,寒假
2a316bd4-1dcc-ad5b-9545-52f8f00d4763,白费,白費
2a3355cb-2443-4063-8245-8f9c9ea89067,满怀,滿懷
2a33dafd-b8a9-4c0f-aefc-fd7111e757ac,澄清,澄清
2a4655a9-eb9c-4bc0-a2c3-a222e87c8a11,依旧,依舊
2a4a103c-4b63-4466-8c58-4a23edfc40f1,幼儿园,幼兒園
2a4f6125-6585-488b-91d9-0d4c07732982,垫子,墊子
2a56d558-05e6-17cf-1565-0203aa5e786d,进军,進軍
2a5befd6-b575-4514-985f-76bf645cc710,爱护,愛護
2a632264-d070-49af-22a3-119618b82ba2,磅,磅
2a6a180f-ad52-f674-a255-0fb82ca2e449,嘴角,嘴角
2a6a3162-8327-4328-9e09-9c4575f2487a,无力,無力
2a6a80e8-1b71-fe5a-a31a-d1e1c64dafa1,难听,難聽
2a6d0440-a72a-4e1c-a1a4-2141a0ca926e,铺,鋪
2a83c742-9ee1-ef7f-ca7d-f63ded5dedbf,投资者,投資者
2a847e5e-1336-418b-aa81-0736e4fe5acf,录音,錄音
2a89aa39-1eaa-4c54-8732-779891c16624,遛,遛
2a8a214f-cc95-4856-b208-514f375413a6,是否,是否
2a8e1e82-6ac5-4510-9d4a-ebfbaab882ba,满,滿
2a946689-7a59-e208-49f1-7723e78b7aec,大伙,大伙
2a9f2a6d-b22e-454a-87d8-2f5e5cfb09ad,高温,高温
2aa3d9ea-8564-c389-f87f-ec5c99a91798,嗰阵,嗰陣
2aabe39d-314e-478a-9bc9-d7035485ec88,电线,電線
2aacc5b2-41e2-4e76-9cf4-ffb23c497887,武装,武裝
2aaeda2d-f273-4a19-956d-f65150930b32,渠道,渠道
2aaf9d09-065a-441b-a425-c73a57394625,握,握
2ab40dfb-cfd4-47d7-9c39-e0232f6fef04,元素,元素
2ab717b2-88c4-49d2-82af-4659d0d2384d,效力,效力
2ac12e5c-838e-4d72-abe7-2c4364b23197,归属,歸屬
2ac1ff14-0fc7-8593-26f2-07432c054a06,份额,份額
2ad774e6-1872-44f3-9580-f6a9bf3337d4,好心,好心
2adcaa36-6b0b-4450-8b96-464dc50f458d,获胜,獲勝
2add2edf-2970-4f7d-a6ed-e2f6bdf9dc29,网吧,網吧
2adfa854-4c0f-46b7-a12a-a594e05046c7,消息,消息
2ae44501-c013-47d2-87a7-fcba8e6f5357,制服,制服
2ae932b1-f919-a0b6-5443-f4f1a954235c,罪人,罪人
2aea1e70-3505-40fd-acc1-66cc887ec055,东,東
2aec65a2-d08d-467e-b570-f51cab09a836,后续,後續
2af67d2d-965e-98bc-214a-aacfcccd08bc,保险箱,保險箱
2aff0b6d-9b0c-4fb6-bf12-f563d2194230,熏,燻
2b00ec07-90b8-4c77-8ea4-84d1e195f3d8,钥匙,鑰匙
2b016333-02bf-50c5-d257-efdf2ea20cbd,找不到,找不到
2b0336e0-c28e-2ca6-1d06-4fca57f0d6e7,胸口,胸口
2b0530d1-9858-45db-bfd5-b5391b2fefb7,童话,童話
2b07a377-8f7d-95ae-04ca-b4acc0cc573e,天花板,天花板
2b09a61c-23ea-2381-6ce3-7298575784e9,市政,市政
2b0a57b5-c0ad-90c1-0f72-6845c14c6426,女一,女一
2b0f305e-89e2-4dfa-ad98-45805520ad35,照,照
2b152e5b-3c27-09e2-ed4a-7965434e2771,预想,預想
2b19a5c4-df8d-4ca6-93af-a3d48987a903,出去,出去
2b1b9136-0118-42aa-a1e2-fea036437d05,城镇,城鎮
2b28effb-f780-80b0-6c8b-a144877efc83,戴上,戴上
2b297b2d-3b1c-4310-a0e3-edae6e04c338,相遇,相遇
2b2bdb65-7a50-4c86-b99a-1a4617c84a2f,乐趣,樂趣
2b2d0cf9-38d0-4f58-90cd-d7654c3d94b0,耳环,耳環
2b2db2dc-6b45-1f1f-1c53-ec07937af806,刘德华,劉德華
2b2fa17a-c5db-18de-837a-3c2dbc53c491,传单,傳單
2b3019bb-073f-46bc-9f1d-6a9582a636be,特性,特性
2b3e1cd7-4e49-8746-36bd-bac80467a6cc,马赛,馬賽
2b3e2218-6472-4fa6-9f0a-08097768ab79,桶,桶
2b3e30b4-7b87-4c24-9155-4254983ca318,厕所,廁所
2b3f01da-d1b8-231e-f27e-344c97a94b86,身形,身形
2b402742-992f-00d3-8222-dede3e68c76e,锡纸,錫紙
2b4112b0-4aa5-4f90-889d-2bff7dfda0ad,干扰,干擾
2b4cd6ce-56ca-3a80-32ab-06fb387f917b,总书记,總書記
2b4e6244-8fe3-123d-38c8-d32499d955c7,尽力,盡力
2b4f907d-ec3c-4711-8cb7-196754a5d5e7,光芒,光芒
2b531564-94de-4095-a8e5-0e1947a51f9b,体检,體檢
2b5ed1b4-d45f-231c-6e3a-61673a5245b9,追查,追查
2b5ef168-93c1-4901-809b-4cec86f8098a,墓地,墓地
2b6ce15f-1a21-b469-91fe-3b286a3c24dc,刃,刃
2b72ba8e-8af4-4427-a19f-a736ece6f8cb,常务,常務
2b72dad5-f549-45cd-88c9-2c0e6d569de8,固然,固然
2b765726-a20c-ed54-e25a-f215b0cb4095,郎,郎
2b78d2ce-2e1a-7643-5fef-1a314d76c5a6,粮,糧
2b8b0971-1095-4a0c-9cfc-36e9eeafc568,猛,猛
2b8f65eb-b489-42bd-8f07-e7bc4c8755c2,大厅,大廳
2b910ec2-39d4-02d3-16a2-7f2e27b54b89,心碎,心碎
2b996c2f-315e-d723-1d08-2d6cb1b51051,屠,屠
2b9f8e5e-0a0f-af7f-1018-29d67a569cb7,噪,噪
2ba06b9c-6cbc-6b34-c21c-5b8c0feb4465,睇住,睇住
2bb47498-00da-817a-8d8b-7ab7f9f1aeec,彼得,彼得
2bb5f2f5-ad30-4259-986f-9263a9a064e5,摆脱,擺脱
2bbaada2-935b-468b-8a9f-6c8e2f69b0ee,打扫,打掃
2bbc4e88-d7a6-76f3-667e-a012ce01a18f,我哋,我哋
2bc41b49-3d0d-46fb-844e-7b4a72576611,高跟鞋,高跟鞋
2bc54477-6acd-48e9-b7ed-11bc6f7a6f6e,高于,高於
2bd7eab9-bf9b-182f-a796-16ee3c678678,费事,費事
2bdb9b50-cdb1-e8a0-3276-836f4d63b50f,莽,莽
2be0232c-3234-4fbc-a81b-fb1fabff8655,火山,火山
2be064f8-4a6b-48a0-a053-7f2ddb9302cf,创建,創建
2be2521b-2dc6-4ef3-b909-3c07d77ac128,继续,繼續
2be73a4b-0631-4f57-bba7-19a08a0b6ebb,圆,圓
2beb7833-f790-f5d4-2f76-fc2c0666d222,探戈,探戈
2becb378-a661-d1c1-0f24-c6937b2096f5,唔得,唔得
2bf0eeec-32ca-4dd3-8476-44f1103fb2ff,四,四
2bffd44c-1921-4b4d-8c2e-86a9bd82c521,微波炉,微波爐
2bffdefb-38b3-4825-86ef-eaac8aa6071e,设定,設定
2c073093-4681-42e7-8c5d-ce5818743daa,享受,享受
2c0ab2f6-aa76-45bb-bdc4-1473cbf07fc2,天上,天上
2c0df9b4-e254-4516-a1f8-7d3e8ca946fc,下场,下場
2c19f59d-d493-7c07-9b53-400a5ffd7650,莎,莎
2c1b0c00-9ca2-4fdf-8f7c-6a7d622bda81,吉他,吉他
2c2a8edd-0396-4f0c-a1b5-e6b60265bb9f,地位,地位
2c2b9b52-856b-c520-a508-70369d3fff2d,放火,放火
2c2c0324-d2ba-4862-1048-1227a67101f9,宣,宣
2c318f76-5e51-4940-a980-0ba606497d1a,酗酒,酗酒
2c331107-1ad3-4847-b7dd-58d77e880f6b,渴望,渴望
2c3a0df8-56ae-b559-304d-4b3e97159eae,捏造,捏造
2c3f7958-657f-a604-bfc0-c3ce37e5399c,污糟,污糟
2c5259e3-594d-40ce-85b8-3776e064fbc6,航行,航行
2c533dda-6dc4-ac47-a270-04783919d5e9,前行,前行
2c55d979-914b-fb0b-02f8-26b2b944c7e6,惩,懲
2c57514e-cb11-4d7d-a94f-0d1fa848d906,火锅,火鍋
2c57f330-59c9-49d1-b582-29ddbdb8c75c,面子,面子
2c5f469b-52e8-4acd-97d5-d33fb666ebf3,晚点,晚點
2c6150cf-f055-4a60-aaeb-493527cb62f0,基地,基地
2c64dc2c-8b3a-437a-9c40-1ce4ab1daf78,用餐,用餐
2c72fcab-b3fe-42b6-b71e-fd113cda015b,王子,王子
2c79f939-2a68-733c-e52a-569fbe02d606,恶梦,惡夢
2c7bae4d-649e-4733-97e0-5a58875c7de3,有幸,有幸
2c857a19-71bc-4056-03bf-5f68e6619163,某程度,某程度
2c85928d-e3c0-4cce-8e9a-624112ebee8e,包袱,包袱
2c87cac3-89c3-40da-a8ef-01c0df630770,眼下,眼下
2c8e1709-7669-03f0-644f-f351966f6ed1,百万富翁,百萬富翁
2c93b7c4-dac5-5964-23f4-d5dde829cf83,大致,大致
2c99eba8-c1cc-63dc-3bc0-3d5504ef7566,许愿,許願
2ca44ef6-5934-b479-20a1-2c2e79ec7353,妆,妝
2ca465e2-8bd3-4ab3-a2b2-27577b63da7b,试行,試行
2caff5c8-408e-4a5a-b7f4-62e649687883,观光,觀光
2cb09357-5373-4d38-b6a6-d99793f52c48,教堂,教堂
2cb2c051-b9e4-49c6-8351-49447d001321,不料,不料
2cb9aec2-263d-4247-97b3-bd865ff53936,内,內
2cbc5050-7717-f9f3-ef8f-18a158c66eb5,签,籤
2cbeb594-1847-930e-f246-4cf3ce966704,平平,平平
2cc0acc1-60e3-41b7-9db4-95ab528be3db,意识,意識
2cc810cb-ca5e-462f-b6ad-7571a3e9791e,腰,腰
2cd3ef94-e007-4635-86c0-413e53e1b775,难过,難過
2cd4d4d5-b26b-4d6c-b61a-15e2e57efef2,近日,近日
2cdd14a5-f8c5-a10f-439e-f4b9f53a9e66,不妙,不妙
2cdf05da-3229-5c47-2f13-357dc8ef3df4,坳,坳
2ce08539-7628-4ee3-9077-39b872335c07,吼,吼
2ce8c04b-eb3d-492a-9f55-a1a8f32c3323,环节,環節
2cf2e1b0-8e3c-db09-32da-6cef0899332e,千年,千年
2cfc7b96-7433-4108-9a92-847867805b6c,种类,種類
2d056af8-5438-422c-be73-99885fdc016b,存,存
2d08f9f0-d951-42f0-e613-347b1a3c1b61,险境,險境
2d0d2e62-30e6-0825-a4cb-cb1f0b9173b0,前日,前日
2d0e8081-55d7-1e65-fd87-c99433880d43,心动,心動
2d2a02ac-3554-4cb4-bf2d-e078970b1794,军官,軍官
2d2a8eea-4c36-0f83-47c5-a9237eb2eded,逛逛,逛逛
2d2a9e51-f3bd-cf53-dad9-5ca7e884dcc3,猎,獵
2d33a810-4fc9-c760-16db-b8f24cea07d3,粒子,粒子
2d36475f-7943-436b-8f56-f35b9142e2bf,涵盖,涵蓋
2d3e4947-1554-49bc-bc21-15b839e0e31c,实验,實驗
2d483412-1c47-4cdf-a7b1-a7d4fcf50ae9,给予,給予
2d487212-499f-f6c6-2b73-f601d9168aee,录像带,錄像帶
2d4be3ac-afb5-3fd4-b285-cdac0aea16ed,谩,謾
2d5631ea-f64f-14fc-171c-b02b3915a223,特约,特約
2d566b6d-f7da-4a31-90d0-c73cb19973e9,公证,公證
2d576c73-be5c-b544-7b17-6568d528f4af,南京市,南京市
2d5a7d1e-e30f-4fd5-ba8e-27a86dc16097,色彩,色彩
2d5b7e82-5377-fd86-71fc-e26d2cb06a7b,劏,劏
2d617a53-a11b-d600-17f4-2216a221d070,核准,核准
2d62763e-30de-e93e-7e92-b0b1487ee9cd,下定决心,下定決心
2d67467b-df34-8bdb-09f8-bee56ea867d6,拷问,拷問
2d6be4f7-c284-4778-9af1-6c7e7adcc66b,主力,主力
2d6d86e6-2d59-4f98-1d5f-1c5e527a1c50,识到,識到
2d6eaaf6-bcd0-43b5-ab3c-d78920aa8e1c,语音,語音
2d75a2b5-071b-9592-61d0-4abfbe1573c0,靓仔,靚仔
2d77279d-e9ee-3b98-3b68-e5e7cc24ed34,担,擔
2d7c2c92-ce21-44d2-8d0a-dd79fd119594,条款,條款
2d818546-95c8-42cb-9aae-66ad5a4d0849,职员,職員
2d869eef-2c02-47a6-abec-ce996942366c,传递,傳遞
2d8a6eca-78ee-452f-84d8-928ef3144d77,无能,無能
2d8d23b2-7252-4afd-80fc-8fb379c30fb5,打猎,打獵
2d967be6-f657-4d30-9e68-7ff185af2666,别具匠心,別具匠心
2d97c3b3-ce99-a39a-dd30-2549f3cd73a9,了如指掌,了如指掌
2da097af-8935-be4f-ad1c-6675619286d9,投手,投手
2da46d6d-c46d-4209-824e-702da0f0d3d7,大师,大師
2da52bfd-effc-7ec5-554d-e83aacd5ca51,电话线,電話線
2daa81f7-199d-ce9c-0acf-62ab743332e5,自治区,自治區
2dab10bb-f5aa-3880-070b-7359db4d60d3,拍拖,拍拖
2db996d4-f6c5-46c8-bfe7-5d3c6ce30b48,坚守,堅守
2dba51d0-ab33-4127-a957-4b4b098bfc7a,大街,大街
2dc21eea-b950-400a-84f4-251945e19344,电梯,電梯
2dc3aed7-12fe-e9a0-1cb2-6d3938a50d47,大豆,大豆
2dc6f4a9-6be8-ae2e-0773-50185e967f72,爸爸,爸爸
2dc73121-5865-4dd5-89cd-9611ba005784,歌声,歌聲
2dcff5a1-e2e5-0325-1ebd-f2bc057e35b6,副本,副本
2dd05f2d-74ef-5d4b-1318-07ab50bd51ca,姑,姑
2dd83c62-2be6-1988-2bd7-006241ad17e3,处理器,處理器
2dd9109a-712d-5e20-a72b-98065160b818,溃疡,潰瘍
2ddc852c-bb99-4195-9d2f-4239919cbfa3,日益,日益
2de64273-840a-4b97-a026-28c8d11b578a,心血管,心血管
2def0c10-c3bb-4734-9019-f7e78c10ae53,之间,之間
2df335ed-7ce7-d2fa-5c1e-c247898debfb,铅,鉛
2df3f14e-2ce1-17f7-a7a3-b5a49963a804,见面,見面
2df75907-5938-4997-ad95-c22da085b815,乐观,樂觀
2e003994-8b76-6687-3a42-221f75759a7b,黑道,黑道
2e02806e-bf30-dacc-ce68-662eae153313,带,帶
2e067b8b-b4a7-a81f-7e89-1e6f6118ad7b,系,系
2e0ddbcd-dc9e-47fd-86da-d08e4d004e7e,亲自,親自
2e0f9a0e-0274-bbb6-8f22-e1a30becf6f9,绝大部分,絕大部分
2e102edf-fbc9-4ba1-8a84-f105ebd103d6,师父,師父
2e163c02-1fb5-4b7c-8543-c74aab04808d,熟练,熟練
2e176a3f-57df-496e-bd2e-e3a04d9b9fe9,不许,不許
2e17c7d3-e137-4ac4-9b42-59e592a69bbf,过失,過失
2e18b35a-9519-4542-955e-21d7767a1380,汁,汁
2e1b248b-5c27-4f73-bf11-f8a2fda94acd,牌子,牌子
2e1c016e-17f5-43d5-96fb-735ec027a454,慢性,慢性
2e1cb0c4-c97a-8182-ef5b-b95bf4d9d7be,绕,繞
2e1e79c1-6446-d134-e2f8-eb4aaa16bd1a,麦,麥
2e1fc079-63e3-0719-ac8d-be5a0b5a9693,市盈率,市盈率
2e2a0887-c7dc-4f83-9b2e-38d0e6a8c6c1,网页,網頁
2e2b3645-ec1d-4b7a-87f8-97c933c063a3,缴纳,繳納
2e2e65ea-5486-192f-a281-2917ebf9ea46,扬,揚
2e35147f-a342-4de6-8e27-270577435ca1,判处,判處
2e3ddebc-9802-4a90-8d45-ff7f59897ea1,延伸,延伸
2e3e909d-e1a6-456d-8de1-0f8e01ebb5e4,秘书长,秘書長
2e4ad52a-7a8f-c068-4808-6b12c58e83d3,文青,文青
2e525129-ee30-d248-ceab-0d6d0651a08d,情绪化,情緒化
2e54b0a8-9e68-dcca-ab3c-e7bb6e851bf1,搞到,搞到
2e57e967-81ac-70ac-1899-b4576cbc4103,结算,結算
2e5efa36-8cb2-54bf-5a9f-fe835e30301b,火鸡,火雞
2e62010e-54f3-0117-1398-7e4982678d23,瑜,瑜
2e647148-5988-b8c6-20df-8083afcf9be9,号,號
2e65623a-416e-b71b-ca30-ab20bc69e848,秘,秘
2e69571e-5df2-ab21-97f0-1bb24fe6acf1,积分,積分
2e6a97c2-2788-259a-28e4-fcee5577280f,艾,艾
2e70ec9e-e840-9c4d-1b65-e643dd5d5330,矛,矛
2e765c50-c116-2e16-2ffc-17ee9e9c66eb,辣,辣
2e7f662c-70e2-9338-69b8-c4e1f2ac131c,每次,每次
2e7febae-df60-5eae-91bc-e2719d8a08de,少少,少少
2e820c6a-65c2-36ae-5e3b-d34c70600fb6,剩,剩
2e87134a-13fd-62bd-1c3d-12e6626ef7ad,劣,劣
2e871832-dbe5-72d4-ea68-4a0c08b9ed83,然之后,然之後
2e89eb16-f0e3-40b9-ba89-1a6e346e7663,虫子,蟲子
2e8a6718-d510-4d79-9bb3-f8f3b2738fc7,季,季
2e909df7-168e-42f7-8020-99327df7b2e4,中止,中止
2e99df84-a0b6-4ec6-b21c-1c0cb11548ba,交警,交警
2ea12f50-0e58-4c17-9311-9f025380fcec,贪污,貪污
2ea287de-f208-45f6-96cf-122469c0d06d,公民,公民
2ea3507b-5ebf-3de2-57ba-8823af515946,政协,政協
2ea64305-c766-c541-6703-5115624415f9,吴,吳
2ea8e106-bfe3-4922-9212-2c763038040e,膨胀,膨脹
2eab41d6-3efe-a846-ffb0-00a6e6fc9059,关注,關注
2eac677d-0d42-7254-2113-8d9a26015b13,掣,掣
2eafb54a-d470-3302-87b1-1a320a50b326,闯进,闖進
2ed20c77-732e-4bf1-9c00-2c74b609b9e8,碰撞,碰撞
2ed63e40-c169-4645-a7fc-15d57f1f3617,苦,苦
2ed98fa8-f33c-876c-3e68-2e33b916179c,涩,澀
2eddd5cd-1819-4c37-8ce1-24f854fc799b,翅膀,翅膀
2ee7cd8b-4255-415a-90a8-078c966c3c72,卑鄙,卑鄙
2ee8ba93-fb7b-86fb-f466-5f2cc436d49e,抽取,抽取
2ee97b0b-d640-ceb5-725f-f41f683f3ae4,替补,替補
2eedf969-7455-8fd7-03f3-cf493f835234,祖,祖
2ef455b1-7f76-9437-90b7-7b47b1986344,架,架
2ef506f3-db38-cae5-66a9-637eba9487fa,心底,心底
2efaa99a-2cda-45ed-8819-af42a8584fe3,修,修
2f021ec8-37c0-8318-16a8-804afb74a299,故仔,故仔
2f0d9cd4-3f36-95e6-4252-17d9adb5c5ca,传唤,傳喚
2f18a114-d3d3-45e6-ac1d-a2c35585d690,狼,狼
2f1abc60-dc1e-f636-db71-58baaead43c7,手淫,手淫
2f238e7f-cada-c7f4-6f32-1611884321aa,钥,鑰
2f2527d4-5f97-4990-a68a-67172e0a3554,酥,酥
2f266570-9aba-42cb-98b8-1dd4460a4c75,耗,耗
2f28fa00-5e26-42ba-8e4a-263f9a7d7024,惯,慣
2f2a7d3b-20ae-468a-99a4-ca47d1a0d250,去除,去除
2f32fe2a-48c7-4cab-b1c7-42d01fd5464b,分享,分享
2f3652fc-1b65-fd6b-3416-99e853985d44,提醒,提醒
2f37e5d5-c0ea-4263-b9ca-b91635e1ec7b,开幕,開幕
2f3cae06-1f31-687b-58d5-5ab6cd7a4d7c,知情,知情
2f4838b7-d7a8-4a91-b81e-c6920e19a1db,胶囊,膠囊
2f4e249a-8fb4-4348-82c4-f078bcd921ba,打算,打算
2f4fc0dc-8276-aa86-77e5-10915dd06558,食,食
2f511d6c-99c7-47c1-82fa-9ce5806a990f,消失,消失
2f5242f3-20f9-4223-a70a-e6f503b2a982,底线,底線
2f536254-c142-4b7a-a072-fa4093529eb1,考生,考生
2f57a4c4-33d4-432e-9bd0-3ec1753315cb,情侣,情侶
2f5b2dd5-1ee6-4a9b-a83c-1b3dae207e77,全新,全新
2f5d2fa9-296e-3387-2843-0e35eb36055d,亚当,亞當
2f5e36a1-51c7-f906-e462-849eea0f322c,面谈,面談
2f5e9875-9237-4939-9bc5-dc12df218243,黄瓜,黃瓜
2f5f7cd8-df6c-e29b-5037-4225886bf4b8,系列,系列
2f60370e-316a-4a64-a584-1e95dbb35079,独自,獨自
2f62a82d-c712-5795-a36c-6898c210c59f,料,料
2f641205-696f-8024-460d-a366b9ae8f1c,波多黎各,波多黎各
2f687de7-490f-4235-a1b0-6d275514cc51,阴影,陰影
2f69dc4a-24c9-4530-a7ee-d0501ace478f,青春,青春
2f6c18d4-9798-aa5d-d896-6984618e6bed,眉,眉
2f6d7e42-4eed-4257-90c0-edd012fc5ada,将军,將軍
2f6e38db-7043-2f06-9635-eaef9acda86d,生人,生人
2f7b8d7f-0ce8-4141-8127-877f55a09de4,回报,回報
2f87c826-4b5a-4714-a711-a34d5ecb4266,通往,通往
2f8aaf56-8ad8-4366-9241-387e529e6bfa,社,社
2f9b4843-db31-4305-865f-e40126004143,董事,董事
2f9b8ee1-b4cf-42a9-9835-2bd8916d2994,救,救
2f9e2478-b342-784e-2f84-3b1f534d9cc1,带走,帶走
2fa6452d-bbe9-cf13-a835-e6aff05dca21,得著,得著
2fa800f6-bf5f-4b8a-ab5a-c22eee6cfa71,全程,全程
2fab65c2-3e89-46ac-8236-898b6485a14a,诈骗,詐騙
2fb1bc20-5760-4aba-943c-3eca1c5b5838,妻子,妻子
2fb4c685-db0d-783a-26d6-df4712425003,几多人,幾多人
2fb9ccd5-ef0c-bd37-cbf5-41d570bd006d,下星期,下星期
2fbc5d05-5498-25d5-840a-3218bb7e6464,付出,付出
2fbcf123-6589-4524-b3f0-2afeff36ac5c,负责人,負責人
2fbf6950-43fe-4ea7-b7ef-6e0ca2559e3c,到底,到底
2fc5d085-630d-4c0d-879a-17ad41c93376,事迹,事蹟
2fccba91-cb47-6da9-4750-709e08316b55,怠,怠
2fd06ec2-5b68-4152-99e9-d680e473d0b8,幸运,幸運
2fd1c259-d807-40b5-9502-e21af35a909c,文件,文件
2fd89a95-8585-4fda-af03-784bd46ddfa4,棕色,棕色
2fda0f06-d98c-48b7-ab41-2b0e246fe7e0,路边,路邊
2fe7e0f6-3f0a-40cf-3bc3-90ef541aa42a,修好,修好
2feeff83-c0fc-496b-e256-a6159860d574,露,露
2fef6a32-f301-ac8b-4f5c-f1bf595b221e,舂,舂
2ff307ca-7e24-44bb-b068-3b67b83b7447,振兴,振興
2ff6a11a-031f-3507-a930-4997dfc8929f,头,頭
2ff73e57-d5ac-392a-14ae-eb8ed51f279f,天天,天天
2ffa4693-0036-4cac-b2a0-eb2df18acdf3,晚报,晚報
300479a3-cff6-4c97-95ae-ea678a10f655,衰老,衰老
30051416-a0a4-ad28-dcc1-8deb2f3a5473,徙,徙
30061593-065c-4a27-9808-2574cb42f08e,树枝,樹枝
3008b631-dd47-4fea-b9e6-cd61af610a3b,造就,造就
301152b8-716b-a4a7-b211-ae5be0afb824,不久前,不久前
30175eca-e7ed-4523-9dd4-a73891dd7901,印象,印象
3018f083-49e3-4a05-9520-803fa7ec2355,放暑假,放暑假
302df765-4a85-6c98-d31a-84a540b2dcbd,幻象,幻象
302dfc94-7983-0feb-4d82-c69a59b71621,赐予,賜予
302e87da-1918-0076-3950-850dd141ad08,阿妈,阿媽
30334c0c-c7e6-7bf7-4a22-0442f465a5d3,声音,聲音
3035a8a2-328d-6dcf-1e22-87b0799de3d8,得,得
304394f3-ea24-b3a4-f6c3-62593f1e1724,老实讲,老實講
3047aa2e-aadc-4dd5-2fc4-6af82e65bee3,暴徒,暴徒
304f7035-5527-6868-0b68-b8b2883bc087,核突,核突
3050cd8c-e774-4e16-803c-8b1e3d99e853,贴,貼
30572645-df5e-4843-80e5-d05ef37e7265,野,野
305858b3-e505-c1ab-f2b8-74504b15f9a0,拉手,拉手
30592963-5b00-4fac-adb6-83f936261dd5,那会儿,那會兒
305a0560-f431-9625-ea30-1201a1be037d,馈,饋
305aca84-2199-2841-381a-53f8e72b8e1a,孔,孔
305f2881-9108-c7c5-4a18-d28b676e8447,令到,令到
30633d15-3d8b-47cb-9341-fc493f2d3abf,升值,升值
3064a728-1cbe-4cd5-8240-90b6341d6841,审,審
306719c7-28af-4f02-a76c-a8ac51790e38,先生,先生
306f00ac-45c9-42b1-8594-acea00132658,价值观,價值觀
3074ea1d-068c-383a-1e37-bf220e6097fe,大喊大叫,大喊大叫
307e938f-2fa9-4989-b4ff-b8e2791e41ee,反响,反響
3083c659-2a6f-445d-bf5f-134d392d423c,主导,主導
3085b447-d4a4-f464-0f2c-44cfdfb941d9,立法,立法
308c7f43-287a-49ad-8d20-455e012eca87,动感,動感
308fbf1a-36bd-4c75-a8c1-6f5187466771,唯一,唯一
3091bddc-47e9-1cd4-9528-5296de8a5fa2,星球,星球
309d2356-b5eb-07fa-3bfb-726ffb1d64ea,卢,盧
309d652f-3a15-4efe-826f-3d3c35d0bf6a,所属,所屬
309fc866-fb43-4b5d-9acf-f18920384d09,越发,越發
30a4c00e-dbac-4f15-be8a-83d39b03fd7f,要不然,要不然
30a5f330-8eb1-45ef-8708-fbb2a47a2149,算了,算了
30a607ab-6d4e-4073-a3b3-82df79863ff8,一体,一體
30a6eecf-a150-4d71-b9bf-b2623ff4fdc6,揭发,揭發
30a85e01-f5cf-2927-8f81-8a086100bb9c,睇过,睇過
30b25846-ba8c-4b45-a417-980c01a18307,读者,讀者
30c6604a-aa1b-48a9-9ce9-d974fdfd80b8,执,執
30c68b99-84e4-fdc3-3576-34a283f525dc,泛民,泛民
30d915be-1617-4231-81cf-bde9658d8c31,诗歌,詩歌
30dd8b47-a562-4e96-acc8-d0f541920bc8,出场,出場
30e1131e-d86e-e71e-9c93-228908137b6d,恤,恤
30e646ab-fe8c-4bad-8df5-67d0f099ff22,评委,評委
30eab7e5-1ebb-4270-b087-44b437607e4d,回,回
30f3e456-41be-3497-83a3-695f65c26dc7,饱,飽
30f3ed09-6ece-4607-a219-8ce4fb9865be,新,新
30f46b54-7c2a-4847-83ec-7ed5f597786d,致富,致富
30f85468-92c3-15ca-9306-3136d0b244eb,洗手,洗手
30fb2622-b03e-e833-1c2c-62cfb5f73d55,亚伦,亞倫
31035e5f-f2c5-4f6c-8f45-7276c60206fd,侮辱,侮辱
3111669c-5490-4234-8891-2f9bb3266c5e,海拔,海拔
311aaccb-560e-7415-fa3b-86ad05f5f717,抹,抹
312208d5-329a-654d-28f0-8571925cf3e6,今夜,今夜
3122dd6a-53e0-475c-9cf4-d72eca82499e,祖国,祖國
31258851-5f67-479d-8fae-370bcb60521e,饮料,飲料
3125e067-5e4b-839b-72d3-fdb3b02456f2,你老母,你老母
3126519b-b23c-ebe2-e6ea-3d24d27e6e27,好些,好些
312b56a9-70eb-3a29-153f-62c1cdd88f7c,中行,中行
312c71b0-9b12-2455-e246-b35dc263a3eb,共同,共同
31384bb3-9bb9-d429-d136-c3e09d688062,立,立
313a8459-1fd9-d368-f6e1-5f7122cd06e3,崇,崇
31453e00-b740-494b-ae55-3723ad3feac3,相识,相識
3146836f-305a-423f-b1ab-75fa0645f6bd,面前,面前
31478f7d-ffe9-4371-8960-ad38a14d4d59,拴,拴
31487925-3f33-4cef-9d29-9806e3139c63,费,費
31493675-b31f-48a1-af95-069de3046ecd,推进,推進
314a602c-8acd-d983-5231-d3320d011f96,斥,斥
314e4d2e-ea25-453f-8574-87258aa52fa1,售票,售票
3150c246-204a-0850-9496-a234b248426f,宅,宅
3152930c-0926-4bd1-9517-43c51a38e173,深夜,深夜
3154418f-70eb-4ef6-93ce-993234fb243c,富有,富有
31555194-c985-5409-d0a4-5650fe022f7b,后卫,後衞
3156f57b-9bab-1487-0b73-ff68365c59f2,时报,時報
31599d50-b688-4400-aa87-8aeffdcac669,固定,固定
3164ae79-bacf-45f0-b5ad-34bc7617b0c4,生物,生物
31660298-e0ea-4c2f-9b89-ccc3416ac109,八卦,八卦
31681fd8-71d5-4086-8472-828025e97bf0,腹泻,腹瀉
316b1753-6ad0-48ff-8642-c6096a7bf6be,失败,失敗
316c3a37-2542-4b55-ab78-378cebf401c4,商业,商業
316df902-a90f-212e-6c76-f4f97930ce08,覆,覆
3170bd82-b880-d87c-85cc-f364d273675b,丹,丹
31763a7e-4b50-4c4b-9ef7-6e9d8d6e22ac,兴奋剂,興奮劑
3178a8cb-3b36-09de-92c8-6a650f19b7b0,史蒂夫,史蒂夫
317fc08e-13ab-9853-0856-72f186c5cf9c,古巴,古巴
3187ce02-6053-6a59-f158-412e89bd178c,用法,用法
318830fc-8756-4d7a-a415-02bdb1eb15db,影星,影星
319301a8-1b2d-4692-b2f8-70b0be3fcdab,构成,構成
3199b953-5892-4045-8791-136136938c54,布,布
31a3417e-a7a7-4e2d-b816-859e5af701e3,忽略,忽略
31a39974-e510-46c4-bfb7-70b0244e0460,香味,香味
31ab59a2-c822-4bc0-9d41-52f8412e17c6,坚强,堅強
31ade2c3-816c-9de8-958d-577677526a81,唇膏,唇膏
31afc7b3-b6d8-4337-8cd0-78207b0f9aaf,大力,大力
31b1ee8b-de77-67e8-58d9-443dab1f252b,拙,拙
31b2e684-4536-a879-ebc9-57f589d61059,冷气,冷氣
31b6ee00-cdc4-4ed9-a924-afc12bdb730d,门铃,門鈴
31b8dec1-e74e-489d-ae51-d695f1a0006f,友谊,友誼
31b9e2c0-306b-80c6-b6c9-aace8038f9c1,持有人,持有人
31c3ba44-16f5-4d57-8050-696942d0292e,正常,正常
31c5c8fe-5a4f-0871-10c5-aa3b1f25e0a6,屁股,屁股
31c6508f-a064-db7c-0a86-2c101042c660,黑暗,黑暗
31cfb1e5-c093-481c-83a5-9b21749be9f7,情节,情節
31d36efe-fab0-6f42-d5ba-7667fd8648a2,不外乎,不外乎
31d90890-1a66-4c15-9c8a-fbebb96d2597,船只,船隻
31db237f-8520-48e1-99db-70224fee9212,摇滚,搖滾
31e0378c-b0b8-4f7e-a239-fddd59fd4f8e,不过,不過
31eabfdc-d11c-42f7-85b7-d9e050c44501,味儿,味兒
31f146d9-28a5-4013-9c52-98ddf5e423ac,电报,電報
31f5d6bd-a8c4-4d89-2307-3b74c1f738c2,联合会,聯合會
31f83720-8f18-4490-24f9-6f70df7de021,朽,朽
31fb0320-1389-0c1d-fc3d-fbb5739a2c77,共事,共事
31fbecbb-6186-72f8-253f-44eeb5c54d38,最多,最多
31fc2581-b2ac-49c2-840d-1e0e13c8ae90,无比,無比
3202286a-a449-4943-a141-c9f7cac608d8,职工,職工
320440b3-bd01-418a-88dd-b75c24ffffae,啃,啃
320e04b5-2d71-cb2e-9472-f6d44eedce58,革命,革命
3211a9b1-ad7d-39e2-59f2-8cf8fe356b70,通通,通通
321235d0-1d58-5adb-5f90-5475c348ea69,明,明
3212751a-0727-4769-a561-5bf51d7a169f,放心,放心
321b306c-7861-7d5f-3b26-32b8ae00cff2,褐,褐
3221adb8-0e52-4831-b35b-bffa87dbc8af,确实,確實
32229cc9-1800-2fe7-ee82-95934d34cddf,茉莉,茉莉
3225811e-3074-4280-b0a7-b6d9fa6e7f62,报考,報考
322fc65f-be20-44c2-bb17-684501e789f1,询问,詢問
3233b5fb-ad86-4bd2-9bde-39ca8b4ac3ac,笑话儿,笑話兒
323bdea1-c1f1-ef06-9a23-d2a669a4c61c,物理,物理
324145ab-8849-71d2-6cae-24e16e9e6a72,眼,眼
324bb003-8294-4e0c-80d2-4a7fd59d8951,粗鲁,粗魯
325345ab-0a87-e83c-d462-13b30d705d73,合伙人,合伙人
32538603-7055-b302-8fd9-9de46015c2ab,任,任
32582963-c071-6b43-2dd8-89c0dfe897bd,轻度,輕度
325a6830-39a5-79e3-d768-01be5befb2d1,猥琐,猥瑣
325dbdc4-d19a-4238-8e0d-0e367a079e39,疲劳,疲勞
3267d66c-c2e4-38f2-10c8-7811b22cb9fa,盈,盈
3267f3d7-5dc7-467f-b9cd-3069dbc62c61,网民,網民
326e0b0f-dc20-e6c6-a054-993b7e861ac9,责任人,責任人
327634f9-eaed-9899-8bc5-d8f2b7cd20dd,之上,之上
327bb990-0b57-435b-bd06-a330fe456dce,宣布,宣佈
327f6597-9f4e-472f-8b47-8bad8168c629,膝盖,膝蓋
3281cb5b-226b-48bb-9ba7-79d98368609c,功夫,功夫
3290a033-1c4b-eba3-68ed-3fd62e1edfde,购,購
3292a225-428e-a842-bd85-e66afb37b1a7,特警,特警
3296e88d-b350-4d80-b3d4-1265eed0eaa9,饮水,飲水
32983e74-9f17-463e-8ba9-103b9bb5be35,吃惊,吃驚
329d46ae-95b7-e409-02df-37e0461cd1ef,除咗,除咗
32a49666-d316-b11e-fcaa-45be4fe189aa,布,布
32a74f83-7e75-4b24-8efb-07dedcb3cf2e,保险,保險
32a9a453-3e1d-2fe0-ac54-ed597f9353fd,切,切
32aadd1d-3d2b-fbb4-63e2-f594c7e27b03,蒙,蒙
32b1879d-999e-0812-fbc1-3b4a2b36e367,狭,狹
32b8e561-0e58-484a-b12a-e7f0fef132ad,明天,明天
32c3fb33-488b-fc22-e692-296af603af1f,伦,倫
32c9bddb-19fb-4489-aa33-237317ea661e,梦,夢
32ce440e-7c1d-9641-69fc-295e466afee8,台,台
32d3ba96-e517-41c5-8ba3-617ca4351a85,家园,家園
32db15e0-5d8a-4b18-84bc-cd3888d417ed,回味,回味
32de0b6d-5f3e-4b13-80e5-b2221f11d204,男士,男士
32de726e-d2e6-4b9e-8a25-a80686997fcb,说话,説話
32e0bc76-2089-d609-eee6-617b9fa9204a,传票,傳票
32e45b4d-cdb6-d5f1-69da-31202229016b,乳,乳
32e73430-bc81-4483-0dcd-3bf53366e0e1,陷入,陷入
32e86916-9b22-a76f-1a1e-3914621944b0,娜,娜
32f52c27-27ab-3c45-40e5-e5176c41de6c,嫲嫲,嫲嫲
32f70acb-4fe1-4250-5063-aa1bbad74d4d,宁夏,寧夏
33044dd7-b7d0-f243-2c6a-949402c0bdf4,难,難
3305c868-cb4e-67a4-528b-b4c58f768ef0,糙,糙
3311e9e0-28ab-8eff-9064-53ef58eeb407,重力,重力
3312c4e5-e761-4e8b-bc89-80de0b4e0717,仲裁,仲裁
3313ad36-ca3d-4ef8-918e-02c8ae594115,反驳,反駁
3314ce7b-8fd2-970d-99c7-47dd21e4dc92,教会,教會
331ec0d0-4185-4789-b62e-8a4d5aa6eaad,城市,城市
33209454-bcb7-4afd-9c65-febc38e356eb,嫌,嫌
3328ec9e-5f8e-4397-b30b-92bda50b29c8,收拾,收拾
332a6d36-2b89-4aab-b752-baf8e6509e87,实习,實習
332b337c-57c5-4da0-b177-b34ad7dcbb7d,呼吁,呼籲
332b9a07-6bb9-48d6-8732-dd8b7e3a698d,起码,起碼
332be13f-b4c1-8dfd-571b-b8318fb94ba5,剔,剔
3331ea4a-5ec6-41ab-9217-73f80fa3a5e2,激起,激起
333a994c-1cbb-4a42-a7d9-9584812289f5,合身,合身
333cad6d-68ed-445a-b438-db4c326fde14,辣椒,辣椒
33425418-0470-67bc-a56d-956a46c31900,吗,嗎
33437cd5-e641-4e7a-82da-c253b55bc47f,对立,對立
33445292-2884-43ce-83cf-55b9230af377,抢,搶
334b4803-3422-406a-a52d-6f9219198191,看得见,看得見
334d7d7c-afa2-46e9-f62d-79d473d4ba10,主帅,主帥
334f1e04-7091-2798-2f46-10dbb6642fa7,仄,仄
33515df3-b459-c5d7-ab6d-37740aecc399,大户,大户
335ca044-eb7f-43fa-b4c4-3716afc77553,阶段,階段
3361bb5b-43fa-4bc9-a1bf-58f0ccc632df,限制,限制
3366353a-09fa-85fc-bf60-5e01ea710167,后援,後援
336f0835-e61f-22de-3780-575c2d9c5935,洞,洞
33700a47-60f9-4abb-98ff-820c7337ac21,信用卡,信用卡
3378f2e1-cf9f-42e6-64bd-be5bf75131a9,醇,醇
33803b01-8f7e-667b-1dca-e07ba20cdb7b,例行,例行
3380e177-9680-4daa-a0f1-83d811465159,税,税
33886664-9d4b-4c5b-ae66-26245d407f8d,挣钱,掙錢
338bbd31-504a-435d-b711-fab3be869a35,节能,節能
339470bf-8a86-47e4-a76c-d76d21137fbd,敬意,敬意
3398aad3-66af-d037-42a4-b6b8b0b6997a,烛,燭
339965dc-8895-d875-83f1-2c212dca230e,大佬,大佬
339a07cd-e562-39c4-3e46-768d22b8a4b9,干,幹
339b9fd0-532c-411f-8a0e-6b9d12f94e17,普通话,普通話
33a7c11a-167e-455a-9176-6aa1dc3ca1aa,车展,車展
33a8e3a9-13c5-4ed8-82a9-4004022da9ed,享有,享有
33af1600-4d26-4d14-a704-e3b1879b8efc,跟踪,跟蹤
33af2a83-3820-84ba-1dbb-781bdd66e58a,照射,照射
33b10bb6-0028-5dfa-cefa-06e2a1d070b0,俺,俺
33b7bb60-b7d2-7249-4393-2965b14340eb,月光,月光
33b97bad-2e65-6a37-86e1-aab85424b563,乏味,乏味
33bfffee-f696-4c1e-a8e1-554fd6aaba98,距离,距離
33c015ff-14ba-11db-7b86-1d71d305736e,亵渎,褻瀆
33c5e1c2-b244-4c07-a14d-2502c9bd21e7,羊,羊
33cfa6f6-fe1b-4483-bb14-288562eed398,持久,持久
33d8e284-9ed8-4fd3-93a7-f87caabeed4c,幕,幕
33db5224-c91e-967c-6eb6-8c8cff08e45e,作,作
33e14b8c-1151-4f1b-8116-8d1ab06ea94b,提示,提示
33e2bed3-b84f-408b-88cd-808ac3e76f65,模式,模式
33ece310-6879-3988-9686-20128aacadd0,上层,上層
33eeb62e-76b9-4f9b-ab52-bf5eb4303b1b,换位,換位
33ef24bf-c3d0-a61a-8173-43333610eda1,只要,只要
33f2a662-092f-9a8a-dbbf-7e9dd7b0b633,第一步,第一步
33f6b66e-80fe-2d3e-d65b-74fa4c4bcf73,济,濟
33f72bf8-8962-b559-d2e2-51a3549063cc,不出,不出
33f9591d-1e89-1ff0-a773-fbba23a7e4ba,憎,憎
33fb3de7-90b4-cd8b-ea63-a7a1a5c87dbc,沃,沃
33fe4d0e-d9e0-b30e-c0b8-11a15402ee32,矗,矗
3410bd81-f112-4a3f-8405-77bfe00fa65e,起床,起牀
3412275d-e1f3-43a6-bd3d-214e48799637,查找,查找
34132fcd-df11-4780-9988-901c46ea81e6,风景,風景
341847a8-e2e1-4a36-8e69-d053f1e336f3,蜂蜜,蜂蜜
341f0ba4-b64e-4a0f-b306-24efbf0db024,意想不到,意想不到
3423f3a0-ebc7-8561-2180-b964cfa22658,心目中,心目中
34251d4b-68ff-4eb0-bc2e-d5fe079eb36e,今年,今年
342540f1-d3e1-4289-afd8-2a8d92d9ff5a,封建,封建
34266417-397e-bd84-7329-a995582173f6,吩,吩
3428df11-5422-7b20-bde6-f9f62056e481,收场,收場
34373c79-19ad-4e7e-a841-eb6ec36a278b,学说,學説
3437f52e-88b4-4eeb-8489-b6f83b92a475,殴打,毆打
343e8198-6d7e-eeb4-1502-d049ba0ddaed,可可,可可
34410d2b-c208-9964-2d5d-19c945c34ea2,峰,峯
34425176-ac9c-1c60-e0d1-ad8935d2530a,卫生局,衞生局
3444083f-3d0c-ad47-bdf6-d6160856ff81,寞,寞
34477b37-8559-2402-d51d-95a4145a3dfa,赌场,賭場
345238d6-00e8-ad6b-7f00-d3f6b3408277,王八,王八
345352cd-73b1-446a-99af-4a86d48a5427,锁,鎖
3453a467-63a6-c37a-bc81-0c2650646337,对接,對接
3453efdb-d014-42a5-9c61-2311b7250a35,挑起,挑起
3456eadd-7301-492a-a2b3-97f56d4495d0,气色,氣色
345b40fb-dc3c-4d88-bdb2-a6beba6a2a1c,学者,學者
345d577d-78c3-5a70-283c-f59ace91cede,舵,舵
346bcc4f-db08-c0fb-05e6-73fb79d3fdf3,洋葱,洋葱
3470d420-61fe-41fa-a5bf-30b1d3e61d03,绑架,綁架
34764422-5d42-ed18-e705-8a18bdac79d8,溺,溺
347b916f-fc62-4aa3-be32-07b6c5c5344c,诗,詩
347ea30b-294c-4e79-b6b7-4ea6769a0f3a,单独,單獨
347eeb6d-e70e-4908-88a7-0e3b4e02d1ee,能,能
3481a527-b0c3-4d12-b48b-8b17a9d7faa3,体重,體重
3484189a-0ed1-4364-ac61-be60a7a382c5,尽,盡
348814a7-5dc4-4897-b8e3-460625223107,趁着,趁着
348bfdb0-16c4-dcba-78c5-9294c8e608d4,经,經
3491abcd-9243-c145-0cfe-eb5c1153315d,罗伯特,羅伯特
3499e3f5-5e5a-4b85-a30b-37c86f869bda,平和,平和
349adaf7-886f-1dad-8294-88c87f7ce47e,拉丁,拉丁
34a13a42-d3a4-40ea-8b1d-0b37ef1b73d1,公路,公路
34a31122-4d1b-4b52-82d2-38affb5b9c13,解说,解説
34a41b7d-a756-43e5-ab51-85d5858881ee,乐园,樂園
34a564a9-170f-964b-8776-0d850fcb8f65,丰,豐
34a7553a-740a-4330-956b-912df2856611,大象,大象
34a904cf-d286-5238-ab6f-69c666dae314,外国人,外國人
34b4c5ae-1505-011e-53ea-b65db3fb5ab4,多方,多方
34b9042b-74e6-472d-b1c7-55c86defa1eb,感受,感受
34b9187f-5896-479f-9c61-3874e048334c,重现,重現
34bf864d-d9b1-8127-89f3-ac74e3521c89,中央电视台,中央電視台
34bfdc77-442a-cbb6-8882-9c5895e2f2f8,岭,嶺
34c76fa8-6ed3-4107-ba18-4cce74201333,揭露,揭露
34c8e4e9-d3b8-42a0-9bf7-2c9591e15a29,包含,包含
34cd3e7c-b451-47a1-9470-c6678a7e8d44,游泳池,游泳池
34cfc28c-34cb-2c0a-a838-b635d02cbf1e,味,味
34d244d3-9f14-31de-59a8-33a229a17128,吃醋,吃醋
34d25f3c-238d-4c3b-8d59-06f4360ab2d0,考场,考場
34d57a15-f166-4fee-bf54-515138cf92be,背叛,背叛
34d74c71-5166-492f-0980-081afbd8c3b7,福特,福特
34d9afc9-7da8-0b03-6909-9bcd87806bc1,城市化,城市化
34e655bb-e94a-d863-dd71-8a51d0c8eb30,第一季度,第一季度
34ebd8bc-a1e5-4150-90cc-221e1c8a8f6a,礼品,禮品
34f77285-19e1-4d9c-bf4a-b81a7131ef0b,盏,盞
34f813de-384f-725a-b119-ac6600ec8d11,罪过,罪過
34fa1967-1ff1-bdd5-5797-c2789ab68a02,意,意
34fb1268-0530-8d1a-3d3c-c5c0cc70d80e,脊,脊
35021ba2-5c3d-cd2b-b780-2e7c7a0c6e2b,控制,控制
3505eb14-a25a-f409-dbef-263f125c2003,妇联,婦聯
350b1909-44d4-4fb6-b74a-59043afade7a,锤子,錘子
35108ca3-888b-8b9e-65a7-9e9eca7468e8,连带,連帶
35139caa-2d69-4997-8749-898344f69192,海洋,海洋
3515cf75-19af-43e3-8595-b9b295651467,琢磨,琢磨
351d331d-7db2-4d8f-8c4b-811d1350489e,移交,移交
351e30ca-7951-42fe-b763-a76c84b6a0b8,车上,車上
351fd91e-6bb1-d2cd-af54-04c210af9079,活活,活活
35255971-f679-44f5-a06d-41b77a1a7784,物资,物資
35343397-7e0f-4592-8624-9dea3a827dfa,火炬,火炬
353a4f0d-4ac1-dfbe-c415-2476b2b0de20,屎,屎
353e92e5-8c68-4078-856e-b3dfda8697e2,架子,架子
354c76bf-2d06-d078-a627-0851ad907b88,合作,合作
35541414-ffea-dcff-9dbe-e78cd9aadf51,栅栏,柵欄
35589212-77a9-7cdf-7941-bbc4f1df400c,词汇,詞彙
35609862-1bd3-4a02-bb90-e03655df672d,打造,打造
35641e48-d2eb-4489-846c-59fc913b7ea0,传染病,傳染病
3564e67a-853f-4981-9e9a-1d2f6e753257,验,驗
3570ca51-592b-a66c-bd87-c9ffc02d1eca,术,術
3579d0d2-a08d-a3ce-8ff5-594fbbca01ef,里,裡
357c3a46-9146-4cc0-a153-bdafcae66d33,果然,果然
3585cf1d-492c-46a1-bd4d-9139e8a0080c,问题,問題
3587e834-90df-4117-a037-bda63e63fe53,实际上,實際上
358af4b5-2a7c-48e2-a9f1-5bfd09149df0,容纳,容納
35943359-3ae4-593f-1c8c-56f5231e6f9c,逃脱,逃脱
35a07a1e-200f-4dd6-930a-b01a3626d5a7,应邀,應邀
35a07cd3-8dd0-4549-a9a8-ccd604a0e5f9,学问,學問
35a0eb44-bbb7-7af5-d2c3-2493810e3ee2,拳击手,拳擊手
35a26b41-1fd6-495d-1e16-81e8acccb457,饱受,飽受
35a5b762-1d89-40a0-ae57-9cc67ca47296,属性,屬性
35a7475e-cbe2-9bfb-cbcf-26146b389367,米,米
35b1b7c9-c16b-4a0d-9630-de94cf651bd0,照相,照相
35ba6aef-9573-e417-0a36-6f15c86f9b67,啰,囉
35be45d2-2b63-4474-86b1-1ef7a5ff3263,平均,平均
35bedd84-929d-2390-ab3d-1b121b38c8f6,致死,致死
35bfd56f-c75f-49b8-fc0f-1d350e09bd39,弃,棄
35d0438a-b5ae-40dc-b2d8-7af62d12e452,插,插
35d35c0c-a4ef-4f23-9d7a-dc51f325d32e,暧昧,曖昧
35d71014-1fae-3d60-3c05-2d814a7cee65,珀,珀
35d9fee2-1eb1-a084-47fe-d4d0bf169a3e,睁开,睜開
35dfbdc0-89ce-15d6-2df2-8da4aa029ebc,一千,一千
35ea19ee-df51-c725-fc0c-ecb9bbbc1cf6,已婚,已婚
35eaf60d-a4b0-4439-ac9f-c911ce10440f,私下,私下
35f2b1f6-56e6-684b-924a-90b79c945be4,执教,執教
35f3947f-e163-c152-f5ec-4d51f2511456,财,財
35fc5e9c-5cbe-4473-a05b-341cb53f894f,阴性,陰性
35ff8254-b4a0-44cd-4166-54dc8d4b2059,每年,每年
3605bca4-d040-4420-8814-c4bffe22349a,他们,他們
3606360e-bc80-4315-a2d8-ae7d5d4181ce,高级,高級
36065dce-05dd-4d7d-acda-a20513f7971f,女朋友,女朋友
3607d185-0a12-29de-9c3c-2b2246d99952,港女,港女
360c09cc-a85b-eace-c68f-e20d382ea751,态势,態勢
360ec205-ff34-49d7-8c30-5174c95721cf,专利,專利
3620dabd-4185-4c61-b740-60ad5723f0a9,为什么,為什麼
362277e7-559c-4957-9e2e-26dc50fca3ff,煤炭,煤炭
36228f50-c5d6-2cf3-f263-81d06d4c20ad,膊,膊
36229ee6-9ab9-4e68-8025-9186565eec77,苛刻,苛刻
362a0d65-e6ca-44d6-b8e2-68f363cbf29b,完毕,完畢
362add2b-abce-1f94-57dc-3ab5915218b1,挫,挫
3634fb8c-7dca-49d6-8bbb-08df9625597c,水利,水利
36393573-b3c9-95f9-4f23-6f9e81347876,案情,案情
363a2461-0717-4abf-aaba-86c9fb8b7c5d,规章,規章
3642d1ea-4b34-8474-e4b5-f839aa28d4c3,公仔,公仔
36490474-ccac-d44c-991b-72484db45aa2,天王,天王
364a0a27-f29b-4792-91c0-76dc5d72d17e,有机,有機
365032a3-3dce-f845-dd9c-e5368f322926,一见钟情,一見鍾情
3650a335-0d62-ee6a-dbb3-b581ec0aaba5,一阵子,一陣子
3651b63b-6862-0c5b-a8c7-775e5e4ce7e9,威,威
36522e42-f4ef-468b-b0ae-806a4967f85b,宁愿,寧願
365984af-681e-1f81-78cb-b6bae2a776d1,以防万一,以防萬一
365faacc-65d3-496e-b93e-288477e940d8,心脏病,心臟病
36631b35-e8e1-fdcd-d455-fba3cecb355d,阿司匹林,阿司匹林
36643369-108a-2b83-d304-17ed6662ad68,回答,回答
366609fc-0ac1-e39c-b7d2-2a52aeb03d84,圣,聖
3666f2f0-5c7b-5125-649c-2fbf5b711238,几年来,幾年來
366a6f13-44ed-5479-db97-67c3deaeeb7b,变种,變種
3672c494-38a0-4439-8bdc-06db2afd90ef,特点,特點
3679495f-58bf-ce16-55f9-f8c079bab901,偏离,偏離
3679f253-d4a4-b0d9-677e-fad825456d40,崎,崎
36856e7f-51e7-4713-8611-b46966880710,根源,根源
368b4422-9293-48de-a457-09641322378e,情形,情形
368d11f8-31b5-0717-bb34-ea60cb39f5d1,咒语,咒語
368f3564-b859-4018-a61c-57d6f3a9e9b1,大声,大聲
36903f46-1ae9-f0c2-2ed6-4ce34018d122,战绩,戰績
3697672c-ec8c-7008-dfd3-b5c18761f8f8,对唔住,對唔住
3699b2ed-9c2b-0fa0-5534-b86ea8ac6491,余下,餘下
36b09a9c-2944-7dab-15ba-8167d2f62518,涂鸦,塗鴉
36b339c6-76e9-fd63-a50b-1d4e5a7ed368,谐,諧
36b873e5-4252-4d9a-80f0-70360c65a2ed,成本,成本
36bb34c4-2f4c-9193-05bf-00ebe065be82,头等舱,頭等艙
36c3669b-e14b-4f8d-d7ce-6fa9e7e4fe04,身亡,身亡
36c53f78-77f5-b6bc-b399-4080aef8eb53,戆,戇
36d3bb97-845c-a08c-24ec-d7bffba0350f,丰田,豐田
36d73f8e-481e-48b8-90b6-85466d7c57d5,儿女,兒女
36e76d35-fb2f-8bd5-b9f0-06c1f06509db,符合,符合
36f54d2b-58a6-4b32-9fc6-ad88915e5af1,代,代
36f7a3ad-2e74-4298-b803-b9f0fd7d439b,相机,相機
36fdb596-3fb7-c31f-5bfc-e535b050d2dd,克格勃,克格勃
37003c37-3a58-bebe-43c5-d7a4f46e4cfb,连连,連連
370ebc1b-f6fb-e5d8-599d-df3b8a46d55e,实情,實情
37130365-409c-4249-8314-5bebb08e9e32,运用,運用
371bec6e-b7e2-de36-1eb8-337f446bfa7c,雷锋,雷鋒
371f85bc-5c7d-48f2-b837-4d7e19212a1e,开幕式,開幕式
3722a03f-52be-44a4-bf59-288d7a6e07cc,返回,返回
37247208-b505-c556-c256-3171dd888b08,嗱,嗱
3726d9b8-95ff-68d1-93c0-ee88cc2dccb5,梅林,梅林
37318185-548a-442c-9270-cdc42a6ef69f,快递,快遞
37368684-91e6-6885-05c2-a9214222a185,阻碍,阻礙
3737ee7b-a6ee-4483-99a6-a58c501e1892,卫生,衞生
37386a71-d942-4064-9579-09981815424c,弥漫,瀰漫
3740c86c-a67f-4949-9a36-85833b38ee16,等,等
37447890-8068-447a-ff30-a3ac12172f38,混,混
37452397-b926-fe23-fb86-4fb669749b67,龙,龍
374a1d63-3390-448e-b40a-b8ddf970e023,排除,排除
3753e33d-9598-70a5-ca1a-44e0af52fdca,黑手党,黑手黨
37571411-b5c6-7dd6-dff0-4f6eda204125,统,統
37575b78-caca-40ee-943f-382ae298a62d,或者,或者
375e8b1e-4120-42d9-874c-3f9e6d34308e,刊登,刊登
375f9a27-eec0-77c1-11ea-bec018e702dd,延迟,延遲
375fc211-65e6-fab6-7a6b-f9fcd1ebcf89,相处,相處
3761c0d3-efdf-49e5-8877-50b24bfc9dc7,颠覆,顛覆
3763b73f-8f9a-4572-8349-1c223336e041,居住,居住
376a6d14-9c99-4631-b538-a89b05d96e9d,里头,裏頭
37704e24-defc-47a1-9910-7b292579c7d8,搬迁,搬遷
37734ddb-7854-9283-2f7b-cc5aedcffb6b,狮,獅
37797f0f-b343-4c5d-a2d5-990dc14004b8,骗人,騙人
377c8fc5-5ad8-4296-9ca9-ea9f9d80095e,守护,守護
378532cd-e5a3-7030-ff8c-f5a40f58921a,逃逸,逃逸
378801c9-7c40-4597-b1e0-8996fd1fddee,最终,最終
37920140-1c12-4e21-93bb-b061d2feef4b,撤销,撤銷
3798f0e0-3ab5-4a31-850b-0a5c8b77841d,培育,培育
379a353e-4f12-4b6d-b432-0300fe54959b,从容,從容
379ab57c-656a-4400-a6b3-5934e8ffc17d,草地,草地
379ca5c5-792c-04de-1053-e53ab15a4e88,洗衣,洗衣
37ac147b-4f54-4e08-9d24-5bffe58bc9de,诊所,診所
37b1ac71-68cd-f0c5-1df7-328a7060d767,弯,彎
37b3bfdc-516d-01f1-ff80-4dc4f4c1158c,金陵,金陵
37b55b9f-e853-4a70-a021-d4a14a7cca52,首相,首相
37b8484c-b541-04cf-403a-8e609f9d2f86,疫情,疫情
37bd1178-1060-4b46-b928-ee36b7d0372d,并非,並非
37beb6f7-8337-15c7-581a-58caa2895831,沉积,沉積
37c8c875-26ef-5fc6-288b-7cf0f871f7ba,王,王
37d0186c-87ad-0c88-3774-edb9496d0e9c,赛马,賽馬
37d0d1fe-383b-fe37-4ea2-58637fcd51d4,馅,餡
37d12125-4067-3b55-eac3-7cf4ae0b78e7,哩,哩
37d5bcf8-c9db-4452-af05-4c2c1e8e0daa,大型,大型
37d88046-c429-4f99-b81a-79322679397f,前途,前途
37e23c0c-02cd-134a-3576-94e6355a5e42,玛格丽特,瑪格麗特
37ecb823-54d1-04ce-c15c-edfe3f10455e,斑,斑
37fb5517-064d-4540-a127-825d84344490,淡,淡
3800e4ca-05e4-53b8-e4ca-2741f2727629,职业教育,職業教育
380ec868-8a39-46ca-be65-1bc45ad8bdbc,不择手段,不擇手段
3818b0ef-b4da-40df-a3f2-05b0a09c053b,填补,填補
38193869-4a7d-4655-8d4a-54bfd51d5102,上台,上台
38196b65-90e0-400b-bebb-6c1fb75b6642,互补,互補
381d0db7-eb8e-3e0a-d602-f4d1354c742b,倡,倡
381de38e-238f-b2a4-2c22-d7910148f13b,劈,劈
381fa2fb-520e-446b-871c-454c0731479d,窄,窄
382af531-8e4e-43fe-89b2-37fa17619eba,制止,制止
382f73bb-39ea-4a41-93e3-c7f8bbc0a877,内地,內地
38343f47-1a1b-42ea-810d-a4338bfa6cd3,后悔,後悔
38354332-c370-9497-f588-b5a3f33f4560,椎,椎
3835dfac-952c-7ecf-7a51-15c719254499,若果,若果
3838ebdd-8101-4335-94fd-2c7a460444ce,煤,煤
383d3d5d-7c09-b1fa-3709-cf2ed9b29501,嗽,嗽
384666a6-4d4f-4337-9910-f921bd213298,议题,議題
384776f2-4883-5017-a69d-846a2d3eddfb,钢,鋼
38485a64-317a-f95b-bcbc-b422309bdf7b,唔少,唔少
38511652-ac73-c253-dfc1-a9c8c9f7016e,啫,啫
38540d18-dbd7-86c2-4fe2-ff369606cd0b,怎,怎
385bc59d-1fd1-4a58-813a-d3e3f32d6bdd,靠,靠
38604c5a-c391-ad48-806b-8936265ac676,小弟,小弟
3862c6aa-2ec6-4112-ae58-38bfc8169811,医疗,醫療
38632964-8dfd-c74f-064d-d83c91e6c086,嚼,嚼
386f715f-5247-4c06-8101-d7108262c082,事务,事務
38718819-7e80-403b-b321-a58f6dd0949c,价位,價位
3873d5f5-7bdc-471e-a965-7ebfd1f97639,滑雪,滑雪
387b60b7-95a8-9347-ae0c-af31fac9cd55,葡,葡
388d1078-f131-c190-dd74-ea53eb94e52b,久等,久等
38924703-c1dc-5e3c-d55a-6d7cee5b1d7c,才,才
38927389-9fa3-360b-49cc-57b87f988276,骑兵,騎兵
3893e742-c4dc-6b3e-1271-f368985cc24d,膊头,膊頭
3893fde9-1ec2-4182-8ce7-9c5a32e65369,初级,初級
38977f54-7246-3cec-bc0e-00cc150cb887,骤,驟
3897d905-e3e2-491e-9e5b-29c38da2d6ec,农村,農村
389cfb9a-c323-f87a-ca2c-9d3e73e455fb,手下,手下
389e3fd5-2378-4b01-9acf-e98b883a7891,上空,上空
38a1cbfb-747d-5dfd-0625-f9449f91f0b8,拭,拭
38a4437d-3f62-8bba-8c8e-b0f8e4b55592,套装,套裝
38a8ab87-c206-0924-cc19-f369a0096022,搭,搭
38ab07cd-121d-7315-9104-9d7bed0a1f76,欧盟,歐盟
38ad13d0-5edd-4086-8d64-174466038e92,上来,上來
38b5743a-1c4f-4f85-a02b-491624144c95,业余,業餘
38b74e73-2531-4f64-999b-657b931fd8d6,看望,看望
38c1a7aa-e31c-429c-85d1-39fa4ace4c1d,补贴,補貼
38c1c8f5-4f63-4782-963e-40ca82e32297,坚信,堅信
38c5b83e-8c77-4ba9-abd9-0060c46d3390,乖,乖
38cec5f9-9643-4556-8a91-2933155a61ed,电视机,電視機
38d02bec-77a0-4e87-a467-c8b992bacdc6,病房,病房
38d0633b-02b0-ca1f-1e2c-6e805cd5dec0,教书,教書
38d309f4-8aa0-46a7-9e8d-4f7b35b2663c,生存,生存
38dba2d7-abc1-1ce5-71ea-616d6ea7a05a,嗜,嗜
38dc4641-c47a-4a77-8d68-33e6dcf57147,又,又
38dda6ab-54d2-be23-91a4-db4dee5fd101,枪击,槍擊
38de1863-0279-d16c-ec71-0482652dc779,黑市,黑市
38e64432-1fef-42e7-a4a3-bf51f734f783,公正,公正
38ed0a35-b801-99aa-b5a6-0af0395e56ff,亿万,億萬
38f0bc7d-954a-4cda-9f88-76944c06e76f,探望,探望
38f4ea4d-1667-4a03-90d4-41110bccb3f9,指南,指南
38f8b3eb-7202-401c-b729-3d55415c7594,奖励,獎勵
38faad8e-ba08-4da8-bb8e-69b40e4c988d,脱离,脱離
390e1ef0-bb00-3928-ff50-f4d7be950d08,普选,普選
390e2651-fa02-d94e-1928-d05c024e8627,研,研
3917a028-a9e3-1abe-18c5-6f9e19c9e284,老夫,老夫
391857ac-dd57-5241-1c79-05ec23a076b7,水池,水池
3918eb8e-7cce-7d57-dea7-df332b9155d1,笼,籠
392514ec-092c-40ee-a64a-8db68891f1ee,早,早
3929fa7c-5c05-a045-ad28-3d5835681877,打进,打進
392a42be-a93c-a0d8-9f4f-05751b4ebef4,锻,鍛
392e5d50-458c-47d5-aa12-eb695d7b264c,道歉,道歉
392f05c8-b014-4100-87ef-9b3b59cddcc8,追踪,追蹤
392fae0d-138c-4949-8328-dab95b0a2945,到头来,到頭來
393028ca-9b0c-4ab8-b73b-d3884cd81573,小偷儿,小偷兒
3932ff6a-57a5-fcfe-f06e-928450fb2a36,都叫,都叫
39367296-6606-4384-9d63-ac833936ff33,出入,出入
393ceb46-1e8a-41b0-92cb-aba17750f6b6,红色,紅色
393fb61f-8dd5-0992-3ee7-6ae4f2904033,烟,煙
39432710-855f-49bb-a185-c876bc439015,发脾气,發脾氣
3945f035-2e15-4962-adb7-611036479ddc,增值,增值
39480ebb-3b15-4fb3-8775-edc7a7e28f36,人均,人均
394a9bf2-31a7-83a6-c1c4-878765bdd92c,工作组,工作組
39501453-2337-ae17-1841-45bf2f9c9a20,同意,同意
3956ddf9-c87a-24cc-7594-9ede22916e79,勤,勤
395ce9b7-ae3f-10a8-82cd-92925fa6a9e8,猎杀,獵殺
396553a9-e899-b497-1556-ac9b5f437dfa,唔定,唔定
3967cf25-2367-4608-9bd1-ec5d27e27d6d,与,與
3967ff1b-5dc0-3d84-60dd-4a2ade70d3c8,圣经,聖經
396a0438-1ff7-48a8-93ff-352c2526cea2,起诉,起訴
396e62c3-553d-48d3-ad08-3f58d1751de8,流入,流入
3971f4c7-d8c2-fdf8-1299-c4c7fbc98346,丹尼斯,丹尼斯
3973a306-38e6-482b-bd1b-e29de7c3a608,趟,趟
397814a3-7464-48ed-b41e-b326c794c853,加强,加強
3979ec86-ce55-4975-86f7-beb1c9ff837a,信息,信息
397e6d52-2516-a7ca-a9ba-804215b4337e,六月,六月
39812634-e1a3-9e31-5fed-4d88c5907286,捻,捻
3987cbf5-59d9-ec87-5a63-4b5a641ad128,时而,時而
3987fd81-9b16-44b8-9453-8876b18307a5,自主,自主
399929b3-08ac-05b0-66da-f46bc6a43888,詹姆斯,詹姆斯
3999775a-9fd3-434e-aef4-a26ced780d16,赶快,趕快
3999ad6d-f0d8-2088-04f2-4dc552c184e0,问话,問話
399aab34-4bc7-45de-9c3a-92f6ab594749,脸,臉
39a1643d-1151-40a2-8398-f1afbcecaa03,心急如焚,心急如焚
39ad4b1c-cacd-366e-b786-d2257cd951a0,着呢,着呢
39ad581c-0e0d-b0a3-0b31-ab69a63a685e,呈,呈
39af50f4-1913-4172-ba18-d6ffb24e6734,填,填
39b3e52e-ad78-cce2-2e9f-4e06766975a6,更,更
39b4e45c-f371-aa8f-78cb-ccef2bdbdd89,睫毛,睫毛
39b4e8f8-32e9-4618-8514-d09d01599e1f,开玩笑,開玩笑
39b642d3-2adb-4897-aa67-b95194a1c7d8,监狱,監獄
39ba15dc-af32-032c-689d-76921c575045,市值,市值
39bef22e-c8dc-42b1-8508-63a8d64d8fd3,海,海
39d17c3b-965d-42bc-822a-0651075bbc45,配备,配備
39d384ef-d659-7613-0fca-6eb88800c76a,悲哀,悲哀
39e087dc-ee70-5fcd-ea73-4d08cf502aab,仁,仁
39e12166-898d-b018-a22c-ec12e724c639,讼,訟
39efc077-2101-a843-7db4-afbcd4b5e1fe,路易斯,路易斯
39fb128a-81e8-42c8-8d98-37c204204d17,当中,當中
39fe2342-845a-9fff-b9fd-c657670c5054,警卫,警衞
39fe3ab9-4663-2e24-4051-6d111083a67f,关门,關門
3a049750-944d-47de-84ad-2f10bcdec982,枕头,枕頭
3a074ba7-90bf-9af4-66f0-df6b0cdc2866,抽查,抽查
3a10b6a7-2e5c-6c94-770d-8b0c9c5836cf,毛发,毛髮
3a12e054-aa28-4c4d-87b9-5a4659bb28fc,过敏,過敏
3a1a3e0d-f78c-8049-0a1f-d9de38c8d1ca,救世主,救世主
3a1bdae3-2c1f-441e-af42-fadec5d9a93b,嗓子,嗓子
3a1c5730-d0a4-484c-b225-6996ab7cc13d,害怕,害怕
3a24f1af-0fcb-426d-9254-5d5014498f3e,观众,觀眾
3a26187f-0b15-6213-c572-0c773363a177,琼,瓊
3a29d1e0-088a-4f52-aa1e-7870f75dc9d7,普遍,普遍
3a2ee17a-7bf9-b808-4e73-8f1864c15db9,黛,黛
3a31dbe6-ad17-42a3-b94c-1c148e60b36c,爱情,愛情
3a31edcb-4f9b-45a4-8bbe-a445d8f76300,顿时,頓時
3a36591b-001c-4e4d-87cc-37da0d20e659,硬,硬
3a3d4941-fff3-4ca5-9702-b4047b9dcc57,好多,好多
3a42ba85-0037-d3e7-f4fc-72750157c726,蹈,蹈
3a48b7f5-9ebe-4d6b-93d4-558f063eb783,一样,一樣
3a4cbf23-14ec-4818-8ce2-b6cea748499d,遇见,遇見
3a4d27fa-36ab-3b26-0f86-cb048695dbd8,用字,用字
3a5103d9-9cd0-4800-8e88-bf04d31a132c,包围,包圍
3a51e690-ba6c-43ab-b046-41e4bc948a4a,拥护,擁護
3a5ca921-2230-4125-8260-d8ba4878dda5,键,鍵
3a5db557-85b6-4331-831f-7853856e3455,散布,散佈
3a61bef9-af57-2063-b766-ece6acb37ea9,当做,當做
3a61e369-a4be-b5e3-b9e6-242f88db8203,撞车,撞車
3a6b29fb-69ed-4d1d-bd33-2fdeba084c96,钓鱼,釣魚
3a728f54-ddba-efe5-d1ee-cb80d68a2050,理得,理得
3a74e4b6-1f11-eb92-1539-915643d61af0,他妈的,他媽的
3a778e5f-ec76-4f05-886f-d03636833156,青蛙,青蛙
3a7bc807-ac21-f2da-4557-e28379dbbb74,核心,核心
3a89bda9-00be-e8f0-4d8a-87deccb79fac,体内,體內
3a8bb864-87ef-b3fd-20c8-17c0917eaac4,拘捕,拘捕
3a8c1a0d-f4aa-25c3-16f8-5d444599034d,干酪,乾酪
3a9a48b9-eea4-ecdd-ae36-c8d03907ea4c,版权,版權
3a9ca3a7-4602-44b9-a3c1-8989346fde30,伦理,倫理
3aa68de0-aef1-4067-8902-e3e79c15e47d,事实,事實
3aa926df-6ea8-5f83-c041-bfe7c79ef546,恩,恩
3aac6148-861a-4868-9d2a-5d3010c125ff,传播,傳播
3aaebdc9-e110-4f5d-857b-324bd23a0ea3,团,團
3aafe255-4016-08ab-7590-62883f23698a,调,調
3ab431a3-1d19-e366-6a63-11635ca1a43e,差点,差點
3ab7f59e-7d13-4620-bedf-602199cecef7,跑车,跑車
3abd370d-f18a-cfce-793d-9e528b848a70,商贸,商貿
3ac4bb4e-f3f3-4f74-a6c5-d7fa6d592d6f,岁数,歲數
3ac5c20b-dbf3-451c-9d9c-ae8f06cd1bd1,总而言之,總而言之
3ac89760-9208-2c98-dc3a-69a5781e77ec,耻笑,恥笑
3acc1782-bc79-0a21-00fc-a493c9930645,嘲,嘲
3ace3dd3-475d-6b8a-007f-087b5acff1a8,做出,做出
3ad14929-db16-43d2-a008-da508af88bcf,概念,概念
3ad23ac4-6027-6ea9-7589-45b803a290bb,决,決
3ad4ec0f-97ce-3253-21ae-f4d6bbfe9203,效劳,效勞
3ad60aca-9f48-c1ba-2934-5058af838b70,不可能,不可能
3adec4f3-d5be-10f6-de10-4bfcee020526,想出,想出
3ae0d147-9dbc-f029-f78b-cf1431e95a11,愚弄,愚弄
3ae27dd9-cacf-b535-c4eb-867faedcc5ca,旅游业,旅遊業
3ae2baf1-e22a-442d-ae05-cefaedb5aa5b,宠,寵
3ae8469d-ac76-7260-afee-10728c0f8656,噉样,噉樣
3aef2019-a320-4f67-9650-ba2c315aa687,积,積
3aef7004-b8cb-287a-c490-dd063928a900,钡,鋇
3af13e87-416f-1391-48fa-9b6067da9a53,演艺,演藝
3af74956-1b49-b855-d682-28875c306a8f,靓女,靚女
3af84fc1-fbf8-5c03-31b6-352972b5ab15,莱,萊
3b006d6c-d094-45c1-9915-b7837b89d850,男人,男人
3b0b0b3a-fe53-405e-bff9-8a467544c2e9,宠物,寵物
3b12e3ec-8864-8c19-a329-a26322838288,迷糊,迷糊
3b199002-2f14-4247-92b5-0e24c9a8d8ce,茶叶,茶葉
3b1ebc42-b7f9-4bc0-ba27-90feabbf1b55,最佳,最佳
3b29c17b-6a49-4e7e-6a58-35309446f1be,数百万,數百萬
3b2e0410-56af-493b-9928-255528933c1b,复合,複合
3b303ac1-363d-a128-2858-4e525797d3d4,香港人,香港人
3b33cccd-59b9-4df8-881e-e0c360de5ba8,碰上,碰上
3b3a4ad5-5656-4388-beb4-5e5e30940a0b,梦幻,夢幻
3b49e25d-0f03-418b-a082-6a2cbae1f9a3,时尚,時尚
3b4db406-d1b6-3859-83b4-47bb6bf29992,就快,就快
3b4f3c78-d7fd-11fb-a432-09723b5d284a,郁,鬱
3b5ec83b-71c8-f11e-51a4-bae710262d89,靓,靚
3b5f7cb5-ae2b-f652-e2a1-f09be8efc67d,胡须,鬍鬚
3b61fcc5-2f5b-4409-8b03-86ba82b8cd92,层面,層面
3b6312dc-570f-d887-1dd7-a1c04fb210c5,独处,獨處
3b658d69-ff21-09f5-b9c4-e7af1003e309,一会,一會
3b6b55eb-101c-5931-9acc-18326e69698b,冲,衝
3b7468c3-12f6-4fb2-b0fa-47a835c9c5a8,成问题,成問題
3b80ab2b-b213-4408-9ae1-ad726360df47,族,族
3b81c447-4710-9848-e17a-572b987143c0,射手,射手
3b8623cc-097a-f5ea-e458-4b19e9f5e21f,省份,省份
3b8b15c4-c4ec-fb19-78c1-17b52861583f,林彪,林彪
3ba1d089-2a92-40e8-9474-4d6be1870e8a,平安,平安
3ba423c8-2869-8b50-a050-efbcee6559e1,埋,埋
3ba6df2d-d35e-4b95-ada3-d7a2a5433626,驱动,驅動
3baa8870-2203-436c-8f92-f9b8e25d9cd9,长征,長征
3baf64eb-a7a8-33c5-572c-1c686a48dda9,辫,辮
3bafa4ba-d03b-455f-91de-472b487e0150,集装箱,集裝箱
3bb1d818-df80-42ba-9479-999a80996fe1,压,壓
3bb34493-68ee-4f5f-9420-cdf8dd68335a,指出,指出
3bb698c7-1441-47bc-87c4-8fc056cb074b,月饼,月餅
3bbab9a2-f722-3fc6-9fa6-2764f80bafcf,眯,眯
3bbe42dc-0c96-4c40-9b50-8ad2d230db2f,土地,土地
3bc785eb-afb9-4323-8334-f47da3d2f30a,期盼,期盼
3bcc1b36-6d2a-7c43-3ed9-75b6b2ca8df3,泊,泊
3be2f660-e45f-4d9b-8960-6e0a066e53ca,无奈,無奈
3becc74d-0750-ee17-d9c8-f301792bc5a8,丁,丁
3beec80b-a424-4f9d-521f-78e0d07fd211,喎,喎
3bf4176c-97a5-47fa-9f00-8f2f6f917013,突出,突出
3bf63df7-2fde-45b2-8b96-b24f713d0ae2,通知书,通知書
3bf69ea4-a6ef-4d58-a195-2fc66632fa69,时机,時機
3bf7ffb9-c4b9-492b-8492-bf199e538d97,倾听,傾聽
3bf84df0-5fd3-49db-b2f4-7b0de0d859fc,急救,急救
3bfc6f83-21cf-4c5d-be0a-e779e5f78fd4,格局,格局
3bfd2d98-f0ec-cafc-c1f7-9df99b0e5f84,粉红色,粉紅色
3c145f72-4cc3-42fb-b50e-497334127b38,清晨,清晨
3c182368-77cf-4259-88c0-5057b193bf10,变幻莫测,變幻莫測
3c1dc934-f97c-4aec-8f88-2143547fad1b,召集,召集
3c2a99f1-37fa-ebac-7c33-03856009e857,美人鱼,美人魚
3c2c09b8-63d5-4cb5-a185-9b6a9cd5d948,分散,分散
3c2cefd7-c446-4a46-8b09-4d3d3b12484e,有关,有關
3c2dc057-e8e0-472c-aea5-d41789b2ac70,部,部
3c2eac7e-0418-49b9-a157-292d1831b6d5,留心,留心
3c311f49-5e33-4014-a1d1-4bc0de64239b,鼓励,鼓勵
3c3377c8-ee6f-6d5d-3337-42599bb53016,脑,腦
3c366aa8-07e5-43be-aec3-d20e94f81640,擅长,擅長
3c399a2d-9f59-55d6-c288-a52ed9136479,队友,隊友
3c3bad56-4247-0b42-19d4-86223ed525e4,报导,報導
3c3c0d29-b2a0-8482-f947-a9495120a779,何方,何方
3c3e60d6-7853-00f6-010e-cf13c9f2ef30,不该,不該
3c41f2a8-9fd1-4ed4-9223-a58515262ee6,炮,炮
3c46099f-bb6e-4782-8b69-d25335e07822,必将,必將
3c480ccf-8b18-9d9f-995a-3aab596368de,谷仓,穀倉
3c4ca967-e81e-4aed-a80d-0f619eaaa633,打量,打量
3c502853-bbef-4a7c-bb4e-c4f029f89c77,港口,港口
3c51e554-6347-7ba3-56c6-b0170e4da922,妃,妃
3c52a9fb-fbcc-4b95-864d-45f55de7db07,有毒,有毒
3c5a1918-9a9c-46da-b19d-286178225920,出台,出台
3c668cca-f74a-4726-af99-21a61cc5641b,多余,多餘
3c6c8cb9-1142-4333-9ad0-ee3b6122222a,哪些,哪些
3c7169d3-d2bb-470e-abea-ab3f45891c1e,徒步,徒步
3c7314f9-126a-4869-9c32-9c301230b916,栏目,欄目
3c7ab15b-fb95-9b1a-342a-fb8b7c8e2173,嘣,嘣
3c7fedf8-a504-4490-b30a-e04b05048dea,搜索,搜索
3c815b20-68cb-4651-bfe8-f5ffbef9608a,防护,防護
3c84ec80-5d45-5994-f985-12c2814cc85f,其它,其它
3c8a73ef-1ec8-414c-967c-1c17bab42820,教练,教練
3c90ecf0-5d89-e6f2-529b-f208b3029dd0,司法部,司法部
3c995ad5-88cb-4418-b698-3527fa1931d0,文字,文字
3c9fba8b-187e-3596-fe00-f386d20572dd,配合,配合
3ca7a9cb-192c-b202-99cb-3c676bf2693c,金融市场,金融市場
3ca8a595-4409-dde7-26c5-923cc5fec77c,矿工,礦工
3cb23fd1-1227-47ed-a1b1-df9821ea516b,举报,舉報
3cb42624-d7e3-4612-9106-412002fb9de9,趋势,趨勢
3cb78c1f-04b7-e3d3-b6f4-264edadabf89,各样,各樣
3cb847e6-955c-8017-25c5-602cf9866840,有劲,有勁
3cbefdab-a471-7725-1c47-688007a0995c,反革命,反革命
3cc2a108-9ab1-43e9-8628-59002086577a,任何,任何
3cce8728-547b-14be-bc69-723e0ce5e8c5,康熙,康熙
3cd15d85-2875-4d68-9bda-072b20812220,不难,不難
3cd84df3-da1d-49e7-9ddd-35d98156b195,难怪,難怪
3cdf273e-3a7c-4b1a-a8fa-a1454b5ef12f,进行,進行
3ce1775b-fa63-49ab-b610-532e10177d76,噪声,噪聲
3ce4671b-08f0-4733-849a-409f00f5b3c7,抵达,抵達
3ce4fa35-6363-4db5-8a15-4cf1a2e0ae37,好似,好似
3ce554dd-fa79-4a9c-a0e0-3e64e436f389,供给,供給
3ce76d01-678e-4224-ac8e-5ce413add63b,表达,表達
3cef62f5-dfa6-4704-a4d6-0855bcb0ff40,小型,小型
3cf8afe8-b6e9-7fb2-a3fe-2f6d175276fd,芬,芬
3cfacd27-6212-4f26-91aa-7ee5168048df,开办,開辦
3d00c0ab-986c-de84-c1fd-aff0b03b308b,升起,升起
3d0653b9-7f30-bf0a-2aad-d8113f0cde78,魔力,魔力
3d0add01-e48b-a2bf-70db-96faac2f92c5,并发症,併發症
3d0c8805-4f3c-06e6-4b8d-41b39316f905,不住,不住
3d0e430b-0061-453c-a304-59ac28efc16b,京剧,京劇
3d13a18a-9944-4a1f-bfe6-faa29d5cef53,征集,徵集
3d15872f-678c-fa2c-3443-2a54c2073890,兵力,兵力
3d1846b3-e1e7-10c0-6cdc-6ae8a85de919,爱河,愛河
3d27eb92-62e2-d5ca-16c5-c63ab49c8b83,长话短说,長話短説
3d38ce60-0682-1133-6540-686c89a890a9,制度,制度
3d3dedd2-485e-41be-ba29-a798e65c5a3c,先后,先後
3d43e1c8-fe47-48c5-861d-9920d73f4d97,香烟,香煙
3d4519ba-c9f8-494c-bbeb-287c8fb8500e,棍,棍
3d4a4b11-8a64-45cc-bc43-890d3798f47a,愈合,癒合
3d54fe16-90a0-8119-23c2-2b479cc39066,金库,金庫
3d59eb11-1bd8-bc45-9337-07124db2f048,伊朗,伊朗
3d5a2345-5b5c-4946-e6cf-46de06ea40f3,廊,廊
3d5eaec3-5457-2c71-2cdb-644a62e7a4aa,遵,遵
3d61c8fb-7a8f-0430-b242-a6a1943e8e49,下一个,下一個
3d6c71c3-6e7a-42e5-b592-04d879584178,离不开,離不開
3d6fccbf-8466-480a-958a-899c99147fc0,乃,乃
3d7bae00-d73f-4957-9b65-a3514818e920,岁,歲
3d8767e2-bdf9-4fb0-9e6c-ad35857d06d8,赞美,讚美
3d8c1689-683b-980f-bbe5-3dbad2c81e4a,字条,字條
3d8c7859-0484-fe29-481b-26a219bd98ec,热身赛,熱身賽
3d8cf17f-2449-ad84-cbeb-2b528fa3975f,梭,梭
3d90fa1b-68eb-0761-922c-bbeb3c62a1ea,虑,慮
3d9866c4-afa5-4b24-87df-f5b2d8361535,仍旧,仍舊
3da3be84-08f3-251c-c285-f17af7c8a02c,躲开,躲開
3da92c29-e2fb-31bb-6863-23c7cda11d2d,宿,宿
3db089b1-cad6-4667-a6d6-69ce274e2919,古代,古代
3db719f6-7ed9-4127-b919-539f54e4a1a7,同期,同期
3dbf4a25-ee76-4cfe-8c2c-ec862372fb6e,营养,營養
3dcae2b6-efb3-93e2-10a4-90f39ade4b0b,湾仔,灣仔
3dcec880-0eca-48a5-99d1-1dc8ee8917b1,补,補
3dd571da-8c61-fa76-0c04-0e526b726c03,琳,琳
3ddcd7f2-582e-4cba-ba4a-68ed28faa81d,本地,本地
3ddf516e-38c8-1a4c-2674-ce908054282a,楚,楚
3de1ae02-d0f4-4d9f-8f02-f38850eaacba,礼拜,禮拜
3de65f90-935b-4871-a4ba-c66943bd04f7,射击,射擊
3de6a7e9-ee71-283e-e9c1-d726f0b89433,哈佛,哈佛
3de92f6b-63e9-4e5b-b8ce-e6f9d06975db,院,院
3de93ebc-0b4a-43d2-9530-52bc4a453509,录,錄
3deb6f80-4f34-4d38-870e-c3183bdc426b,试卷,試卷
3df02e2d-da57-4f8d-3fc9-4e1f27a3948a,盯住,盯住
3df12727-5a28-89f9-8b9d-d6f621328990,各界,各界
3df1296b-a4ca-2a21-84e1-d75fc5ec744b,实质性,實質性
3df5cc5d-c733-4364-8ed6-533f8b2604de,念,念
3dfadb2d-4b57-4931-90e3-b48e98d8f2ea,十分,十分
3dfeab33-1a34-57a6-e1f2-992a0dc950f5,跟进,跟進
3e0589f8-7906-4412-86d2-4e71a3f9ed2f,东南,東南
3e0ce869-826d-9453-0a29-4185b2231ae5,国债,國債
3e0d58cb-6d61-4e4c-b3b3-14382aad1911,写,寫
3e0fbbde-76b2-4d63-9229-4c68edac056c,房地产,房地產
3e110541-e3f0-4811-b336-78621e1c663e,设立,設立
3e115a74-fe13-45fe-9ceb-d07084a1b0ae,居民楼,居民樓
3e121b0f-f909-46cc-8a59-c87a79793ca3,冷却,冷卻
3e201d5a-2a15-4ebb-a011-52d8e432ac95,维生素,維生素
3e244007-7135-83b8-8fd5-67c8d47ac590,刑事,刑事
3e29f475-2aee-4da5-908b-4050785bd325,战场,戰場
3e2a6349-1462-41c7-8793-3a2eb942b474,违反,違反
3e2cba03-26ae-17a6-1c7e-bf2969b85e6e,湖南,湖南
3e335cfd-c1f5-45b6-8bbf-92182732c1d8,时装,時裝
3e381f31-479d-4927-b03f-b339ae67ee38,约定,約定
3e4ac7a0-4b76-47c6-9571-6fba5bccd232,习惯,習慣
3e4db086-394f-471a-93b7-8d5445bdaffa,船长,船長
3e4e857a-af20-4a1b-99af-eae4d5e60f98,夺,奪
3e505619-3d81-4b3c-b500-b81eee6952ee,动员,動員
3e563585-9c17-64e9-a968-f705da43a4b2,待命,待命
3e5a38ef-e495-461e-b939-f7534b8dfe87,闷,悶
3e5a7f23-79e4-330e-6f4c-380dd5f346ca,兔子,兔子
3e5dbd0c-b7b2-4554-92c5-56a5dca6b670,赠送,贈送
3e5f680a-6dfc-f6bf-723e-54c5ffd9e416,纽约,紐約
3e61a0ce-904d-425e-9d7c-454e1407a6a7,逃避,逃避
3e61f3d2-1ad9-4d51-917b-3210d20be165,下坠,下墜
3e63ee00-c70f-4729-99cb-0a1c94c8ffcf,日常,日常
3e6671d4-3965-4d2e-a8ec-847482d332b7,能源,能源
3e668251-dcde-90a2-8de1-606e32cf2c3b,教徒,教徒
3e69d500-60dd-4141-afc5-53c0dd45e8ce,冷漠,冷漠
3e761958-9822-cb9a-ff31-56b46a8cfb48,野生动物,野生動物
3e798936-2616-48d8-bfe8-62137783f108,重组,重組
3e79a85c-5246-9c6e-dd02-57baee24d4d1,食屎,食屎
3e7b743e-5e0c-4e86-a3f2-2cc7dfc48e46,大气,大氣
3e7d41bc-dc63-38ff-a744-eb045e5e623b,血型,血型
3e805d28-2df6-257b-2f94-990d8efe3d4b,接口,接口
3e82ae70-819f-4ca8-8c40-b794c49ffeed,久,久
3e85cf71-1230-4fe6-aefd-ab02393f841e,粗糙,粗糙
3e95a2b2-69e6-4c84-98d5-4ab404854919,浙江省,浙江省
3e9e52f7-bf39-f9c6-3ef8-0ade31ffca9f,口供,口供
3e9ef381-35c2-0d52-ef42-6d13ba599d00,呼呼,呼呼
3ea63d11-2e76-4922-b4e9-f40a210580c9,偷窥,偷窺
3eb350a2-a81a-4fb9-f9fb-c3dd6f846259,显而易见,顯而易見
3eb59523-ee38-8795-1c36-f006a8b65f43,牌,牌
3ec6f661-ccd7-48b0-b38e-a4785d9f6381,上诉,上訴
3ecaee95-0027-4556-7f3c-19848ede731b,大关,大關
3ed79aae-0e43-4c0f-87bb-6faf1f8e3453,女人,女人
3eddab53-6733-47ec-b6d0-b6fba96def7a,话剧,話劇
3eec8bbc-8491-2540-dcd6-494c5716fe88,羡,羨
3ef3c2e2-bd9c-83a0-f120-71ffde477c52,谋,謀
3ef72d30-a0f3-4133-b929-31de07976e4c,胡子,鬍子
3efa7321-2ca0-5870-3151-3c69fcd63296,橘,橘
3efc2854-3f51-0e11-6fdf-332db840bb60,啩,啩
3efd3653-f04a-4dcf-a436-716a75101c76,那么,那麼
3f034d82-6b96-878a-c97c-db7fa20b9d9b,乱跑,亂跑
3f0e2fa4-3967-46b4-86a4-2a60bedd0412,厨师,廚師
3f139e89-04f4-4826-be01-00b3b1f362c2,法院,法院
3f15a1a5-3dc0-4013-a1b9-959d4041e022,一部分,一部分
3f1d1aa3-876c-48a4-86c4-dedd597ecb6b,放手,放手
3f1dee0f-72d1-06e5-4669-b96a4757ca53,集中营,集中營
3f20f9e8-4249-6caa-6625-91cc763ab45d,陈水扁,陳水扁
3f236ca7-4980-45c0-a4af-1f102d07925c,一致,一致
3f290b0c-3969-44d0-a946-871d7b29bd0c,大道,大道
3f2f319d-c46a-471f-8b89-fe0afaac5ce4,不行,不行
3f31bac6-a055-4254-955c-2e3d633ddec8,帅哥,帥哥
3f391641-f2bd-42cb-97f6-053f2b479a57,枚,枚
3f48da99-7477-4e85-aa21-c4920a3bf739,唱片,唱片
3f4ead1e-3cd5-4bc3-a3f3-9cec8c24d86e,背包,背包
3f4f2517-fd0f-4cd2-82a9-2ec30d94d05b,苦笑,苦笑
3f533295-99eb-2cd5-879f-fe71e4884e3e,袋,袋
3f5366f3-cf2c-49f4-88e6-26819d00bb0c,农产品,農產品
3f58b32d-7b86-b305-d33d-5e3172a5dd9c,审讯,審訊
3f621fab-6a3b-42fa-9d90-c3de5f396f00,牵扯,牽扯
3f693c70-6482-4c33-871d-dc633993dcba,束,束
3f7110af-9a33-8be1-3100-add9a9ae405e,指派,指派
3f71ff58-be17-4789-87a5-39d1001a4dc6,显得,顯得
3f7202a0-058b-7615-ddb8-7f8217a1d009,火爆,火爆
3f740386-09c0-4311-8187-15ceddf63f34,辛普森,辛普森
3f76dcb6-a788-4d6b-85ae-87e781bbdded,缴费,繳費
3f7df093-f41e-4b5a-b82a-5a2f80afe01d,窒息,窒息
3f7f0611-1c82-4fdd-83ee-ff311a042965,冷静,冷靜
3f86cb37-4c6c-432a-b1e5-17a538f83902,夺冠,奪冠
3f873927-5d98-47a0-95e1-bb953138fc9e,匆匆,匆匆
3f8739b5-e3bf-9a4b-c955-63353d20347d,容器,容器
3f927fff-e064-41f2-9379-c9a7ea65dde1,嫌疑,嫌疑
3f967dce-82b5-417a-8413-e8007d5a9105,移民,移民
3f9f4e91-2794-79d1-08e2-66f27969eb67,奇,奇
3fa56b4f-92eb-4415-8ec2-930d45c000ea,世纪,世紀
3fac1f64-157a-8de5-f481-5bb6d1fb1ea8,向来,向來
3fb1bb5f-f51c-43ff-9b42-ad0efc8de4ee,有助于,有助於
3fbdea17-ebb6-3c7e-b9ef-9e5a4ca79adf,一清二楚,一清二楚
3fc9dfc5-07ff-4b4c-b672-38c302a2f10f,常,常
3fcc3f19-53fe-358a-085c-b4fa922560cf,选美,選美
3fd140f7-deb8-c1ba-02b7-16418d2b7148,坏蛋,壞蛋
3fd6ea3d-cadd-7ce9-d930-ecf931fbb8b7,排出,排出
3fd85369-c350-a42a-add0-8daee0030cc6,每人,每人
3fd93faa-17d9-43ce-8479-d47e7c4abcdc,棺材,棺材
3fdcdf3c-06b3-4ba5-a3f7-5bd73f92a8ac,课堂,課堂
3fdf5cfa-d35c-4943-8734-af6fd91e394e,放松,放鬆
3fdfc8d9-e5f9-916d-ef51-895e4ea1e31d,简,簡
3fe02224-0b2f-420b-bb42-0e675c338feb,预订,預訂
3fe0fd82-7528-4b50-a0f5-c386a6c45e62,喇叭,喇叭
3fe8c406-3461-4f09-b190-8e6afaba446c,常常,常常
3fe9d2d2-9532-424f-9c55-c2417f179ce5,咋,咋
3feb2a07-55ae-455c-9f7f-88903f8a9ce5,风情,風情
3feb91e0-cd12-4956-b08d-286f3e9b443e,起步,起步
3ff14eaa-8a61-40e0-9741-5688444f0f4c,足以,足以
3ff1e2c5-ce7a-4fcd-a113-2afcc90aa1c6,大米,大米
3ff6627b-b013-6cb1-9e48-6a94a44eb320,逛街,逛街
3ffbaa5d-5bde-44dc-a3a8-40e1837c6da9,袜子,襪子
3ffc193b-8da1-af5d-4ffd-f6883cf58180,毋,毋
3fff8190-b104-9997-b6ec-4546eda5abbd,看懂,看懂
4001ba9f-dc4e-46bf-90f2-dd3757be95e9,责备,責備
4001db53-5f36-df52-9fdc-d8f718728180,河北省,河北省
4005593c-719e-463f-b041-03821db672c9,画面,畫面
4005e991-f8b9-460f-be2e-f1873b8e6e5d,相信,相信
400d2352-9718-4151-84c3-bf62a9f4749c,演唱,演唱
400de96d-fcc4-4000-8853-73c23163a3be,密切,密切
40142fa7-83a9-4dd8-997d-1168820079a3,挠,撓
4016e51f-732e-3d4d-4eef-456c1a081e91,卑,卑
401734d7-5517-4db0-912f-b092b4811840,武术,武術
4018bc9d-fbcd-d023-506c-ed784bcfcb4a,警示,警示
401b8c93-3d01-9f78-8e49-4ee2570fa45a,病灶,病灶
401d7bb9-d03a-4882-a23c-7b343025ea31,海峡,海峽
401f4dee-08a9-7bc1-47fd-fa7d9a42ba97,虏,虜
40269190-879a-f087-9e5f-cec597751938,萝,蘿
402af3a7-c8a7-78dd-c9d4-25e98fcaec46,碰头,碰頭
402f310f-0a19-4689-9f8b-4a4738d40c26,少见,少見
403af883-afbd-25dd-776f-a3b640d97ea2,并非,並非
403b9d24-62b6-4407-baa5-e1bda0c9efe9,浮,浮
403c4cb2-91f7-40e0-99a2-3e87e7e70dd9,治病,治病
403f57a3-2c5d-180d-a24f-6e792984871e,笔迹,筆跡
404b9d9d-1732-2b64-7cd4-b7a0e42143ca,哇哇,哇哇
404c5cd5-8f0f-43f9-a662-b830446a0839,旅行,旅行
40502c38-80cc-4303-a961-f9817726c40b,研究所,研究所
40543e84-6046-4366-b407-b59c8e56f084,一路上,一路上
40719801-1835-4661-a01b-5bee40134d5d,自从,自從
4071bd9b-79e9-43d1-aa84-2d6fe0581381,陆军,陸軍
40728977-9218-c3d9-66f9-55c4c38fd73a,乳房,乳房
4074712f-7fc3-d5df-afa0-d0444d581d34,肮脏,骯髒
40783e92-aefe-da06-19b8-007e69b30aaa,沐,沐
407894e3-6cbb-4366-b4c4-cf6665d32c61,策划,策劃
40795f78-3a0e-6122-c5b1-154f662f8621,合力,合力
407b3ca6-0de3-4326-a15b-9731339f952a,查出,查出
40830ca0-bde8-3377-040d-26b034cd2a9b,简报,簡報
4089fc49-3325-489c-9e11-cbac159ae521,野餐,野餐
409a75f5-a04b-024f-8dd7-be9d58790b89,谊,誼
409d91fc-0fce-9896-dd44-3699737156c1,卜,卜
409e671c-4bbb-47bf-b01e-0488525af6bd,初一,初一
40a5405c-1803-4f26-c6f7-0c35bc89a829,叭,叭
40a66b43-9ed3-52e1-6785-e4585e2579a9,脖,脖
40a8fa5f-4038-d404-da9f-eba4f2dbc2f5,便秘,便秘
40aac96f-2740-a525-7c6f-eed74553323d,晋级,晉級
40b63f10-8ef6-7b1c-90ab-88b1a752cb1c,宏,宏
40b6d4b7-1f07-4a1f-a058-ffaa0ef09739,碰见,碰見
40b7fee5-115f-49f7-a32f-fff95448a8a9,卸,卸
40bcbf43-5520-4eeb-9209-45558b5bfe7c,汗,汗
40bdb49e-25d8-e46c-682b-c54364b14614,奶酪,奶酪
40bedc91-8f8f-552f-ce98-d2d5dd046546,名将,名將
40c0e432-342a-22eb-4581-c644f0472533,史,史
40cc971c-7393-4c54-9e81-c801afd0c5af,胜负,勝負
40d7d13e-6abf-40fe-b489-794ac6cdc89d,坚实,堅實
40d8952e-f6a3-48ab-9afc-f19ab6b699d0,苏醒,甦醒
40d93430-6587-5e59-628b-1d949743f01a,正所谓,正所謂
40d9c98d-298b-4cdf-9d0f-e55ff7797bef,绞,絞
40dca4df-261d-43dd-91d2-3ae08cfc97d9,压迫,壓迫
40dd5073-08e6-4722-8132-b15e5171d8a8,人员,人員
40dddae2-8a17-4abf-bfac-5ba003a419e3,生成,生成
40de31d5-8fa9-e0d6-21c6-2f053e6c92e5,郁闷,鬱悶
40de6d9d-5a1a-085b-c7b9-a1d79a429861,河北,河北
40e2107a-08b8-fd96-58a9-f9ee789b483c,牢房,牢房
40ec1d2d-5434-5423-470a-e44f5ebb752a,国际化,國際化
40f7ff16-7f1e-41b7-8ea8-de3fb94c5d7b,利率,利率
40fdd609-7c9b-4512-7102-a17b1169fbf7,早知,早知
410b1363-c9dd-4c73-b9f8-5f4f782d4a63,账单,賬單
410fd4f0-79e0-43c5-b575-da9fdfed50ea,大幅度,大幅度
4113e014-3d42-42c1-ac1d-71ab76455aa3,显然,顯然
4118412c-c042-2a5f-0a45-e10ade92e3ed,车队,車隊
4119cefb-0930-4cfe-9451-282f91eed500,铭记,銘記
411a32b3-c1cc-1cd1-63f7-3db1ffdbee2a,塘,塘
411f2ac2-d986-4df6-b728-a07d2259cec3,贸易,貿易
411f2b40-40a5-aded-d8f5-c5eab95609da,跌倒,跌倒
411fb6a6-fc41-4d5c-b6cb-3b4da8e6a8b7,国家,國家
41223765-10d6-48b0-a3ef-9a6c76098c29,可见,可見
4122b22a-2083-8937-fae9-7d9c7d663b49,浆,漿
4122ce2e-a2f6-eb02-a6de-d781e4561d84,商,商
413c08e5-9ab2-4f4a-b9a0-49320d38669c,困境,困境
413c16ad-43af-419b-adae-d8011a449a02,股民,股民
4142442f-f902-4abf-1eb1-5cce047ec991,茫,茫
4147f252-65ad-c527-a708-bc0898f46a59,到了,到了
41497e7e-25aa-e5df-8e68-dd0546bfd76e,幸福,幸福
414ac6a1-40d6-4296-ae7e-5073831ae837,成品,成品
414f2548-c3aa-be16-69a2-e5f5ce82bd9f,室友,室友
415252bf-913c-43ff-9ee0-4fa8726a6764,剃,剃
415306bf-932f-4863-a718-cb25bc38236d,停车,停車
41542256-aec5-428a-a057-867add1cb2cb,源头,源頭
4155c82a-3fef-478e-b851-291d935e5bb3,即系,即系
415b0c0e-43e4-6e48-f700-1b5fdeac1cd4,击倒,擊倒
415ff66d-8bb7-4151-bbec-ed46f7c36ff9,带头,帶頭
416261c5-b0c8-4180-b71b-698994114561,历时,歷時
4164a692-5b8a-e399-aa79-dcac7ce566d9,洞穴,洞穴
416545f3-3487-2f64-bf26-9eed93f55824,热身,熱身
4166da5e-3a88-d398-6167-cc2a7990cc4c,大叔,大叔
41687c6c-6484-9c22-b0e5-8b376ac41021,克林顿,克林頓
416b53d6-8dbe-453b-9187-958f05bfe58e,烹饪,烹飪
416f49f1-c518-fc32-cc78-aefa0362d8c9,产,產
416fe319-1121-97b9-cbc3-e188123a123b,皂,皂
4170f34a-03d1-841a-88fe-4e9f2a96521b,老总,老總
4171378a-c38f-dfca-db83-a4370b5346fe,募集,募集
4172bc7c-558f-481b-9822-23d05ce6338f,坦诚,坦誠
41739082-4d9e-4208-934e-2ce915d9c0cd,常人,常人
417f72e7-b70a-e727-943d-d959b2d9e8cf,售后服务,售後服務
41810f9a-bc9e-46e5-a6d9-65a01486f134,猎物,獵物
418ce1e4-f0b9-b74c-7b64-7168af9d919a,克拉,克拉
418e9b85-a80f-1e7b-7c5a-d000b1b40f52,体型,體型
419c8071-f995-885f-c0ff-31aca8942db0,薛,薛
41a24145-dbb1-4b00-b805-9478b57f3b42,强壮,強壯
41a2e046-0b0d-4dee-a204-0aa262edb576,少有,少有
41a98485-f7ad-43c9-aa21-4cfad2049554,凉,涼
41aa7c40-95f5-4954-aa0b-2d8fdd48823a,报告,報告
41b32d44-269d-4d83-b9ce-d7f8cee64c8c,级别,級別
41b93ad7-aec5-4da0-9f1e-260e6331fabb,仓库,倉庫
41bbf5ed-0af7-4ba7-96af-f85fd6ecc12c,官司,官司
41be5f95-7f05-55cf-33ab-d11b2dc15738,磋,磋
41befb4c-c76d-4f17-89cd-cff8f4ba990a,不仅仅,不僅僅
41c13a0f-37f9-41ad-95be-d37f38db96cd,台上,台上
41c60ff4-7d00-505c-c7ae-8a47eb90128f,店铺,店鋪
41ce2922-b789-45cd-a15f-8fa3d082e221,高潮,高潮
41df4d9c-6d41-4dc7-b988-1ad0b7c060ee,潮,潮
41e7329c-1057-49dd-b93f-152ff759ba4f,媳妇,媳婦
41e874ae-55fb-4c69-a002-8ae399e36720,债券,債券
41f69fee-7c39-ac1c-62b0-aa11dc3d11ee,恺撒,愷撒
41f97d1c-10be-a9a4-dcda-a3aad12064ec,唔错,唔錯
41fa8ea7-5f41-4ec9-b2f8-0bddd7cd9759,绝对,絕對
4202b434-0a4a-4b04-a25b-8bcf3e0bd0c3,浏览,瀏覽
420463af-9519-459b-a1d0-5e9506e7da53,灵,靈
42048add-c1f0-3ad0-990f-3ffe65daf4aa,商报,商報
420a5393-8e4d-40ea-a953-43bb1408ab12,忠于,忠於
420b796f-efd5-441e-a874-eb0858fcab9d,奠定,奠定
420cc78b-7346-746d-a634-62c80afbe55f,话晒,話曬
420f3c6c-4bd0-4a25-857d-3f8651dca54f,回馈,回饋
421a6d68-20a8-4601-b908-12b2393238c9,餐饮,餐飲
42235452-defe-b1cc-e1b0-1ac66a31e045,检票,檢票
4223d2ba-4078-45dc-9965-18f481566056,搅拌,攪拌
42244ca0-7da3-0be9-99d1-85bd16c2baba,煎饼,煎餅
4224fba1-de7c-4cae-ab83-f3e3dcd9e2bb,交给,交給
4227cb71-34bd-5929-4186-61e055a86311,详,詳
4230e893-00fd-0009-2423-f4b17f5b7b5d,娃,娃
42438da6-c57d-0d8c-7be7-4d3bde0c1cb2,喉,喉
42544533-8eec-3cfe-825c-fe0d313bb346,施,施
4255caee-03f0-0266-c8a9-40e09ef0bbbe,关系到,關係到
42569f7f-ed94-4af2-91ae-1cd41f673d00,赶紧,趕緊
4256ff2d-eaff-c2ff-40dc-9a2457128e67,围棋,圍棋
425c7558-4f53-aaa5-d51a-a3f2131d9df9,贸,貿
425f87ef-1c2e-4d44-984c-0d7eb1347351,迟,遲
4260dcda-16b1-904f-da05-a644fd935ab0,舞会,舞會
42633536-4b4c-4eda-aa6a-5ff682eb26ad,喉咙,喉嚨
4265146e-765c-491c-b5f7-55fae1d2c5ac,黑客,黑客
4265393e-757c-425d-8bb0-0cf70a6aaf31,为主,為主
4268250e-bbe9-4860-ad2a-a050bb6901c6,天气,天氣
426dee1f-dea5-cd93-f5e9-ccca439384e4,留低,留低
426f5b0d-407d-438d-a92b-3fe362fce7ec,黑白,黑白
427745ac-457c-418a-a17b-be7d175fe51b,部件,部件
427d4eb6-e06c-4652-86a7-b461bbfaf583,实验室,實驗室
428550e9-9bef-88c3-32e3-45151f940f59,纪录,紀錄
42863853-bbbc-3662-6c01-b512e4cfb6c0,搵,揾
428fb04e-bd5b-71aa-5f79-e7023048a580,唔见,唔見
4290b92d-e93f-487d-b394-910c29e8d6ba,有所,有所
42945ef1-9b73-442b-aac7-85060c396a0a,日,日
4297ab9f-c4b8-e34a-2ace-69c5f7321180,经营者,經營者
429a2b36-0fa2-44c4-b19b-0ee39fad7fef,开工,開工
429b2a18-3128-4b52-9b51-61609b805227,保暖,保暖
429fac0b-5378-9cb6-25ff-c9db419e16fe,年年,年年
42aa2578-80f5-6aab-9be7-9fb95f650325,有兴趣,有興趣
42b230b8-13bc-464c-bba9-e457b4aab65f,俗,俗
42b33e67-8210-4c17-a5ba-f581d402909c,皇后,皇后
42b61fd0-7c2d-19d4-4b31-321f61fc6ad0,柜,柜
42bc22e1-1527-44a8-a092-ad54aeb08a51,信件,信件
42c21f40-0662-43d6-b320-d1e5377dc5bd,争议,爭議
42c3abb6-69ce-ae81-ddb2-31ec1de6bc10,淫荡,淫蕩
42c41f07-4834-4183-8b3b-c29cc756c79c,缘分,緣分
42ca28ec-3c1c-defc-8f0c-8f13444aded9,收录,收錄
42cc22fc-2db0-4643-bc0e-038614483b82,秘方,秘方
42d15eb1-8c3e-06f9-79bb-63bc0d79f522,过世,過世
42d554a2-180d-40ce-a698-288a737c3ac6,取,取
42d8e568-d2fc-8009-5b4b-a32a317bae80,轻声,輕聲
42dbe5e9-e40c-496a-97a1-539070e81b5c,感,感
42dc17ec-1288-433a-b34c-41a752e37346,租金,租金
42f377a5-9311-33ed-c2dc-0660e8751ff2,老鹰,老鷹
42f99dae-f01c-17c1-9755-5aed4546cbb4,甚,甚
43069bce-0aee-de00-39e5-4d087f78a490,乱,亂
430ca7a9-6044-426e-bd9a-bcfad68c0870,常年,常年
43105362-4485-2f21-f0d2-748dfa503bf0,奋,奮
43106c70-f3a5-49ff-800e-a5cff70ab1e4,陆续,陸續
43133c8b-07c2-69a0-5954-7cb59dd836f4,苏丹,蘇丹
431d7c9d-b63f-443b-bb88-d036e40d9079,同样,同樣
431e523a-749d-49db-882b-e5605b59ca41,整治,整治
432b789a-b6e3-b307-32ae-a75afb821a23,发生率,發生率
43391792-b2d4-4b18-ba2e-74114d5afca6,含义,含義
4339c0f8-4139-2b12-16cc-6ceafe0c52d7,脉冲,脈衝
433ab800-5b98-48c9-ba26-3470215eff44,转弯,轉彎
433c5e17-f20e-4ae6-8066-eee24826c633,大会,大會
43418ac9-4c39-0e7b-1946-7a83bd4c2814,行不通,行不通
43464b8a-84ed-45dd-83a8-2579fb437431,笨拙,笨拙
4352f089-0ec8-4c07-bd46-574ec7f79fb6,特意,特意
43543c18-3efc-45c3-9359-bf5607980c05,剧本,劇本
435ab583-dddc-ef50-04a9-099c2280bea8,建制派,建制派
435d0e0a-a0a0-805c-4bd3-2eb35ffef384,中美,中美
435d7d30-e221-5f56-c3cf-64d91199fbaa,邮,郵
4361ab79-ccb7-42cc-bc5d-8083da0f8bb2,扣押,扣押
4376fe21-2128-405e-b8d2-5f7093b78bc4,内幕,內幕
4381af5d-d565-1a0d-52d6-32d420a3dada,荒唐,荒唐
43878c1d-8f26-d2ff-3d4b-52df9509b07a,叫鸡,叫雞
438d7a01-242d-4deb-b3e4-f0be7d06069a,怪不得,怪不得
43a1bdfe-3693-300b-2d43-b9e985670c48,汽,汽
43a78130-8884-498d-8c1d-417af6211e8c,不能不,不能不
43a8def3-75aa-40f3-9490-1ed4550768c0,工作日,工作日
43af13e4-4c8c-46f3-a19a-70118c5ddab7,非法,非法
43bb1545-942c-49a6-ac1b-699c39264d47,纺织,紡織
43bb6271-a7a9-2f5d-bd3d-76ee5c33529b,奖赏,獎賞
43bc4ec5-d48c-4b89-b7a6-1d054a3abcd2,锤,錘
43c74eb8-c468-4fc5-9403-754011781d25,浇,澆
43c7c4b8-a299-9446-0dda-a3729400bfec,烈,烈
43c9aed4-7e39-206e-45ef-f6bd15b50ff1,一方面,一方面
43ca9621-54ff-7420-528a-79248e938d17,呢,呢
43cd8659-80bb-71b0-1816-a986b4736f71,使,使
43d14f9d-d4e2-456f-816f-cee23649254e,达成,達成
43d5abcc-34aa-46d4-8133-5e8686da9d21,眉毛,眉毛
43d807f6-59c8-89d4-ca07-291354667e72,叫做,叫做
43d8f1ba-ac7a-4f87-8537-e7e9734296bd,恋爱,戀愛
43db5cdd-0548-4d40-aacb-d63739629fb4,反动,反動
43e621d1-7207-e436-23b3-4e2292f843ee,讲下,講下
43e84c89-ce43-42c1-82e4-9347d0814b91,入选,入選
43f129ba-5596-f4b1-fbe1-fbf8917aae8c,州,州
43f17b5c-8901-76ef-abc1-6a0a5124366d,手镯,手鐲
43f677a2-3d97-967b-823d-1fec7b48f3d3,台,枱
43f8b4ee-ef9d-dbf7-eb3a-d29115b06c21,专政,專政
43fb6eda-3ac2-e50b-946f-ff6172ddf8d2,世事,世事
43fffd8d-a84f-4304-b48b-5e5826ce8ea3,解开,解開
440995b5-1132-4318-9e72-c3e62bed9e19,议论,議論
44127b3c-3661-4d0f-a4c9-8059bfe2de46,不在乎,不在乎
44148abf-6b0b-54bc-ed05-7cb3d9a9a779,围观,圍觀
441571a3-1e8e-4ffa-a01b-7adcb722e2d7,导师,導師
44173a86-fb80-4ff9-a13b-c8ee4d29c2c2,电影院,電影院
4419d568-bb7c-3e07-ab28-bbd44a22e9b0,偷情,偷情
441cdfa0-4619-4b8f-97b9-49ce19ee2d6f,鼓,鼓
441dbb3b-0d43-4f9f-9339-f5aa9e985ab8,视野,視野
44275406-9dda-45d1-8ce9-2c3375645048,依,依
442c9c8c-f700-460f-82b3-661ff7ea62f1,信任,信任
4434a435-3054-47d3-9c67-38042708632b,狮子,獅子
44381cf9-f3eb-4f12-8db9-2ec16374896d,自在,自在
4438b095-cc16-41e9-b98e-7acb3331876d,出行,出行
443a46b5-614f-41fc-adc8-f7cfac84e2cf,母,母
444076d8-32e8-7639-8d7c-3462ec251ae9,闪耀,閃耀
44424a87-5401-d711-0358-320f7bc63121,髦,髦
444472ef-6490-4f7c-82ef-4f82c7e4b96e,主动,主動
4444a745-a359-49c5-baf7-1614c244358a,晚上,晚上
4445342c-802f-1ef0-3134-6218065ea9ee,褛,褸
44487a63-8062-ed66-596d-a9bb9daa44a9,六,六
444a768c-5e9a-04b0-61ee-050725f1c047,毒蛇,毒蛇
444b56ae-1724-447b-868f-a14201c1ef03,所长,所長
444e852a-8874-5122-b8dd-d0b149a3cfb9,排行,排行
44546397-e20c-a1b6-4752-be22bab530e9,感恩节,感恩節
44578123-32d5-4dda-a5c0-d828623df506,捐助,捐助
4457a4fe-c36e-488d-dad8-7edf9b04406f,弹,彈
445ca2bf-b56d-4304-90ce-2c3a8c4bafb2,回收,回收
4461180e-4543-4a6f-a6f3-dbfb9aa5c83a,间隙,間隙
446daca0-00ec-c1d0-58a2-3f892b1ed936,畅,暢
4470080e-76db-462d-823e-9075ea4a680c,祝,祝
447192eb-c337-4bf4-ee90-553687be5b97,几大,幾大
44768e3b-4d54-4204-9041-61efa1efde90,旅馆,旅館
447eafc8-1f89-7d69-85ce-bf3789620da0,肆,肆
448b753b-cbe8-9ddd-e0b7-3920eb4a909c,河,河
44918167-ba42-46f6-9c39-e7bc666b3c9d,要不是,要不是
4491a658-5809-4672-ed46-a6078214d909,头头,頭頭
4494f935-41f0-bce1-46ea-37907a141faf,冒,冒
4495273a-feb7-4bab-b86e-79fa86acb656,长久,長久
44967005-e6d4-4536-baae-fcccea330a42,糖果,糖果
449b3c6b-5532-5ba0-a8f7-4deae053c78c,魄,魄
44a078a6-6db6-87e0-1ed9-1d12f19418a3,希腊,希臘
44a10758-4ce4-99dd-5b97-7811bce498b5,监视器,監視器
44acb8cf-e30d-429f-bfb7-58cc5aeae8e1,急于,急於
44ace0ee-c715-4fb6-91d5-0766da40ed8a,胡说,胡説
44adce93-c615-410c-8530-337d247c15c0,观看,觀看
44ade2b4-636f-42b9-a96c-6d3f79b82884,从来,從來
44ae8fc7-88e9-42b5-85e9-79de18984a45,思路,思路
44af5cd1-1413-456e-ab30-805a865fd7ac,爹地,爹地
44b00cac-1e61-4fe5-bcf5-d811b3fd80ec,斩,斬
44b2e656-ac87-40d5-9037-9a0b876cd826,嘴,嘴
44b49fb7-12b3-41de-3498-ab50e03aa3ab,俾,俾
44c48920-d1ce-4a5a-97e9-788e5e734dd8,神情,神情
44c7a0ea-94cc-48d3-b5ce-47fa3be3c4b8,看作,看作
44c9148c-44b8-d44e-204e-74721ea145ae,有感,有感
44cdd40f-b9d1-191b-f898-6e2607a08a72,主教,主教
44d06c96-53ea-4e56-8328-aca0dfb4488a,伟大,偉大
44d76f43-80a3-4bb1-9b4f-a01b0035a263,房价,房價
44d7f5a9-7751-3933-17f2-280bce2e14c1,大专,大專
44d8dbf4-6277-c169-e395-cc34df569f1f,喜,喜
44dd3acd-af1d-43e4-bdb2-53c2040344f8,力气,力氣
44dea2bc-49f0-f586-2eb5-1974ad100748,剖,剖
44e5a34c-f7db-4285-9533-28ee1e46905e,肿,腫
44e8b543-b9aa-0340-f57f-63d2d07c4510,卧底,卧底
44ea9673-f66e-48c2-98e8-8df138fc8ab2,援助,援助
44ecee81-e077-491c-b170-71dd00de8f49,依照,依照
44ed2ebf-0386-4699-9799-bde05255faa8,看出,看出
44edad31-0cc3-4e0c-875d-993721230e2d,物体,物體
44ee29a5-601c-4d2e-b2c2-9202e1200045,描绘,描繪
44eebdce-e258-4f38-ae0b-e579acd20e27,经过,經過
44efe565-704c-b47d-e269-59ddb4a50b15,新年快乐,新年快樂
44f09fdd-fcaa-2b35-97d4-7174b6adbc7a,否,否
44f0e3cb-08f3-4274-b306-0a42775f4eb1,不理,不理
44f9e59b-1b77-440a-88ed-dd89f8395235,感人,感人
44ffe14d-7913-a0b5-4bc4-afb528d686bb,公交,公交
450cff21-68c2-4082-9bd0-bf2a57a56efd,宇宙,宇宙
450da308-ab0e-4bb3-b0c9-b9d665dc2ee2,步,步
451627f7-f369-491e-b10f-618bf6a238c2,建,建
451a0a8b-7433-0177-73ae-e3ce51ead63e,唔落,唔落
451c2a41-6063-48e9-adbe-a1bb9cba9b3e,婚礼,婚禮
451c5697-4f92-4c5f-a157-e4d4a94ef8fc,帖子,帖子
451c6930-ddb7-461e-91a6-1cc0f1d1599b,吉普,吉普
451d3855-832b-44a3-993d-fbb1d499bedc,互相,互相
452a56ee-c0c0-403d-92dd-39fe1ee75423,举手,舉手
452b1cf0-a19c-4bdb-a1c5-1cda8150209b,暗中,暗中
452c08d5-4ea9-41e7-bbac-52ded5b23896,赋予,賦予
45329e60-313d-4358-a8aa-eb140d5365bf,笨,笨
4532e328-1997-525f-9d99-08a65595dbed,轻,輕
45387998-9219-4ec7-9b9c-006790de44fb,恭维,恭維
4539a2e9-9b66-4a1d-9338-2d383f2f89a8,由此可见,由此可見
4539cdf9-4527-4a9c-b060-b7c52b8bdeaa,商场,商場
4550e2c9-6fba-933d-d300-f468111e97b3,太平洋,太平洋
4553edee-8dd4-4144-ae4d-388baa0b1052,回忆,回憶
455f88c9-0e53-4f57-b701-f7a6919d5850,犹如,猶如
45622d4f-dec5-4bd3-a032-ecb6de2e8a32,攀,攀
4568c54e-2c39-484d-9fef-46961ff12ecd,尖锐,尖鋭
456bc33f-0af7-4d8c-a39e-4dc5e1e4e259,姿态,姿態
4577dc8d-a3ce-0ce9-ea09-65794dfc9527,未能,未能
4579d4af-bf8a-0b1c-908f-952aa490a5cc,冲出,衝出
457c2703-5513-43a8-9ae8-fdf8559a346b,早晨,早晨
45827b7a-0798-654f-3151-721abab58003,俘,俘
45896972-a577-140c-ff32-30a2d8d8132e,躬,躬
45908c33-e245-4ee8-8dca-6f13e28766e4,手掌,手掌
4591ab31-c4fe-4e25-8238-c60b38a9ebdf,例外,例外
4594669f-cd1d-6ede-8028-740e8daaaeaa,近,近
4598d60a-68f3-49df-9bc6-bc164e0e31c9,刀,刀
459af1bc-8438-45c8-744b-af56e5c6a3ec,巫师,巫師
45a5858e-14ee-48ab-a017-4e50a401c25d,不同,不同
45a630fb-16df-429d-a0d3-6897a708c8d4,次,次
45a64afa-c330-489f-926a-a34425f40e1a,反抗,反抗
45ac3a8a-25d7-40d7-af85-7c9cf6bf5554,恐慌,恐慌
45aec43f-01fe-4c82-a60b-daae47b66e2f,进化,進化
45aecf49-216a-4d97-bdd2-73930c233430,路线,路線
45b71bc7-11dd-4a94-ab5a-a83824d28f80,受不了,受不了
45bcf996-9ad0-f826-18ea-ad2bbc0d96b8,眼睁睁,眼睜睜
45c5ed1d-b419-4aa6-a0e6-99d5245b07c3,淘,淘
45c99fa2-7d11-4909-99a3-1b64d9280db8,慈,慈
45ca08d0-28db-4633-a714-ed3bdf747b66,看中,看中
45ce7758-8cd6-495c-9fda-3e69e0568af3,捉,捉
45d82807-1f1a-1246-d629-31f3066d1f74,诠释,詮釋
45d93ccb-65d6-c122-9b73-e82a56cac5cf,共产主义,共產主義
45db845b-761e-ed99-ef74-babcfa4a1715,岗,崗
45df02cc-f207-458c-bec6-08a2b980a3b0,分工,分工
45e9f0d1-da94-41bc-add8-19e3f8bdc26c,过滤,過濾
45ea324f-6b7a-46d3-8e5d-b6a11ca7f964,中华,中華
45eaacad-f5c1-5f3d-7d52-a7b5aec5918c,从业人员,從業人員
45eab080-8099-414a-97ba-bab2051d1967,兼顾,兼顧
45eda5c3-45e4-4637-bcc0-c677f76caf37,心脏,心臟
45f04576-d992-497f-8600-a00d0d59df9d,还有,還有
45f3e8b2-523e-6338-e09f-30891bca6b18,澳洲,澳洲
45f46ffb-76cc-443a-9479-dc431d92b031,公布,公佈
45f95a8d-fadd-46fc-9f88-2d293be1a2bb,所以,所以
4603ab29-1449-122a-4b32-6b4b6352bbbf,伊丽莎白,伊麗莎白
4604fb39-0709-48e9-8aba-3e9494b8ecb8,举行,舉行
460da237-2b60-c494-5072-607ed5fc2016,银行,銀行
460e6ca6-8a64-9983-ae75-5338b110e14c,寺,寺
46122c8b-cee2-44cb-bd67-c3fa5ddeb215,瞬间,瞬間
4612b048-7495-4863-a3c9-d594cebac7f5,老板,老闆
461958c4-3439-3171-abe0-900e44cb05bd,注明,注明
461bbfaf-2f86-4cdc-8c03-c011a23dbf9b,一向,一向
461f25dd-80fc-4cc8-b6a9-4aa98df2cdd4,纠纷,糾紛
462161db-771e-66db-87c0-c850f504c576,务工,務工
4625dae8-7b8e-4469-bfff-9de57c81218e,市,市
4627bc47-8855-4d71-9592-29094dcc21dd,出路,出路
46292843-efd6-90c4-f5dd-2306e7ebbd36,奇异,奇異
462eccd3-fea1-4023-968b-9887321904a6,后代,後代
463a58fd-5923-406b-8ce2-cf0e6826f6aa,观念,觀念
463d8485-8dde-2bea-d6e7-04ab2d2acf53,改制,改制
464148ff-a5f7-fc06-3d5e-fa444d506bd0,炎,炎
4649d927-f342-4b15-b1ca-78d5386bbc31,计较,計較
464a635e-b39f-5626-2105-3ce3e0786da1,咏,詠
464cad71-7e80-4412-81a3-a754a75207aa,槽,槽
4652c0ea-1140-4f23-a8df-aff6106714e0,考,考
4657b602-ee5d-ce11-1e18-66427affa857,恤衫,恤衫
4657f979-fcc2-ec6c-c551-274272f8a160,维多利亚,維多利亞
46614907-056a-1ff6-f95f-a595d137e83c,英特尔,英特爾
46645aad-6df7-40e5-b8e7-ccd28270b4b4,赞助,贊助
4665a6ac-2412-4314-d27d-e222b86c496f,啪,啪
46672f38-2d53-4bed-9fad-3da641e70b2d,歌,歌
466a6484-4378-40f4-bab7-208656516ebe,艰苦,艱苦
466bb24f-ac2f-4403-9e21-2b9e2d59f3db,噪音,噪音
466c4ead-03db-9545-502f-f5af3125b203,不快,不快
467611b3-b0f9-4ecb-aa66-65fa8592ad33,航班,航班
4677bdc0-ae15-9bd1-2fa6-9d047a70cbf9,掟,掟
46787eab-feb0-4e5a-24f4-cc89080dcbdc,英格兰,英格蘭
467c5be4-a8e3-e103-eb99-0cd419be9ed8,帕,帕
4681569f-4a62-42cd-890d-e8dc328cac8a,事态,事態
46878bc6-04e0-4865-8c28-96511fa5ebe7,群众,羣眾
468a7c6d-08aa-4e7e-b06a-8f9244438903,事情,事情
46907896-d4d1-d98f-b09b-953c42a7a095,高尔夫,高爾夫
4695c764-9bca-6937-2873-2b82d66288eb,座,座
469ab3b9-32b0-6543-6eef-d57b9559b65f,三星,三星
469e9df3-7700-42f0-8912-fa5802fdaa5e,滋润,滋潤
46a0f752-b375-4e3a-80a2-60be3ac5a80b,下车,下車
46a30daa-2ab1-4ecd-ab4b-a4d7a58243ed,美观,美觀
46a8a579-20f2-4231-bca0-881e7d049c3e,大队,大隊
46af2a53-08a2-4556-9d44-23301b15f8b0,体现,體現
46b116c8-af89-4dba-9bd6-da439b3aaf69,本来,本來
46b24d65-6248-0656-0d56-55916ac18a81,竿,竿
46b542db-442d-4fa1-bb60-15fab8efbb4b,热衷,熱衷
46b6889c-5f17-ecda-5d25-0e66102ccc27,海龟,海龜
46cc8fce-227b-bbfd-8e67-a0ebdb6d8b78,并无,並無
46cf00b5-f059-4834-a711-b19de483ccda,通信,通信
46d0be08-609c-2859-6cfe-3cce45d755fa,割断,割斷
46d1cdd7-16e0-451f-8d5b-6c86f84249c1,经典,經典
46d321e9-312a-4b03-990d-543361c06199,连续,連續
46d46fc8-a4d2-a594-4699-9a7cd4579792,自律,自律
46db501a-e86f-5b0f-1825-fa7d5f02bc79,绳,繩
46deecd8-762a-ef07-ecfd-81e60d013ee3,大王,大王
46e45eae-8ed8-2970-348b-4f3b9bd8842e,系呢,系呢
46ea7455-2af9-4397-ad85-b582a8591438,所作所为,所作所為
46eb7d5d-d8d9-42fc-9e42-07dc580d0b26,制品,製品
46f4b3f7-608c-43fd-a253-86b1ba871a3c,做梦,做夢
47064f41-7678-4a95-b0bc-403e7ff10d29,热线,熱線
470bf8bf-81ae-4aea-b5f9-087b92214a47,采集,採集
470c9e66-0561-ab30-beba-8f4070eaad4f,差唔多,差唔多
47101e69-e22e-4d02-834e-21aec1334adf,遗失,遺失
4715552f-7f8b-6441-d618-9be2a31d2bfb,茄,茄
47160d62-639d-4da4-9b23-5a011a3d33fd,盗版,盜版
471e6c1e-3412-c9c8-200c-f254faed6443,阴道,陰道
47284e90-32e7-0183-870a-bb587fe4ccc0,比起,比起
47309e13-4325-4388-b9cf-01954b6154de,焦虑,焦慮
47324cb2-4236-413e-90ae-7fcfd6cd0f1a,亮,亮
47375aaf-d91e-4e8e-6ac5-8927fa13144a,东亚,東亞
4741ce57-97f4-42bc-80aa-78dd3a050948,克制,剋制
4741e8ba-2f98-458d-8395-ab91c59a13f1,聚会,聚會
4748ab15-8b18-0e7b-65d8-764e8f56937c,伽,伽
47504ab3-9524-8733-4a89-4ea031cf2597,命,命
4756cb9a-b931-b6b7-8db8-340ca08b2862,支点,支點
475738d8-ecfc-3b2d-4b8b-197a3d61c1d0,要塞,要塞
4757bfec-6a4b-467f-a7ec-a2fe13f16f84,折,折
47582588-609b-4fa6-e8f8-5d4d134cb783,女郎,女郎
475dd56b-265e-49a6-9945-a29566ac3a9b,人家,人家
47666f4c-6654-a915-34e5-6e5b1fc130f8,聆听,聆聽
47671f2e-a07f-3a90-e332-ce15bab10bc9,敏,敏
47677c64-8261-47e9-908a-4dbb5594ffc4,年底,年底
47713da9-8ba6-f294-70ce-8836dd84cceb,暂行,暫行
4776c56d-b531-4373-aec0-612314f82b82,下面,下面
4777739b-4c13-47b0-b501-2a72f31164c7,养老,養老
477ae8b4-5a18-48d5-b849-7f502571e504,阳性,陽性
4789a63a-2420-4dff-bf49-648b612fc153,除,除
478c1359-e4e3-0dd2-dff4-45be3652c237,焰,焰
478c4338-ec1c-4f40-bcbe-6c6fd9619b6f,玩具,玩具
478c9915-49cb-4a52-a9e1-d9cec50c136a,把手,把手
4791b530-9d15-469e-a987-9ad8b20daee2,抑制,抑制
4795fca7-84d3-45e7-01a3-9903f72d432e,气死,氣死
4796e015-24b7-d0f3-2026-d74ef6f30ddd,致电,致電
479ffa73-772e-9971-dbd6-6da1a6214bc7,住手,住手
47a6c9c3-6df4-4600-9a2a-4d7445807b74,抽屉,抽屜
47a9cd1a-f6d6-622f-84fa-81dbdd047eda,形容词,形容詞
47adfa5c-fb03-d6cb-e05a-2e640892dfcf,低声,低聲
47b1c370-4d35-cae1-bf14-22a9b723fb30,半岛,半島
47b2c09f-d87f-a70e-3cef-818627f86639,神经病,神經病
47b71379-c532-02a5-f3b1-a773826267ef,说了算,説了算
47bbae7e-e5b6-4ebc-b98b-8785f006b35a,点,點
47c27201-a87c-485c-ba14-c16d8ea9a5d7,总共,總共
47ce64fd-b55c-ca6c-c715-e9a6e2a43d11,亲吻,親吻
47d17a3b-7c0d-48bb-8a03-1aa5649fec3e,波动,波動
47d1ded7-95c9-4788-869a-c0c07a9ec0d7,通,通
47d5ab4a-7c0e-43ce-9db9-28f34664c28e,调整,調整
47d6409f-d0c0-4b6d-a9e6-319c905329da,倒下,倒下
47e07e8d-6dc2-49f0-9dcd-cc58a088291e,相对而言,相對而言
47e1503a-c5f0-5ffb-5a3e-c102637f3772,坠入,墜入
47e561d4-5d27-d569-d3e1-f957278c468e,胖,胖
47e649dc-063d-4361-ab2c-f4e1570716b5,灯,燈
47eb4885-3baa-4fa9-b342-2d9ea782e206,马,馬
47eb744d-9e09-4a87-bcd9-72b6641e122a,递,遞
47ed8141-a26b-46ef-98f7-2429eee28f25,现实,現實
47efa9e3-bf63-4fd8-bea2-b58050557087,称号,稱號
47f6f9a3-9580-ac4a-ba9f-15706d928094,让开,讓開
47f72f0d-538a-4e97-8c02-9fec56689636,想不到,想不到
47f83abd-a2b3-b2bf-ee88-85001e907b57,弗兰克,弗蘭克
47f97cba-6a62-4318-8dfe-787d437fdbba,陡,陡
47ff6450-c97c-4d51-a3e7-54c737820bf2,豆子,豆子
4801ece7-2e7d-e56b-ceee-3ef48a37f186,营销,營銷
48026afe-32ed-461e-9237-d9859c73702f,体力,體力
4802ba16-6181-48f4-b100-d2e4723aad2e,臂,臂
48088147-6846-a3bc-e8a1-564ee8e04e5e,鲤,鯉
480cb67c-9420-1cde-239f-d919caedcc1c,办,辦
4816e8f0-a46b-42d6-9252-4dffbd6012a1,怪异,怪異
481a6668-2658-4208-a2b3-171678c493e5,纲要,綱要
481bfe9b-d06b-be4a-8240-0ca328e19a87,老二,老二
4824e81c-6b91-4708-867d-3ba6308838f5,见证,見證
482cd2ce-5d74-41b7-9dc9-43b381dda897,其中,其中
48300c24-9f2d-a94b-26a0-a4aedf908711,胸,胸
48302e33-7016-4882-b733-92a15aa8ca04,女性,女性
483b56e3-1ab1-4358-862c-5da360ae880b,详细,詳細
483b895f-7e75-4559-b993-5a0a670fc3cb,男朋友,男朋友
483cce5e-72fe-b927-675b-18841dc95c68,击中,擊中
483ccff3-a3b4-4d5a-8d6d-8482994fa12c,谈,談
483f5c71-892a-48bc-b176-fa3f3485b617,值班,值班
4840b697-d324-4e1e-a1ea-be83e5058105,决赛,決賽
4850f202-cd03-b3db-28b8-5cd2450b422c,保护区,保護區
4854b365-1757-72fb-d99c-4cc5b2a0944f,黎,黎
48590c51-3b85-4e60-a745-58bcd10281f6,碎,碎
485d5544-75ad-42cb-4117-2dcf836d469a,命中,命中
4860d98b-20df-b8ba-1f25-c96c1602e6b1,衰,衰
4865e257-cc59-27e8-60fe-91cb624ed268,斗牛,斗牛
486961de-3a48-4b44-b108-bcbd81f94b27,规定,規定
486efac2-d271-495a-a488-0f7f3e0e7ed3,接轨,接軌
487572c8-e3f2-a9a2-2c1f-d41cb6994fc9,底部,底部
48770ca9-132c-47a3-868f-6ab56584b5d7,善意,善意
4879393e-7e1f-c14f-4774-4c2f63b255b2,刻意,刻意
487978e3-d2d4-4126-be8d-fb1d934e5943,北极,北極
4879908d-f522-877d-9290-0421f6be4e94,绊倒,絆倒
487a11df-23e4-488a-bd0c-4ab2cca85d4b,接到,接到
487bd71b-719d-4fda-b281-56454201a8a8,提升,提升
48800812-331a-c42b-b6df-fb4df862d67a,只得,只得
48812581-6f8d-48ba-bcda-aa96e7573c25,海底,海底
48984751-7d20-4a61-9140-c0237fb4943e,一方面,一方面
489b5538-18a9-4fde-bd62-45297d48d169,明智,明智
489f9e4f-ff4f-690c-c3d7-ea1890d86958,库存,庫存
48a43e43-0c46-4b0a-91ff-4172c7a34ab8,烦躁,煩躁
48a6d64b-3429-4dfe-a7db-a6b239499799,免疫,免疫
48a6dd11-0dbe-547e-37fd-ec0690d5666c,淡淡,淡淡
48a701d6-b713-423f-1c51-5faa710ee226,尼,尼
48a7b7b0-5ce0-41c5-af6f-accdd2c5b20e,领事馆,領事館
48aa3949-5538-484a-b81a-bd0b4768635e,要命,要命
48b6612a-95f6-6385-cd91-63ea653fbaac,圣人,聖人
48b95850-40d7-c785-5738-5c3cea1e317a,老豆,老豆
48bce8ba-0cb0-cecc-d693-d9b1e301bc90,前几天,前幾天
48c97f14-fc0f-8d3e-b55a-784d16d32619,外遇,外遇
48ce3863-6271-5340-dc7d-89b24ccadb3c,噏,噏
48d2735f-8fb5-46d7-85f7-39c54e3552bc,城墙,城牆
48d3a727-c300-4ea6-9d7c-628b7dc171a2,充足,充足
48d65799-5654-684f-cddd-539cb1334f1f,杀死,殺死
48daabee-c911-08ec-ed63-8f74e77c9853,挪用,挪用
48e9880b-a9cc-4a42-98b6-58cb9d81bc02,转载,轉載
48f61378-aa2b-4af2-a16a-118b7758639b,密,密
48fd208e-4d68-4ebf-a394-f2f2ecc21220,支配,支配
48fe7914-e054-4770-b403-7e3c141ef670,艰辛,艱辛
4905ac4a-0900-4ee2-aafa-a311e7373162,市场经济,市場經濟
4906d572-4257-b172-5ea7-6256af069fc7,家,家
490a0dd8-aae7-c4c1-650c-4396244ce0b9,参赛者,參賽者
490f9c0e-a606-6cf1-cffe-35e13c83fa11,唔好意思,唔好意思
4914d172-4bf7-0c78-7d1e-5abea6b887f7,钟意,鍾意
491bded5-1605-5792-3ddf-7839d962e8eb,微小,微小
491c8970-9205-4131-acbe-0eb782a2e8f5,帮忙,幫忙
492148da-925f-58c1-f9e5-a512c2b68af7,汉子,漢子
4925a768-0816-49d7-b0b0-405e8d188e64,录制,錄製
492aab0a-7a4d-1277-b5b1-a41261e86dcb,半死,半死
4938c67c-70fe-e149-636f-1cdbe1411bd1,柬埔寨,柬埔寨
4939f765-1ae5-b0c2-9e35-0d27ff00e966,荡妇,蕩婦
493b5953-3af6-4a8f-9855-9b209eb131c9,关照,關照
493dceef-eab4-418f-b3e4-ac4e4d2a870e,视察,視察
494287a9-97ca-c798-ef5f-4c9c3fe36c93,定量,定量
49448727-1d02-1d34-c2c2-679c1a3c2386,化名,化名
4945dca0-cc0e-4165-b738-bd076cd50be2,羽毛球,羽毛球
4948bec0-4722-ec52-ab84-5034f189d8b2,台商,台商
4949b9cd-c735-48e1-8e19-b89735599a99,一句话,一句話
494b70e0-83f6-a83e-9c6f-6559508792cd,弗吉尼亚,弗吉尼亞
494e016d-b571-25b9-9f65-828c5ff821ab,丧,喪
4951ce47-9eb5-694a-571e-9783d957c0b1,法则,法則
495c0c4e-222c-17ce-7ae4-fea42c915468,击败,擊敗
495c148e-12e4-d59e-da85-f3a695e0ac3e,咗,咗
495c823f-e437-e238-2b48-05a626d6bb4f,周四,週四
49610f49-9a70-4a61-3e4d-83ec44e6e70d,卢卡斯,盧卡斯
49618346-6288-4afa-b9a4-0982f902ad49,四处,四處
49652bb3-99c9-42ed-86ef-f9ca9484c55d,炫耀,炫耀
49658404-132a-4c75-a3da-5012d66d3fc9,疯,瘋
4968dfd8-8ad2-4a19-b84b-7ec4e746b2da,能力,能力
496bcdf4-beec-4c3a-83f0-44a84cfaaf27,无论,無論
4977e28a-b615-40da-a8e8-4a4235a36984,我,我
49798eb8-2569-4ee0-0d17-2e44a1b39122,大奖,大獎
497b8d8e-6d20-7980-d517-832a719e6437,侠,俠
497bbbcf-abf2-4286-b48b-b9f9f8d80348,极其,極其
49806ff2-96df-4c2e-a4c8-88fa9cc4b7c5,类,類
49820f54-d251-452a-b4d3-033360b7f3a2,触动,觸動
49861001-edc8-49eb-a22e-60cbe4af7048,支出,支出
4986571a-1aea-42f5-832e-4a8d780e1c27,除夕,除夕
49899dc9-10ce-c344-8b46-f63adb315c3a,条友,條友
498b2e92-35a3-3703-1fee-501605b8a5ab,澳门,澳門
499131cf-7d33-4a34-b285-148b805f3c5c,可是,可是
4992ad7f-b40e-fa8d-6ae5-10611cf06025,开盘,開盤
49931bb0-6f5f-5898-ec69-7a03f7ef3229,生仔,生仔
49938885-2204-e62a-65da-7108a66d817c,偈,偈
49964551-84af-49df-abb3-4a82a22c81f9,董事长,董事長
499d53d0-6c2a-44f6-b46c-bc314ee1e372,年龄,年齡
499eec00-f02b-4dad-902c-cdfacdd74b84,叙述,敍述
499f8c5b-adcb-e7a6-1bfa-476b6d3cc546,现代舞,現代舞
49a001a8-1106-4398-a947-7c36a9891bfb,痴呆,痴呆
49a0cfb6-1508-4714-b228-0974db8af58a,要害,要害
49a11f39-157d-42bf-429c-c05816956331,商务部,商務部
49a57bc9-54b4-46f1-bace-61f45dd8ef9e,氛围,氛圍
49a94026-c4a8-e08f-afa6-aa3b9f022814,搭车,搭車
49ae45c0-0943-a5f5-ea27-80b6f7baf373,堂,堂
49b0161b-8535-47a2-90a3-1f169dac4554,山顶,山頂
49b13968-07ec-44d6-ade0-2f5fbb5ff4ac,餐馆,餐館
49b6a2c4-16dc-4c67-b2da-1a89ad4c5856,遇难,遇難
49c8f91f-b5e6-80cf-16f0-db7c9bded4ba,熔,熔
49c91c43-8335-451f-911b-e84da4c9c3b5,算啦,算啦
49ccb663-2ce4-5676-99fd-737bc5b578bd,殴,毆
49d7eeff-b6f8-4206-b5e9-f2c9b798457b,妥协,妥協
49da3eca-24a2-1460-7b17-1fe7aaf6e414,江苏省,江蘇省
49e009a1-a58b-39d8-b2ff-c58a6a489f98,馆,館
49e880ad-43b8-4bfa-88f7-e207edd56cfc,精细,精細
49ea9844-ce3d-44ab-9e46-d0cc550520b5,涨价,漲價
49ebcd79-8b34-f0d1-2749-d602cf1a6fad,喀,喀
49ec608e-05dc-468c-aa77-3df85c732105,虐待,虐待
49ec8eb1-2d20-4786-b48c-d8834f8748f7,明朗,明朗
49ef5ca4-d030-4416-836c-a89a6f2552d3,和谐,和諧
49f0fe77-e471-ba24-4ca3-b93510b19cd6,裙,裙
49f2e049-da8f-4a60-a501-50bfcc818e9e,无恶不作,無惡不作
49f45504-feaa-a4e4-f6e7-306db841c82c,加拿大,加拿大
49f7ca2e-6bea-41ba-9bfb-5e996066f69c,养殖,養殖
49f91675-b898-4a83-bedb-9b5fafeda5d5,面试,面試
49f9675f-60a2-a860-31ba-83e8f5fea6f8,做不到,做不到
49fac5fa-08a0-4cb6-bd50-6b7ca66ae485,仔细,仔細
49feb056-fb1f-486b-90cd-4f4c2ad6733b,战役,戰役
4a143c50-bb44-43f6-aa22-eee086653384,热闹,熱鬧
4a1fbbe0-8baf-8c44-6f4e-61f1d7d45a36,允,允
4a292703-c05e-4d0e-887b-324d181fa8fc,防卫,防衞
4a292e72-e220-4dc7-bfdd-bb75b4c8218c,配,配
4a2ea83d-5382-5183-af64-78dca8466580,山东,山東
4a356bdd-e7df-d5e3-86b9-fd4b6622ad10,病变,病變
4a3ad17d-7b15-e5dc-ec00-ffb51a89fd79,锋,鋒
4a48f04a-b347-4594-b214-01e7f093dc8d,班,班
4a4ca7a1-56b0-5b93-5c3b-bedda6585fec,奸,奸
4a4f0e2e-8ba8-4b91-93b5-49f855da48cf,只见,只見
4a519dbf-1f4d-4f2f-8772-b875c6c30c7f,干,幹
4a5aa8cc-22bd-6e81-28e6-f4b8da9f4834,闲置,閒置
4a66ead6-d822-4e08-9938-20d4744bd891,社交,社交
4a6c1961-c7d9-4047-8793-25f7c3c3497a,亮相,亮相
4a6cdf1b-2343-44b0-b94c-fe71937e2ca9,小康,小康
4a746804-6168-4384-aeea-bcd2ffab5828,第一,第一
4a749071-d4e0-46ee-830e-2f685ab24939,想,想
4a7a4767-f736-4f77-a4a1-dc666822d310,悬,懸
4a7ea4d6-1cf1-418b-ae07-26eb513198ce,成为,成為
4a80a963-86a4-4918-5093-1a05645eade3,露营,露營
4a825f34-76d1-ed0a-26b9-a7b021be6ef8,上星期,上星期
4a829d7d-deee-47ef-9870-d2d8c34251c7,可疑,可疑
4a842872-6379-42cb-9c90-e4da5677947c,箱,箱
4a871e5c-4ac8-47af-bfe8-a502c1f99644,哪知道,哪知道
4a8f8c11-c3ac-c8ea-81ea-c58d0cac6643,市中心,市中心
4a917731-e8a0-4fc3-1d78-5ae2cddb626e,疗程,療程
4a92fb33-ca0e-6985-0ae4-e28fcba337c0,阿门,阿門
4a9a8059-81c9-f9b5-50ec-be76e748f0ef,整形,整形
4a9ac77c-0194-5307-64d1-a57eb837c537,只需,只需
4aa04b3b-a330-7265-2edb-079229175c63,民主党,民主黨
4aa1fcde-d1da-4f4e-a700-06e1bb0f7fc1,获得,獲得
4aa55500-2eb0-4843-a9dc-5f06bab8df76,小路,小路
4aa9c64a-9180-424b-89da-25af10edc89a,感性,感性
4aacdb61-ee2e-4390-a867-a722d4a0e1c2,值得,值得
4ab970e2-8844-6ccc-646b-86fde84d1bc1,冇问题,冇問題
4abac070-6b17-4a68-97f4-7e34fb1d98a5,奇妙,奇妙
4abba4ff-9c0d-a6fe-90f6-b7dd0071db02,仲要,仲要
4ac2ce51-ae1a-4173-b13a-4a2b44710177,楼下,樓下
4ac39f70-00c9-8ec9-eeaa-b2472da410c8,救护,救護
4ac502f0-24c4-9e1d-3098-64a8b26e4cb6,提案,提案
4ac856a2-9f9d-990f-1ea1-81590f0cd2ba,选定,選定
4ac8839c-8878-443c-a447-7a6a30b786ab,一带,一帶
4acdc32a-aa7d-49b6-9b6a-6e21867f2d0b,运气,運氣
4ad3aa78-0e86-4983-9fcc-70b53e12c3d3,组长,組長
4ad82bf6-5ed4-436b-ad27-aedc5fa5e75c,季节,季節
4ae19e71-1bf1-7e34-e7c6-70703e69ecb5,全副,全副
4ae7170b-7225-46e9-b82d-c3c83079d6cf,人为,人為
4af16614-8f26-4a6d-bd78-f7fe822ec084,团体,團體
4af56b0d-027d-c5fe-4db6-88d00c35bf72,毕生,畢生
4af5d16c-f4c3-4f07-9fb3-85dbdf86bf92,坏人,壞人
4af6e815-73af-42ae-b811-6682012060c7,渣子,渣子
4af7a5ff-efbc-6a62-c3f4-78edc7d9334a,鲨,鯊
4afb2ab0-301c-4fd6-acde-8451cff12cc8,气息,氣息
4afbcc44-3976-a4dc-f473-249b1510311f,月经,月經
4b098fa8-a54a-4ecf-a001-df8ca9bccb43,排斥,排斥
4b0a81e0-ea40-274a-0264-bdefc6fec75d,不比,不比
4b0b6a80-8db9-4901-94c1-f472b639ea04,功,功
4b0b6b35-452c-47c4-a466-614a079e33ce,繁殖,繁殖
4b0dca45-f2b3-a7d8-a2fc-e362330afc2c,殡仪馆,殯儀館
4b0e8157-4645-4331-acdd-07f6ddd870c1,热腾腾,熱騰騰
4b21df05-80eb-49d5-ad4c-6b62655c844f,碑,碑
4b227801-5b33-75e2-660b-b8c371a82cb9,找寻,找尋
4b27ce7d-e9ab-4b3f-8d8a-dcf2ca807d89,穿上,穿上
4b2bd842-2302-401f-547d-06c7d701f6a6,循,循
4b2cc245-d022-4233-ada8-0fde8afb2b0a,震,震
4b2e4eea-5be7-40e3-8259-5cb13e4788ed,污水,污水
4b30b524-fba1-be3e-d18a-46c3ee93b547,化工,化工
4b31085a-bb1d-959c-f06c-71bb34450b8d,苏联,蘇聯
4b329fea-b8a1-4b7b-b869-411183df58d8,成果,成果
4b3613f1-ea06-e240-fffe-928694879fb9,半辈子,半輩子
4b389f46-b96c-4ac6-aba7-7f53fd810b2e,自学,自學
4b3ac7ef-4849-ac39-c0a9-26a4438c3669,刀子,刀子
4b3ae554-8dac-583e-1e4a-387981315ff7,集,集
4b3e87a4-a971-ac4f-233e-547e5b9e3902,冷冷,冷冷
4b4199b4-b201-b51a-064a-998b90d527c7,缉毒,緝毒
4b41c166-0ed2-4be9-e38a-fafcef5b457d,奢,奢
4b427774-236a-cf0f-9212-4fbc1aea743d,天文,天文
4b479cdc-293b-4317-bc20-943943808255,上述,上述
4b4bf490-41ff-eab5-60f9-d48d58af4641,颠,顛
4b50a068-3835-437a-a5cc-dd84d88e0f4c,怀疑,懷疑
4b570d85-276d-4d6a-b056-385ed335de2a,医生,醫生
4b5c20ae-1189-4823-bdc4-a519db601ce3,一无所有,一無所有
4b61ee28-7261-47f7-83de-65b2c0290c68,社区,社區
4b625e39-cfde-4f98-ad9d-cfb9154f21e6,转动,轉動
4b62665a-a9fa-6632-929b-f317f23a82f0,无罪,無罪
4b62d36b-c93f-23ea-cb12-1ff9e1e5e81e,嗯,嗯
4b6847fb-56dc-a022-8278-3640bbe49923,高登,高登
4b6a2594-cc00-4c51-ba59-a2cb206aa903,脆,脆
4b6d1578-20dc-4bb6-92fa-2677960e558f,感染,感染
4b6e6fbe-899f-26d7-84e9-0df2a72909a2,得闲,得閒
4b6f2af7-0e50-dc19-8127-be8619bbc57c,烟草,煙草
4b703353-08e6-4b85-8668-ff4b85e72a04,剧,劇
4b71d848-ac5f-e18e-d166-253686309dc2,管制,管制
4b74d7d3-842a-402d-99a1-40603491246a,挑衅,挑釁
4b7b395d-ddb3-22bd-d59c-8fee76eb26d2,胞,胞
4b8ea150-a35d-4dea-893f-82f00999127e,半决赛,半決賽
4b92b3b7-1ac2-59a0-feb7-eb4febdfaec5,跟着,跟着
4b930872-204e-18bc-48eb-21bf46598694,万,萬
4b99909b-cb4e-0c49-035f-a8f6032c4792,沙拉,沙拉
4ba1c0e3-380a-4a00-a5f5-6a59e2eaad5c,伤,傷
4ba97fcc-f5f8-4fe6-a9c6-e7dbb8c5ebee,质量,質量
4bace916-e25f-1303-29be-855d8e709765,风景线,風景線
4baefe7e-0347-4cc5-92ae-c7f5b19e37fa,向来,向來
4baf5aaa-edc4-4656-96c9-a84e00f0ec5d,何时,何時
4bafddd5-3aa0-4612-89d0-03bf73792eef,普通,普通
4bb57e46-8ee3-ae5c-4115-10d6c2169cd8,回忆,回憶
4bbeb7ca-37a2-4eb5-9088-31cde6d6338e,做生意,做生意
4bc4b7ce-4991-451f-89b8-fde4e68b45a2,产业,產業
4bd1f4c6-fbc4-a0c4-f11f-c64c56eee182,嫌疑犯,嫌疑犯
4bd28c10-fc5e-4423-88ce-75d8ac8d25fe,决策,決策
4bd35bc5-f62f-9fc4-6a3c-3fcff9b6503e,边啲,邊啲
4bd4ec74-787d-82e5-bc0d-f11153dabc29,犀,犀
4be15576-eba0-4e51-b4e4-33cced2bb005,方,方
4be7a1c4-b21c-4bcc-bc68-06729f417eac,福,福
4be87306-587d-424e-9d58-c185f86e7740,串,串
4be8dd40-1a00-4eef-be7d-d4d76018f880,力度,力度
4becb733-10b3-48bf-b1b4-5f8da63a572e,文物,文物
4bfbc32b-81d3-3939-eec9-f2aabac674ba,面条,麪條
4bfcc085-f06b-efd9-2f2b-dbc727c6aa39,成名,成名
4bff865c-169c-40ef-b341-f7bf53ae559f,阐述,闡述
4c077d9e-c846-8b08-1898-6cb72c9a2f3b,痴,痴
4c0ba1f1-7db3-c3c4-85c8-ccfbdbf3ed93,开价,開價
4c1971f9-5719-00c0-4cfb-a883fa8f4bb9,斯,斯
4c1bdcdb-907b-4065-b23a-7f2dcd4edb59,睡,睡
4c24cd53-2581-4d94-a56e-f6c2340346da,油漆,油漆
4c2c615d-1942-d5ae-3c12-79afc4710b69,新村,新村
4c2eecd7-f116-bc5c-4a79-1b014b947b97,副总理,副總理
4c3223cf-819c-42bb-9538-ee6d9ef7cc34,火柴,火柴
4c384852-f2ac-b196-e090-8ef89abe313e,堡,堡
4c389cb0-61bc-75eb-2701-cd8de7972d06,乱讲,亂講
4c3aa91f-ed6f-291a-48c2-970ea7c95efa,竭尽,竭盡
4c3d3249-f7b1-7966-0584-69fee17f5790,侵,侵
4c3e878c-adc9-889d-d48a-dd81c9a589bb,彰,彰
4c4800d8-f638-2b05-e635-3f13311585b8,芥末,芥末
4c502e5a-1f7d-4e8d-90bc-4bb119dd7491,莫过于,莫過於
4c64d38f-f5dd-456c-8fd4-ef9c96a2b98a,大衣,大衣
4c6dba3d-4f64-ea4a-e402-85ab4a56e9b6,接头,接頭
4c723cdb-2188-6ee7-ae4d-50c3911113cd,极之,極之
4c7a1255-a53f-6173-d2ac-8d04d28a2b4f,诈,詐
4c806fe6-3d29-41b2-bf58-ae31321dd4fb,警察,警察
4c84a554-dd13-9139-4e64-b6d7ea11fbc9,内皮,內皮
4c8870f9-f5ff-4b77-8705-a5bafca6f4f6,肩,肩
4c88d4cc-b586-425b-b316-2a8e442de2b1,专家,專家
4c8992c4-1a17-4287-93aa-34d30b3f0723,注意,注意
4c8aa831-52b2-47f0-b428-e6dd99452508,一半,一半
4c8b9d4f-6f55-4067-be87-67b91211fb97,啤酒,啤酒
4c919499-03d6-4c54-774a-4dfa1738befc,陌生人,陌生人
4c92b789-cf2c-df21-e047-ffb362655b9f,出奇,出奇
4c943bde-87b7-4943-acaa-4921b25c9cbc,过去,過去
4c9a5478-53c0-ee32-0bb0-737a82b2ec53,洗脸,洗臉
4c9b52e3-6b95-b60d-f09d-89dc3bda51ff,累,累
4c9b9365-6be6-4755-bcd2-d877386e1ec6,模仿,模仿
4ca18f8e-343d-a421-b2e4-51f34af85f04,诸如,諸如
4ca385f1-a678-58df-a599-dba261622dfb,阅,閲
4ca46b89-d64c-fe36-c920-815ae4e625ef,磁石,磁石
4ca740e4-3122-3b87-37ea-80a4afaefa98,颈,頸
4ca7f630-bdc4-13d8-fe4f-a70ed19d00b4,涌,湧
4ca89a25-79fb-de36-96a7-deaa0852a8c0,桌,桌
4cabbdd9-f2c6-48ef-87b3-3ca45beed463,不如说,不如説
4caccc32-dc89-bdde-77b7-1a23c554cec9,上面,上面
4caf7d19-84ed-4a0c-8c8e-a8f47b85235e,一眼,一眼
4cb44d3f-0616-a30f-e5c3-e4754d41e8ee,底特律,底特律
4cb5b5d2-018a-425c-99f2-2f2ab322cda2,大棚,大棚
4cb89226-4d6f-0606-53df-eb816f45b9d6,验尸,驗屍
4cc09959-c64c-4c90-b60a-7dd85870c46e,革新,革新
4cc39dfd-487d-9cc0-f5ea-36a714eb3689,赫尔,赫爾
4cc64a25-0983-66a8-9bd0-16e577820e01,玩弄,玩弄
4ccda495-2824-df5b-c5be-63c3b0e29a67,矶,磯
4cd2f152-74a6-b428-423b-81a4e7822347,约瑟夫,約瑟夫
4ce28364-e277-4674-9c16-5b604ad7240f,摔倒,摔倒
4ce93b42-0dbe-44b4-b8e8-567e53488188,宫,宮
4cedbd26-746a-960e-cbee-4bbad290b9cb,一百,一百
4cf057f1-3532-4f55-a1a4-385788e3fc7f,伤害,傷害
4cf45771-1118-49d2-95ff-f1d6c24590fb,心愿,心願
4cf63961-ad2c-43f7-bcca-f9fe55f6d976,求,求
4cfd5c48-adc1-4aa2-8611-cf62e86b1a0d,半场,半場
4d00afb7-e657-06dd-58ee-03f6cc572bca,前程,前程
4d0493c5-3a33-3273-06a5-e6437ea2a87d,幽默感,幽默感
4d09fe79-ee0b-2806-9219-5f0850ee57f2,太子,太子
4d13fc40-2194-d408-7b55-23ee12d532c0,寡,寡
4d1477f4-78da-412b-99db-c55a80d0421e,机密,機密
4d15b17d-7d50-b0a3-1456-28098751ed34,苍,蒼
4d2645a3-ac41-4926-b11d-18252511d0cd,氢,氫
4d292687-9576-4aa1-b381-a2aa92f25cc1,外语,外語
4d2933e6-ca46-44f0-b65c-68141da5687c,降温,降温
4d2a7c5d-9440-4a49-855e-424e361dd662,激活,激活
4d335afc-3edf-3cc4-6812-2d90341a4815,荡,蕩
4d36f2ff-4ee0-4de6-8a44-4b6d2b40e1d8,物证,物證
4d38e39e-6dd2-4969-b648-099d9c015e9f,明白,明白
4d3c1a5b-13a0-47b8-a955-d842c88fbc21,勤奋,勤奮
4d3e38ab-0323-4b12-95d1-a0106d8ce02b,推迟,推遲
4d45b3c1-9f96-343f-661d-e7f293077cb8,增生,增生
4d53c939-4350-ee2b-66ad-e8fd87f5d4ca,像素,像素
4d56b616-623f-69c5-b3c8-83d24d9488fb,同学,同學
4d59d3b4-d699-49bc-b035-b77fcc0ab87b,讲解,講解
4d5aeae8-7eba-4194-a695-4ed8f99bdc83,发票,發票
4d5ee159-abac-44fe-a414-43fa5c3ef38a,悬崖,懸崖
4d5fb6c5-6333-2eb3-3009-3956162fa3ee,早报,早報
4d605081-9d24-436f-9122-7d7b2de59337,突破口,突破口
4d67c70e-04e1-4d03-8b66-abf891ad2558,梦见,夢見
4d69e18f-0757-8fdf-dad5-61b0b55e873c,野猫,野貓
4d6d1d93-9939-4843-9fac-8b9c724ecdf2,司机,司機
4d709c2c-e8d3-cd72-f0d9-19a544993762,通过,通過
4d71230f-b536-489f-975f-b51c6b077b38,瘟疫,瘟疫
4d793c44-85f0-473b-5dbc-064264f66510,合唱团,合唱團
4d7956e7-842a-4677-b921-a47996f3a638,预料,預料
4d86a997-60e5-4643-affb-e800f2803f6f,班长,班長
4d896b91-cb8b-4370-9c8b-1116fa2d79b2,驻,駐
4d898a10-f294-4685-8a78-61050404d934,出租车,出租車
4d8e99d9-cfa6-417d-b687-407ff292c1a8,运动会,運動會
4d907545-29e9-9e9a-000c-b87b9b4e38c5,已久,已久
4d935e6f-eb77-a1f1-733a-3146812c14e1,好棒,好棒
4d955b7a-a5c4-db74-5510-307ccccc0eeb,呆,呆
4d99d1f3-176c-4747-bf29-ac7c436aeb3d,美妙,美妙
4d9aecb6-f8e6-4a1e-8cbd-662a6f57774e,不论,不論
4db17112-6845-fb80-6575-997182353e6e,戒毒,戒毒
4dbd0edf-e97d-2e6d-553b-f2eee28afe49,多谢,多謝
4dc44461-fa64-4003-8891-c741d97a1e88,自然,自然
4dc900e6-fd8e-4427-9e21-4ff96bf4a022,次日,次日
4dca9b12-b96b-4a6f-8b7a-dd602b483906,带领,帶領
4dcbaf65-daa8-0894-be1e-ac5ed20a2c0d,日志,日誌
4dcff9fd-3e26-49b9-1d89-49b821690c44,大麻,大麻
4dd742e8-f066-4c90-b747-7739a9835fc5,门槛,門檻
4dd7c276-aa1b-98a7-a5a4-4f7d54580fad,银行业,銀行業
4dd81c4f-c6b8-83ce-1bba-c7b642bb22ba,扔下,扔下
4dd9be3e-56e0-4b35-a976-ef271b8a3fe6,盼,盼
4ddc70a2-10c2-481e-bd2d-7c80a9607cde,粉色,粉色
4de1d07b-0179-45bd-8bab-a0776709578a,援,援
4dfd2932-12c8-4cda-a374-4f410f2a731b,蓝,藍
4e0097c0-d888-2803-c8f4-03c5b57a5e72,呢度,呢度
4e07c3b8-2479-6378-aaf8-9499ef77bb30,心爱,心愛
4e08b9a7-5a5b-4949-bf3b-128f829d62c7,私营,私營
4e0cd097-0226-43bf-81b1-825a73a337aa,经理,經理
4e0db7ec-b83b-1ae6-160e-2d971a1f8a2c,疫,疫
4e0e174d-d1ae-4f14-b6ca-6b952e3535e0,树叶,樹葉
4e0f4cac-640e-d226-6c12-c4dc63948aa0,里面,裏面
4e1340c0-906d-4ce7-a032-8a08fc2edfd4,检查,檢查
4e26b922-a9a9-4c5a-bca4-b5b989749385,怎么办,怎麼辦
4e333d4f-f49a-47ee-887d-e06e0343548e,迎,迎
4e3a3b80-362c-b3e3-aa2d-1cbb955d1aee,老头子,老頭子
4e3ea269-4cbb-d942-02e3-032ef8a7d0a1,襄,襄
4e4d1b1b-98e0-45a5-a4e5-5ea5059fce19,事业,事業
4e4e7b44-7e96-0e4f-e9b2-a8fc51216caf,以此,以此
4e4f4023-52a8-48ea-b99f-4a6fdd77f8d5,艺人,藝人
4e51ed7c-0bb7-4063-92ac-83a005f1f85c,加热,加熱
4e520b67-1afb-1507-62bd-d484de0da947,德国,德國
4e54c692-6fc9-4d51-9f47-993fb89412c9,暖和,暖和
4e5680b5-1689-4af8-bd95-3df7f4434f17,毁灭,毀滅
4e5beef3-d34d-4c60-8035-c044e5e7fcad,北京,北京
4e642038-bf33-4975-a725-6bbd76601f2c,官,官
4e68cf70-6c56-4b46-a2f4-efc217334ad5,电信,電信
4e6ad7dd-a8a5-17a1-c80a-c73e745e114e,塑,塑
4e6e2d7b-c922-4f7e-aac2-3fdd46c9ca78,人口,人口
4e700ac0-c396-4bf3-a0f9-7eb5fc916322,团伙,團伙
4e798308-8737-40c8-b092-78ab15ec1834,华人,華人
4e7bca17-f7e6-f989-bdeb-3af6e8acd9f9,眩,眩
4e817653-9d40-4515-9904-e42c202d1533,关键,關鍵
4e86f8e7-e13f-4934-9667-f7224238f440,挥,揮
4e89079a-c99e-4c89-806d-12b7a9717d2a,同伴,同伴
4e8bd239-a18b-4ed9-b25d-9aa9a6d9a067,结婚,結婚
4e97d0df-cf19-4d1e-8eea-34a1c1cf51af,丢弃,丟棄
4e9b6033-aed2-440a-8146-db117789126f,信用,信用
4ea028dd-6420-42d3-970d-3996a9217030,类似,類似
4ea2d56f-19c1-dbf3-c38b-c396b346e810,心烦意乱,心煩意亂
4ea3154f-5ede-9b6f-890b-aa75a70e89de,年轻人,年輕人
4ea37a26-cf77-477c-ae6f-d26b9a35f362,福利,福利
4ea57235-542d-a378-0bb6-a8cac5255359,心想,心想
4ea90301-bb60-4e09-b891-98338183c412,党,黨
4eacbfad-3520-4495-afed-9290cdd7494f,塑造,塑造
4eacc478-796a-49c0-84b6-ab0fbf69e3e9,疯子,瘋子
4ead4833-8daa-b6a1-1437-c09fd6248a44,结构,結構
4eafd6ca-6053-409c-b644-1f42dc53258d,乡镇,鄉鎮
4eb2e9f6-907e-4dda-b6e4-753877798591,舔,舔
4eba6526-f6db-43f2-83b8-7c579726c4e8,以致,以致
4ec15ce6-d9ec-7961-b061-a14884ae8c07,被害人,被害人
4ec4d019-7bb6-427a-97a4-5167100d1a08,火,火
4ec74243-2625-452c-859e-f47187f2a3a0,运动,運動
4ec87efc-d180-aeb6-b0dc-041200d27089,升降,升降
4eceb2c5-ad75-487b-9647-a01b13954b67,好运,好運
4ed0ea70-b523-4588-a3ab-9fb2dd326173,了,了
4ee1dd7d-d282-4074-a8b8-380f53252215,自尊,自尊
4ee65770-5b4b-4dda-b9bd-33ac04b6d7b3,掉头,掉頭
4ee9aa16-3971-43a5-b5f9-2ef135546475,自觉,自覺
4ef2eaa0-5d5d-4fb3-a0a3-c1eea0f8132d,高等,高等
4ef785f5-3032-4e4e-bc06-de770f37a8ff,复兴,復興
4f025316-3e8a-4d3f-ad5b-85b5476be93f,水稻,水稻
4f057e6c-74b7-8140-314f-5a33ac6331e3,查清,查清
4f06332e-7bd2-b2cd-bb33-d9280b353ad4,浴缸,浴缸
4f0bbc59-004d-01c2-5008-b4f7a2af4ef1,还击,還擊
4f142d69-26d8-46ef-9c5a-11ee2df283d1,不可避免,不可避免
4f174a54-1c21-d7b3-7d57-eb1726fc71a0,杀戮,殺戮
4f1772a8-65b1-42c5-bc2e-ae4432f26e2f,纯,純
4f19868a-46e8-6ecb-0100-978ba758557a,写法,寫法
4f2149b8-15af-f581-2470-48f99e16d686,公安局,公安局
4f22f0f7-e227-6fb3-c1a5-750c126c3a3c,责,責
4f23d5bc-437e-4327-ba1e-ed5606af5a90,没什么,沒什麼
4f2dcfd8-ba6b-f61d-fbab-61acb4c7669c,社长,社長
4f341074-0fe5-4614-bdb4-4d2664bd765c,情,情
4f34a277-4a2f-4318-aa4c-000350c2c005,金,金
4f3b38ef-99f7-4436-89a2-2edfe7c7badb,造成,造成
4f3b7ebb-0984-8301-60be-5f3c662c6428,嫂,嫂
4f457cd2-8fbb-4a74-9922-62ab2d94369e,过错,過錯
4f4886df-3f08-e5d7-fbfd-60ea077f7422,短短,短短
4f4b1201-b23b-cf1c-06f8-bec0eef69c3a,闭上,閉上
4f4e384f-c688-4bfe-afd8-8c03111ca31d,焦,焦
4f529e1a-7890-d920-a1f9-7a1b27c08c70,外星,外星
4f5918c5-6d43-4680-ba6d-458d175b16e7,调解,調解
4f61d73a-845b-e928-5b42-7a9d3ca1e92e,柯林斯,柯林斯
4f648ae3-b1b7-5588-a3cc-9f540c76d500,迟钝,遲鈍
4f6d0aba-f225-477b-b62c-d0d3dc1f9ff6,重任,重任
4f6ecb65-1147-8560-065a-f7ab358a9112,两,兩
4f71f08b-572d-47cd-9c84-293cb66890f6,扰乱,擾亂
4f72386f-ed36-40fa-828b-b6e54ca0d682,制裁,制裁
4f724ca9-d682-abfb-12c1-e5a50db51da2,平行,平行
4f7739e9-fbc1-4a25-aa0d-8c677c092d09,管家,管家
4f818dc7-3b03-9e90-31a8-dfd96a51f206,朴,朴
4f82b863-27dc-46c1-b52a-33f3ccf29968,斗,鬥
4f89b2c9-a956-4493-8ce3-606f16fc4430,童年,童年
4f8a528f-48a5-01cc-fe07-e072c1969230,使用,使用
4f8b9d75-5fd1-47f4-86d2-cfb16c7eee96,告诉,告訴
4f8c214a-ce9e-4d17-bc56-92a12c70dc13,草坪,草坪
4f8ded3c-f528-b4e1-5873-b912ac7fdf0b,干,幹
4f9fbabf-dfc4-a1a7-bfde-ac099595eefd,庞德,龐德
4fa209d5-002b-4ca7-b202-34778f030238,联系,聯繫
4fa47e1b-6ff2-8da2-60de-9d89ca677c39,起立,起立
4fa4ef3b-c074-de4a-4e10-604db08f6a0b,调情,調情
4fb6cabe-792c-d819-1007-ac1ea7242f28,佛,佛
4fb80870-2f9a-5c4b-0111-f0a13b928a93,暑,暑
4fb9ca2a-694d-e104-2cc1-52244f12cfea,上将,上將
4fb9f4df-4355-4249-8062-d04f16e4ea62,备份,備份
4fc4a05e-ce18-82b0-64d7-22f50bde33e4,迷宫,迷宮
4fc67b8c-96d8-0f8b-7181-18135384a086,削,削
4fc6ae8f-f8b6-375f-969e-bb99564b0408,变得,變得
4fc6fda8-9970-42b4-8691-28ac2a8fc83d,表演,表演
4fcc9a88-8ba8-4015-ab3e-a6e6f53e99f8,迫不及待,迫不及待
4fcfb755-c999-fa55-6bd0-fccfb4a62492,敞,敞
4fdc30ae-72b4-ea4c-132e-2c46f5bbb080,舞步,舞步
4fdca6cb-6d62-4c7d-b51b-41767bba1765,初中,初中
4fe681fa-ab4b-4617-b0d2-972e5ac4eac9,指使,指使
4ff0ca95-f49c-4e6c-b03d-c82dfd6cfa3e,率先,率先
4ff0fd9e-f26e-73c2-4f10-67eab4c6e12e,年头,年頭
4ff57647-a408-4c71-ac2d-fc8dcbfde1d9,聋,聾
4ff5baf1-f5d5-48cc-be92-99cd7d0fd74a,之后,之後
4ff6ce3f-7ca2-789d-ce63-bc01d9075694,锦,錦
4ff727ec-374c-98c7-f05d-af9528650dfe,捧,捧
4ffbbaab-3b80-4d09-a365-42baa2aace8d,被捕,被捕
4ffbe41d-a260-4c26-8aab-064dd544d9a3,旗帜,旗幟
4ffdaae1-2eb6-4f1a-a5d9-a770eaebe53d,营救,營救
5000eb06-f365-7862-c356-9592a7fcc5a4,直辖市,直轄市
50059bc9-2a07-40a8-d710-97f06f5473a9,劫匪,劫匪
500da0c6-b407-c646-5945-4329c55d1144,好嘢,好嘢
5018b0a3-7e7f-4070-854c-f3cf6888731b,分支,分支
501d658c-6c76-4910-85aa-a45fb2b4caf5,成就,成就
50277007-b0d2-4417-ba19-0a8efa3a1a4f,间谍,間諜
502d4e4b-a132-467c-9230-2d2a085c0198,困难,困難
502dd3c4-895d-4d7a-b097-f0082981e67a,记忆,記憶
502e3556-eb7b-4a1e-a2d7-df8b18eeef8a,工地,工地
5031a834-4966-e865-e95d-f613056de18d,阁,閣
5033c42b-4e94-e0e2-2065-ecd9097fbcef,前面,前面
5035341f-17ec-349e-0d53-3a8621865aac,公子,公子
503e5505-1595-5208-bcc9-d69e9192f932,耽,耽
503ecfc3-5703-6be3-2e47-e9ca6aea2560,大概,大概
50407263-f967-2c9c-d2bc-d3091559db6d,揸,揸
5042f4f9-c91a-4e03-b664-0c38f401eedc,城堡,城堡
504421dd-9844-8139-c10b-3d65434718c9,权证,權證
504552b4-3b1d-4793-b69a-7d468065c20e,后天,後天
5045e157-aaf6-9a43-ef90-fa6b7101600b,屁,屁
504bba7b-29d0-41be-9deb-113e0aa6d353,享,享
504ddbd0-ea11-0ff6-b19b-cc51cff6db3a,糊,糊
50525e24-9e5a-1cd3-5041-388876b6ab1f,粗俗,粗俗
505595e5-5f1b-4b17-a49f-6db44212e1c9,魂,魂
505a38d8-1e4a-b39b-7c2e-8789f5c24bf3,谋杀案,謀殺案
5066334a-b002-55fd-f88a-24b592a81be0,男爵,男爵
506ac083-1f08-41bb-ba39-4d5639527274,突然,突然
506bf47e-39da-4bb4-afdf-293117e6f5a6,蔬菜,蔬菜
506f32e2-5397-437c-a383-4a672e4dc901,了解,了解
507062e6-de7f-44c1-a25e-e9f3e0b0721d,陪同,陪同
5074ae9a-1825-29d3-fcdb-6389377f8195,驳,駁
5078bdfd-52ae-42ae-b78d-cb20c3ec7afb,乘坐,乘坐
5078e013-a441-5a82-02f0-ffc5b108e434,撤回,撤回
508445aa-5bb6-46fe-983e-e1f62cd8b2bc,幸福,幸福
50958fe7-6f56-4143-9c6d-e188309ca770,观望,觀望
50967aaf-9794-48e8-bcd5-639b0131f246,时时,時時
509a54f0-8aaf-49e3-a842-044664431030,体育,體育
50a0215a-d1c8-4f44-a3d3-53aa4ad2d139,恳求,懇求
50a46347-1362-f7c1-145d-38c4764f525c,扯淡,扯淡
50aa23bc-b020-cfdb-ec60-fe37e756cccb,指控,指控
50b07a29-65c0-cee7-34cf-e9eb75cf85db,头盔,頭盔
50b0d9f1-3b79-b720-86d4-42c1116121ee,布道,佈道
50b1aa59-2df7-4ed6-8890-a279c77ecfd9,也就是说,也就是説
50bab0dd-0a41-bdac-e41e-4251e99ad741,存储,存儲
50c09435-d28c-47b5-98eb-7872b216ac13,参展,參展
50c6934e-db7f-4873-b2c8-9ffbf5243313,救治,救治
50c7bffe-eb0f-4837-a9ee-b26396f12290,赢得,贏得
50c87531-04fb-430d-b06d-f73166993d54,剧情,劇情
50ced11e-7c9e-58d9-d51a-cb05297a10a9,朱广沪,朱廣滬
50d5e758-282b-4dcd-8bdc-d794584bc8fc,拦,攔
50d7cfe5-664a-4dbb-a295-26f9d86abb25,尴尬,尷尬
50d7e14b-6b92-a27c-4fb5-864aa0315778,罢了,罷了
50d891e2-fc99-58d7-e96e-e565a1cf13b5,怜悯,憐憫
50d8cc0b-8cca-26a6-8f4c-2bb382aae960,心跳,心跳
50da7e18-d13a-2157-8692-d1195a2e31b0,性爱,性愛
50e055e3-fea7-4ee9-9bf9-5784cd944612,拓宽,拓寬
50e951fa-12d8-4ac5-b18a-560505b38594,模糊,模糊
50ecdec0-2e7a-14e3-fed3-3e22e6bdb337,捞,撈
50f0a177-a6a1-4ad7-ac36-acb8cb22b11b,其次,其次
50f17081-79a3-4831-bc84-8aca1a723fa2,将来,將來
50f1a3e0-7a44-4e86-93ae-3f3280080921,拳头,拳頭
50f7e8a5-2914-4d2b-b33b-33d376036f3d,科目,科目
50f8aaff-f2cf-625a-5cdd-04d611b06838,副主席,副主席
50fbd9ab-6972-4ba1-b0d7-5bfcdbec62db,授予,授予
50fd3f8f-ca8b-4e75-9c6c-b450d3379aa3,偷偷,偷偷
510459ae-6ad2-450e-8782-7212000553d5,证券,證券
510ad531-dc1b-85a0-3a9e-6677bc8ae3db,炒鱿鱼,炒魷魚
511408ea-b382-bcaa-4b7d-516d0d86398c,阻,阻
51197387-2c6f-42e6-a64c-3c2fc385a027,钢琴,鋼琴
51269813-8917-901f-1dd3-2d9b7c7cd003,猎枪,獵槍
5129542b-1842-dfea-5069-8e1cca26fcea,宣判,宣判
512c328a-00f8-425f-a7c8-0233b1fa4c44,协商,協商
513262a8-0af6-407d-8d8a-5f0912b95d98,小声,小聲
51330f61-92af-4932-9cd6-2fb41fe3f6d4,不见,不見
513c314c-f516-bb46-482a-a01de644a468,正品,正品
51497c1a-9b05-90a9-7bdb-ef20e05abb51,绝不,絕不
514a53a6-01db-165a-6a94-3870e694cbb5,多多,多多
514d2cb8-b029-3750-5eb4-e821e209f5a4,僧,僧
514fc3dd-3119-4d45-965b-b209f61686e6,上限,上限
5157b566-f02d-4bb6-852a-d89e5d11589d,现状,現狀
515e46cf-777e-4d83-9871-f646827af309,海盗,海盜
5160f913-6706-454f-af8d-aa597bfd782d,养成,養成
5161aa50-e070-4f57-879c-bc4a797fe793,蓝天,藍天
5176cf86-9895-95d8-ce80-2b0bff070c71,安全局,安全局
517fe1a6-010e-438c-b747-39251a9b2be8,蓝色,藍色
5181bc1f-ac98-8e3a-4a1a-dc3c5fec5ad2,缀,綴
5182a982-a7a3-de6c-9a1f-8f3096861732,撸,擼
518a320b-2546-49df-a9e3-99561785a470,不再,不再
5195a773-8c72-4e59-b7e9-b10c730996d4,及格,及格
519913d6-31d8-4cb1-813c-f3c01ea8ef42,着力,着力
519bf890-5df0-456f-8948-73daff4f2a97,误解,誤解
51a43f6f-bace-4b6f-9937-39908973e688,阅读,閲讀
51a4ec44-914a-4dfc-8bf0-201eb9381c9a,男女,男女
51abdcca-0346-497c-b685-512483c4da3c,正义,正義
51ae65c0-de0e-47be-87b1-de1deeb5f67e,时,時
51ae93cc-5a7a-480c-a58e-6b606821605f,同胞,同胞
51b31776-a019-7df0-ac86-59faa487ceed,涕,涕
51ba1b87-2fd7-ed5e-fed6-d98230ac5123,嗰,嗰
51bafd95-96f4-ed7c-1f37-9411aaaf529e,子宫,子宮
51c51718-eb42-4c80-a26c-d5c1c6c54b4e,无论如何,無論如何
51c66190-2b8f-4cab-9f2c-55b8d7a5cc20,律师,律師
51cb970f-7e72-4de6-b1ca-0876ddf582eb,渔船,漁船
51cc1a49-8f21-7006-b991-b15882f4af9a,啱啱,啱啱
51cc569d-bfd7-400e-859f-4b7d190ca267,鉴于,鑑於
51ce5283-4ae9-40e3-bc48-af7d3c10cfaf,乒乓球,乒乓球
51d024b7-b235-4f8c-bb08-ce0905d19a09,新颖,新穎
51dcf33d-39c6-488f-844a-bae7b4983d42,海域,海域
51e21ad5-a270-76dd-b9a9-5b923f33dac9,义务教育,義務教育
51e67448-f707-bb15-5336-3c46dafb55f9,子公司,子公司
520366be-f79b-4bd0-8d0e-c8ed9185c38f,评,評
520414cf-ec20-4776-8a3c-c35212a2b760,专心,專心
52078fc0-05ab-6d07-76bd-cb5f9425c5b8,门锁,門鎖
52101971-5782-43ea-92a8-249b87e43769,收支,收支
52166573-ab7e-7f82-3ec6-e77263de18bf,巨,巨
522352e5-fb87-c93b-1d5a-8ea652e6cddf,比特,比特
5225f34e-2328-8f60-62bc-fed0c4739341,机理,機理
522c2d15-2dc1-4060-ab7e-a874fb4a67a6,飞,飛
5232c5db-275b-4383-98be-10eb75f117bb,更换,更換
524245b2-971e-4baf-9624-c127e4a647bd,一再,一再
5242878b-a764-19fa-6fee-590bfa882d11,同性恋,同性戀
5242ad25-bee5-9494-375c-8269fbe7484b,分头,分頭
524cbaa5-7745-4fc3-bb24-7b9756a7d7d8,封面,封面
5254aac8-38e3-ae09-12f8-1c269f29b0df,参议院,參議院
52569991-1e8b-48d3-ac60-4d00a0ae72ba,奴隶,奴隸
5258bc94-c3e0-4776-b681-20892b17c543,作弊,作弊
525ab097-84ee-348f-8441-d48ff92ab79e,忽,忽
525e4fad-c0d2-2447-043a-c63c33f82514,曹,曹
5261f812-6197-75ea-e107-f9f6efcca3f6,可不,可不
5264c4a0-dd07-6edd-16ef-6e202b6b94ed,西亚,西亞
526ef165-da8f-4bd1-9f51-236e13279824,胸部,胸部
5271ee21-61b4-833e-c3ba-aa8d180fdab5,史密斯,史密斯
527f7504-88c2-442b-b55a-40cd9bf6f525,不一定,不一定
52858899-b1cb-492e-86c1-99d3e5f5eb60,卓越,卓越
5286492c-6879-4378-89c9-40ef4db10a7e,一度,一度
52866bfb-a42c-d367-a0c7-e091b999e98d,贿,賄
52877b7b-c517-6fb8-9b8f-6218c3cff50d,栗,栗
5290d784-ca78-5baf-76c8-8142e47bbd70,吾,吾
5299c2ba-1983-13cd-bb86-8fbad3d8e633,分娩,分娩
52a301ad-0697-40a1-91b6-8512021750d6,侵犯,侵犯
52aa22c7-d065-4b40-a479-afd77a9130a3,同行,同行
52b6fc89-3930-4fa9-8476-af923bdfe3a6,赛场,賽場
52b71811-c41d-d1bf-4013-67f90bf9af02,威胁,威脅
52ba7c12-dec5-044f-5911-7079797fd762,耳,耳
52be3eb9-aa51-4c00-2e88-b49446814226,软糖,軟糖
52c29887-4d26-4b55-886f-5ef0a4d73425,富,富
52c39430-fb56-46ef-844b-7bb02d916660,树立,樹立
52c3b576-6d60-4236-bc46-ca82e0b2ac5e,运动员,運動員
52c43bb8-a799-459a-ae61-126e6253c7c1,争吵,爭吵
52c84b0c-ccdf-4bf6-ba30-5a997862ee77,错过,錯過
52c8a4ad-c425-49fc-b86d-ae391a71f85a,举,舉
52cf9932-4175-c0ef-aaac-be101414d6ec,微薄,微薄
52d17931-4d91-4119-b629-5b48210fe8bc,动作,動作
52d471df-2752-446d-b0ca-71be705d30dd,摄像,攝像
52ddf725-e1cf-43a3-ae5c-4a226bfb4db5,车型,車型
52e820c5-b9cb-90b0-9e6c-be6cd3b82417,大众,大眾
52ea4a07-82a2-dbd9-a181-93dddaa95632,掘,掘
52efea52-6687-e82d-5cf9-91e2cd51baa4,重点,重點
52f005d3-61d0-427d-9646-008fbce50d38,暴风雨,暴風雨
52f24092-6830-4848-8dec-1f404c764844,身材,身材
52f34f1f-1f84-445f-8661-0eb121661323,真空,真空
52f3db66-3804-0e14-2236-0543d2b87a70,话,話
52f61f1b-bbc3-2142-9c8c-edd85b6813bd,规,規
53008cce-5cd7-4804-8ee5-71363bafb718,创,創
53028974-5642-c799-d58b-a41e29ac6b1d,起见,起見
5304e48d-48d8-48c8-9026-b1d0fe511332,变形,變形
530a78b5-c636-3db3-c297-8b62bc83a70f,检察院,檢察院
530c4e26-6913-2588-3c7b-15199cb2c2b2,帷幕,帷幕
530cb23f-3172-0ce2-fbdc-ce0b20a8ec6a,回想,回想
530cf6e2-f7a4-45f8-af51-c04817b88ebf,相亲,相親
530d24bf-f0ab-43cb-840a-4408c5a179bf,加深,加深
531075b6-2063-f1ee-c074-008c3e7a3e18,同上,同上
5319e467-2681-4281-9469-479b63bb8419,调动,調動
531af226-ba54-11d3-883e-e4b726fd0337,恕,恕
531d9363-7785-4519-9ee5-46bf05a78988,行动,行動
531ddd2a-1477-c854-ffb6-cdd75ca732eb,趣,趣
5320698d-fa2b-d250-1991-0ebed1653c15,月,月
532ad4a5-8fd0-47de-9bd2-7a56cd708675,要求,要求
532d99a2-37c9-4e3e-4289-739c66eef849,方舟,方舟
533b1fb1-e706-498f-ad96-75bf37e9de37,缓和,緩和
53469a30-5844-4099-b12e-a0ec19d021ea,送给,送給
534a0ff6-a596-cbd9-9c76-25535921c0e7,下行,下行
53578c3f-5ece-e826-d536-b6d66d1909a0,储量,儲量
535b41d8-56d9-4070-88ad-8426d8dde464,凶恶,兇惡
535c8b47-1b2f-d03f-d560-846d5bab7a55,失手,失手
5373f181-086c-8aba-7273-139f3034076a,玩偶,玩偶
53797f82-e2b7-41b4-9bc3-eb1a418c598a,精彩,精彩
537a5aa5-a45b-a05d-d172-40c2a2348bee,军团,軍團
537f6b8b-ec67-4009-0998-5f0a96718468,婶婶,嬸嬸
537ffe8e-1469-4a8c-8be4-00a5db0cae98,超出,超出
53807af9-6cb0-226e-5650-78f800ab4843,审计,審計
53828ebf-0a75-49ab-a336-c16784aef714,办学,辦學
5384f0e9-a912-0e74-c317-cea9bac973e4,画面,畫面
538859eb-3cae-4ea4-9df4-2ae9678d9121,步行,步行
538f6fa9-193c-124d-fa48-990902930b3f,蛇,蛇
538f7c8d-df33-451f-b56b-041bff0260af,爷爷,爺爺
53915273-f272-47de-977f-388efbc675c0,俄语,俄語
53938dc4-8d4e-4ce2-bc8c-c8522c8c8604,上堂,上堂
5399da25-5f01-2cee-8f1e-e480682e1b06,侵入,侵入
53a81fad-8740-48e7-b4a2-85deaca3476f,证据,證據
53aa0e6a-985d-4c71-b211-000fe8806c8b,减少,減少
53b7f98b-19b6-6c39-10ee-6f65f69356fe,黑洞,黑洞
53b84a76-42fd-60c1-23f8-b1f2e11cf38c,怒,怒
53c44acb-e0da-4d07-93e9-06bfe08fc9ac,跨,跨
53ca052f-7ce5-ed33-e769-9a42027ca390,达拉斯,達拉斯
53d08e20-c182-5392-4daa-8cb223d83b6f,泽,澤
53d0a577-ec7f-8f4c-7c59-08f20c0e298f,援引,援引
53d293a9-1266-462b-abf6-d8ebdcdb8015,行进,行進
53d387ef-1055-cee5-ba30-716a7ee4a80c,定系,定系
53d56068-4f7a-2137-50f5-0a65121ac67c,讲笑,講笑
53dc59f3-f111-42bf-a0b1-61558f1c0581,预期,預期
53dec1c9-0750-dc4f-7254-ef71d788c83c,走人,走人
53eb74ed-c3b8-46a3-b7c4-f1c3cae6394f,旅客,旅客
53ed28d3-8524-8d4c-cd6b-7caa0a2ef756,荐,薦
53edf2d9-05d0-4898-8465-d8c2bec1b129,跳水,跳水
53f42254-d94e-41b7-a9b6-63a1dd219d34,打破,打破
53f635db-06a2-c5c1-627f-d3b2f0fbb7d9,年,年
54009eda-d60d-fc3f-744d-0493a1be2bfd,赚,賺
54036c41-d899-3026-4712-bc6c4bd43a0e,弹壳,彈殼
5405870b-a616-460a-b3b4-b77e5a2b703b,类别,類別
5406ce77-2fb0-ab73-0ebc-30625aeeeb09,贞,貞
5407b3d3-c676-2c04-3811-c9aacb1ee623,系都,系都
5408bc2e-de46-4ca9-a798-13af993d35f3,并且,並且
540975a8-b0c9-2a65-6511-3fbeaa2c750e,侦查,偵查
540e6654-7078-40ab-49b3-1804c8fbd33d,怒火,怒火
5410f911-8eb0-44ed-87c3-76797bd8ef66,做法,做法
5414c617-343d-4c8b-89bb-614598b580c3,建筑,建築
54162645-c723-401b-a525-ab9edfaa8f38,视觉,視覺
5416bf16-9053-b349-b864-8e011b156833,惶,惶
54243466-8cc7-4994-9d44-e72765a47005,肿瘤,腫瘤
54268eae-835f-4d8c-8a63-29adbb294c3b,图案,圖案
5428e1da-b308-4cda-97f2-880b12c81701,洋,洋
542c51fd-6d6b-eb61-4032-469d25dffad1,早起,早起
542d70d5-2d6f-3150-abc5-1a5b58d963eb,破烂,破爛
542f7dde-eaa2-8981-3b46-2669d198dc4c,边度,邊度
5430e79b-3840-a6c1-f691-d7193c5e042e,睇嚟,睇嚟
5432e36c-c0d1-436c-928b-d11b707623e3,缩小,縮小
54345c94-d096-75ee-ff06-da568b4282a5,武警,武警
54397a1c-6bae-433c-b0ad-faaf3d5764f1,中小学,中小學
543a293c-ba84-4f60-af47-55318e159ec2,长江,長江
544121a6-96ed-405f-8703-6df2540d02fa,写作,寫作
5445357a-d56e-4093-8a63-a81798de2cc3,蛋糕,蛋糕
544c6e23-6f9e-4d0d-b1e2-859debff8efc,素质,素質
545450ff-5de4-34d7-4f26-cba051a089fe,呢次,呢次
54590d94-d3ce-4d73-ac55-175de401e0e5,模型,模型
545d18d5-35f0-42e8-8422-bce8852284f9,逐步,逐步
545d5a07-9084-4385-ae05-afee92ce1e32,记住,記住
5460aa7c-32ad-401b-978d-b1b519d9e016,政党,政黨
54618853-f3fc-0086-2764-f28cc7d26447,赌注,賭注
546543eb-141b-0cf9-b916-c7d1d50978b8,梗系,梗系
546b9b81-10e8-46e5-b799-dc2f2ca5ab92,手套,手套
5474856b-3cf8-9e1a-6937-f7525a31e7a5,今日,今日
5479cae2-4408-4b9f-a2bf-79c3ad0ecbff,堵塞,堵塞
547db4c8-f6a8-4e04-97dc-af7d8cd62ded,姨妈,姨媽
547e6109-a488-26f7-e006-e6dc4acfd20e,最新,最新
547f394e-bf58-475e-9eb9-13090977a65f,灵魂,靈魂
54836bbb-a0fb-7564-d1ab-fbab09a0223f,乌克兰,烏克蘭
54839f20-c3f4-4083-90cc-1c2e91522823,往后,往後
548485e7-5b7d-1571-0a42-bb33cbe7cf31,祷告,禱告
54882cd8-9c42-4f0a-ba43-70e0e0f82e23,办事处,辦事處
548ea82a-5f49-d59b-f51b-95c50f9f43a6,访,訪
5493f0e9-94c6-4b2b-afef-3b9108315356,观测,觀測
5495d771-3e98-404b-9680-7726c585a7d5,迁,遷
54a7f038-8bf6-2c96-da12-d028365755fa,捷径,捷徑
54a837b1-c508-1387-a6a9-e70a65999a2d,弥,彌
54a84479-9350-4e32-bd54-9785260ef01e,现代,現代
54aaba2b-9bdf-4364-bce9-776577c515c5,流传,流傳
54ac4ed4-2691-0aaf-ef73-60a05d6d7064,衣,衣
54b7d944-1100-4c26-b043-0ec933938b51,优先,優先
54b87d28-7b2b-4afe-a28a-e0f42853df93,破案,破案
54bd0ee7-7a82-d681-c624-29f2f5874a3a,加大,加大
54c214f6-ea26-8487-3358-27213be65144,火把,火把
54c29c1b-0026-4038-b8f8-f4e5cec3ce5e,贺信,賀信
54c88666-9b0f-a6f1-2384-a6d52887837e,付账,付賬
54cf283b-4312-4e08-ae1f-9ad50a5ecb10,典礼,典禮
54dba922-3a19-4034-9eae-b4ea837637a3,笨蛋,笨蛋
54e59f22-89a5-007c-7b67-e679e8c4bf48,剥,剝
54e9db59-0987-4cf7-9a11-2714cfe38d67,移,移
54ec18d3-d2cd-4401-be09-cc39c600743c,含有,含有
54f08bf5-e65e-0b80-44ad-87e8d6c3a6f9,房客,房客
54f75b00-464e-84e6-cdc5-92a025300498,选中,選中
54f9f5bc-f0d5-4802-a9d9-6369cadd86ac,奖金,獎金
54fb1843-86d4-60ec-337e-839b4cac3959,肉体,肉體
5501592c-f1a4-a07b-a456-ba777e2a65d0,呵呵,呵呵
550f70eb-a899-4b43-9a46-3e821ffc2a1d,前往,前往
55131448-b5b3-4ea4-4229-b735a1d635b6,臀部,臀部
55134795-de02-4324-bdb6-3970f341b14d,制,制
5519979e-8903-6f33-8d70-5b7183ee2ffb,硬系,硬系
551c5aa5-27a5-40c7-a0c8-9f6eec60e0f4,型号,型號
5527e690-d0c3-ceaa-065b-3c316299632b,店主,店主
552cb19d-aab3-e69f-fc20-0458c0cb016d,比尔,比爾
5530f40c-74b0-fca3-4581-add046071b4b,窃听器,竊聽器
553ba991-a7fb-4d75-bd5e-7eef6f1cb449,短裤,短褲
553df928-d45b-4a52-bc2d-8bae5c6f37ca,电力,電力
553e435c-8cfe-5a26-b743-93752efaded7,妇,婦
5540aa20-b450-4a1e-b335-0aa967beb6e6,通过,通過
5543e69d-331e-4c62-ac39-9f56509ca81d,墨水儿,墨水兒
55473c76-14ac-1aca-8aad-01a85f7d1c0e,其二,其二
55494156-a7cc-5091-bd2a-be0d2f41b540,谢天谢地,謝天謝地
554da7fe-b3ea-0fb6-c7b9-ba597a38f3ca,票据,票據
5555d946-287d-a9f4-d784-514c81c8544a,狗屁,狗屁
555a36d2-0353-6488-d42c-8f784bc939fd,英,英
555ce1ac-024e-482e-8b8e-7072b5ccb16d,词语,詞語
555f0715-06e0-abb0-7020-202b5477dfce,门外,門外
5560aa7f-fbd5-53bc-a4a1-0d6b06a286ef,省长,省長
55633b10-f905-4d42-e0c3-9fc820ea8e7e,庙,廟
55658dde-5eeb-4290-fb7e-26b8db014a37,乔丹,喬丹
5567ec62-11ff-4ca4-9a9d-15a67c8cce46,排列,排列
5569813f-c885-495a-a55f-abe8946ccea5,人士,人士
556b8f79-66bb-9d6a-e541-185af48bdbc3,慕,慕
5570ab43-90ff-8a5d-93bc-af1bebd609c7,稚,稚
55728b85-b6da-940d-8ae8-de0fd1c4ee8d,性关系,性關係
55770c17-6143-42aa-8504-306752336667,放大,放大
557f324d-2b24-4a07-69a8-5edca8871cc9,研究院,研究院
5581e149-f1ea-4754-9258-0d7ba1a42f7b,片段,片段
55897ad0-0723-f9b6-ae6e-b62d224c7efb,刹那,剎那
5593d7c1-9f74-b05b-26d9-33a6b96413fb,菲律宾,菲律賓
5595f2b8-6cc2-46bb-a105-d544cb35124a,因而,因而
55970438-dee0-430d-9b17-fc789434a168,开会,開會
559d0c66-682b-91c3-92ef-f66f2d56bf32,蟹,蟹
55a5c246-df89-4194-069f-d61490a452c5,披萨,披薩
55a9043b-c81e-4962-bdcf-637845d1c26c,小学生,小學生
55ab2352-cccc-4fef-8f14-392e5ffb5897,重心,重心
55adbd4d-8a7b-ddd9-39d5-a3961fa831a6,靴,靴
55addb31-a3ab-480b-b070-61a2c686a94b,诱惑,誘惑
55ae976b-5b52-0faa-47b2-bc0ce5e1d4d3,一个人,一個人
55b2830c-59ec-4a91-9b0c-52969680c091,体系,體系
55b851c5-3f8b-e0d0-49b9-c28d6b132951,装满,裝滿
55b87121-5139-43f0-83e9-45e4358bda15,只是,只是
55b91022-cd99-06d9-0c68-cf530b424138,机体,機體
55c2d270-d44d-4057-96b2-efce123bfc63,张扬,張揚
55c71ebc-fcae-4a76-a45f-a9f42409a98a,理,理
55ca90ea-650b-b105-3e8f-d27fb64376b8,代表性,代表性
55cd8f08-4e84-47a9-85c6-74a4248bfaaa,议员,議員
55db0f3e-d843-4f71-a2a1-ee4146d6d0c1,裁判,裁判
55e09779-e166-7f6f-d2cd-f8d19ea834de,探测器,探測器
55e1d015-9799-6167-3838-4c3830080934,用场,用場
55e1f145-cb5f-c393-1a36-afd964f34561,晶,晶
55e2dfaa-6024-40ef-b369-cbfd8acad340,讨,討
55e5ffc1-fd99-4dd7-8773-2541a1bc9c6c,衷心,衷心
55e66537-2779-4866-a2b1-681d46c7f0a2,那样,那樣
55e8601e-6b38-436c-cc05-1a22565c3810,新加坡,新加坡
55e9a094-25a6-5d08-b203-90b68660f779,懦夫,懦夫
55ea95ca-9068-e134-d0bc-a5aa67fa62e8,妻,妻
55ee625f-bcc5-4517-9bef-af68d52325ed,稳健,穩健
55eec94b-90fb-9937-37f3-4acee9774c64,波特,波特
55faa424-5feb-4182-bfd9-2ec912565005,驳回,駁回
55fb5277-52d5-4005-b251-7b22058173d9,峰会,峯會
5603080e-c3e8-c5e8-9b77-f7e04ec1d769,知,知
560405c5-0631-4700-a624-72f21937e096,放,放
560d443f-7623-9b72-6948-fec0efc6e164,扳机,扳機
561190a7-29f4-cbc1-7bdc-c0b23f33f9d0,瘪,癟
5611e84d-a02f-63a8-4998-8f844221649c,彩,彩
561744f0-7f1f-4d61-bb24-3fb72e1d7174,展现,展現
5618ab74-4068-44fa-bb1d-b255c1db667d,否决,否決
56193dca-a4a9-40a3-97a0-8f1f6cb3fe42,逃亡,逃亡
561ffa29-e26b-4f48-8234-992961e0eceb,远离,遠離
562433ba-ae65-f817-b8fc-2a88d3712740,淡然,淡然
5638d6e4-8be9-4471-a664-5a608a6c89f3,凿,鑿
563ac71c-ae15-463f-94c3-b132e0b06a76,双方,雙方
563ef30f-511b-458a-8353-e76bf8917883,序,序
564143c3-4711-4b3d-9ee7-92275af7c8f3,康复,康復
5649d58a-b639-49d7-a0e7-77d6d562cb02,免,免
564c4cb6-6a86-4c2b-9f04-5360bba17baf,优美,優美
564e14b6-8589-49aa-9fee-c9bb9822a0e2,分布,分佈
564fb694-1384-4de9-8a53-f0a02991e79c,粉丝,粉絲
5651ac9f-9e34-41ab-86b9-1525d9b985c1,直升机,直升機
56547809-6918-4321-98c4-c0c213201e24,机制,機制
5656069d-ebcf-4f23-825f-77ece42124db,董事会,董事會
5658077e-5f21-4e41-8848-2786ae48f083,脉搏,脈搏
56593555-322e-9bc7-4904-493ffd4bf7b6,病历,病歷
565bf5ed-f8cf-45fa-95ec-ee61c8e11833,感谢,感謝
565e0ae9-56e3-4b0d-bce1-fd594866ea16,残酷,殘酷
565f51e8-82ad-2e8a-f0fb-00f958c38eab,助,助
566b6333-4fee-4942-ae7b-323526ee2b82,开花,開花
567449ae-cc91-42c3-ba5e-d5cf966cc3c6,子,子
5674c3f9-31a7-3c1f-0da1-b969d6a7c557,嵌,嵌
56762337-80fc-425a-89bc-81ea3aeb8bdf,大大,大大
56791095-f3d1-49ac-ace7-4797538c5ab6,全文,全文
56799109-8440-4b53-b584-4ebae64dfa01,河流,河流
567d9c70-3272-42b4-a114-c5f765bf145e,起伏,起伏
5681e55f-0583-4c75-b5f1-3c3279a5a7b0,俩,倆
5686ddca-4bee-9916-2a98-c34f082e4f35,支持者,支持者
56886006-98bd-4a92-97fa-a484a11fdf89,如今,如今
568f9750-9ad1-4ae4-97df-5497327e9729,脱颖而出,脱穎而出
5690c10d-96fa-45e4-967d-cad9a0f08fe3,陷害,陷害
5691c2a9-f127-413f-81bd-022d2ee4e80a,据说,據説
56950ec3-890f-4627-8347-4e9a933add1a,球星,球星
5698a10e-6a7e-45b6-8e83-cb99b25f752b,地形,地形
569ae7fb-5828-458e-8ad2-f702e7b25459,先进,先進
569de4a9-bef4-48fe-bdaa-94a3dfa78aeb,安全,安全
569f289c-1ca8-da65-7019-1a53d32c2fc5,口渴,口渴
56a3929d-a200-49fd-ac0f-1f634e9bc188,新鲜,新鮮
56a412a6-525a-1620-4b60-bc7533986de7,扰,擾
56a5cfcd-8cfa-4947-a28b-2ca58d1bd740,部分,部分
56a92b67-2d0b-e739-87e6-b3690b72e76e,没命,沒命
56b280ee-3a10-6b5b-ae9f-d6a3cc0acca0,想起来,想起來
56b3abc3-3301-4e2a-9418-18981419f759,飞往,飛往
56b5e460-4616-4f89-8623-049916d26e31,铅笔,鉛筆
56bc9009-ba9d-4ceb-a7d9-c16efc2e18da,导弹,導彈
56be62e2-5c73-9547-ee10-ee3dc198945b,饥渴,飢渴
56c3bc38-c315-c0f0-ed02-99e49bfecd95,漂,漂
56c3e250-d87c-5244-d57b-c682552b0ba8,白痴,白痴
56c42cf1-7580-4a17-bd96-5eb128a3309f,稍候,稍候
56d19048-a64f-4a1e-9573-7b3ae8988f06,道路,道路
56d44870-6448-4f80-a7f7-091fdc3cdaa8,发育,發育
56d7d636-e47f-4b0c-af9d-9125c25b2f3c,平稳,平穩
56d9408c-afce-456f-a2db-847f06c2e8cf,宣誓,宣誓
56e52247-e8ae-4d97-9639-068ff6e2fa9b,甜,甜
56e5e44f-0c44-41a4-94aa-ae0f050e27f7,痛快,痛快
56e98b3a-db6e-31b9-7f4d-f6c45d18cc47,督察,督察
56ee0937-2c8d-1322-795b-5cfe47758fd6,发展中国家,發展中國家
56f45ad4-6dfc-c169-4006-1a8416734e35,系咩,系咩
56f5e9f4-86f9-46a6-acbf-0efebade62b6,缩,縮
56f645f4-a6b0-4e21-bd25-c9f7b532bc6c,媒体,媒體
56f739e1-b412-4af4-a0db-45fa1f1b45e4,爱心,愛心
570410a5-2a01-37f9-37af-11c6298de07d,抚,撫
571496e8-3b9c-9734-e89c-8ae39e01379e,兼并,兼併
5716c453-226d-4c03-80ec-b1f450640b94,辆,輛
5717190b-5f30-cb9f-c72b-bd87eeb938be,匿,匿
571a5c0e-ce7a-4b7a-a0b6-0187b628e3f3,抛开,拋開
571d9e5e-5a76-587c-3438-cfd96e7a4ea0,基本法,基本法
57262517-cbe3-e90a-b567-efcd6e1dba4d,给,給
572ed2bc-629b-6008-2ce2-88a84c87f917,筷,筷
57302c4e-1bc1-a0ac-ffa0-8ab3a8ac5874,古城,古城
57306c2e-0187-4e6e-9929-f839666a8bbf,掠夺,掠奪
57351c90-10ca-6815-7c22-95eee98ea17b,香港,香港
573821b1-9c9e-6ce4-18c6-d409fbeda9f2,普林斯顿,普林斯頓
5738d364-e24a-46fb-81a4-1b34007035c1,无线电,無線電
573bf5fb-2442-4a96-a25f-42a1c0e59a8d,星星,星星
57425867-a254-be73-f75d-6fda2cef56a9,观,觀
5748ea0a-197f-fec9-03f0-abebb4c4d28b,另一方面,另一方面
574cf2d8-42ac-e54d-af4d-255f868e255e,物件,物件
5751b95d-34d5-4c4b-adfb-a657bff799f1,竟然,竟然
57526ef4-6972-e2c3-20c9-1f1c0f66cfea,番茄酱,番茄醬
5755d55a-8510-454b-9209-b5fb95c64b31,业务,業務
575925d1-585b-44f3-9015-c76cd6167c61,远程,遠程
575aa215-f456-0bdd-cb30-d5b81128f169,报应,報應
575afea7-211c-00ae-fc06-71ec770be331,超模,超模
5760d379-2dac-d73a-ebb6-565c981da074,真人,真人
576644fc-5c44-499b-8818-1d328dd38db6,数目,數目
5768ee6e-7ada-4067-be04-93135ac4f7f6,度过,度過
5769930e-5b65-4db5-b0a9-2bd6edb2594e,如同,如同
576bfb62-ed51-e076-1dc0-b51753de50c9,垃,垃
576f32f8-8aa4-9007-d97e-df23dda0e25b,省委,省委
57778bde-328d-4ce3-97d9-51ebe92463aa,临,臨
5777bb12-313a-b066-229b-a044b8b65f6c,聪,聰
577ee259-0082-a592-dcc8-acd76d348739,证券公司,證券公司
5780f402-493a-4e7d-9d7f-3e3a862449c8,鲜明,鮮明
5781f1ab-cff1-7f75-caa2-f89bbddff6b9,理查德,理查德
578492a7-1662-4bca-90f9-b61b632e2e04,害,害
57879ab7-960e-49fb-a74e-b44290135930,年前,年前
57880165-ef8c-466e-865c-1297732d33be,轰动,轟動
57898351-84c2-4311-89a2-7a1caab21efb,短暂,短暫
578b2087-2b68-4110-b149-8036d5aba901,流量,流量
5793f7ab-2544-0119-2aa7-eb4ad70ece9b,来之不易,來之不易
579a97ba-dc5a-4a3c-90bf-5ecf1b0bbf40,厌烦,厭煩
579c30d9-7ca9-4b94-a041-9f7e1a540c6b,改革开放,改革開放
579e1c80-39b8-6de4-ba9f-18168d3a9bf5,盾,盾
579f48cd-febe-cdd6-2266-9c99b3801c00,亲口,親口
57a6fa73-2bc0-7b0e-aca5-8eb5db94f621,意志,意志
57a9d21a-b330-4ec7-86dc-f7659c4c6ea4,敏锐,敏鋭
57b6e9de-4fcf-7f13-5420-925a12da4ca2,评议,評議
57b859f4-9ee3-37f9-7fea-4781fdf431a4,拆,拆
57c2485a-3c94-293a-ff03-664e7fddbd4d,放宽,放寬
57c497d8-f725-47ca-bf5e-e945a5be26bd,入口,入口
57cf7041-ac9d-4503-8886-66780063e84c,总,總
57d17607-663b-13b9-9bc0-a3f100a47eda,衣橱,衣櫥
57d1dcba-e231-43f4-9c3b-e2ab744c07e9,引领,引領
57d51400-82bb-4c5f-a89c-5a2abe836bc4,骨头,骨頭
57da8654-484b-f866-1500-b9bedd0b2a8c,周六,週六
57dc5ae3-71ba-8679-00c0-304b310daaa1,渣,渣
57e07c50-40b7-4399-8d0a-8946ccfb063f,香料,香料
57f031db-2708-4236-821d-7dddd7990e09,金字塔,金字塔
57fca408-fee0-1e50-6a0e-fbcf78930164,惊,驚
58010c60-0740-44e1-9978-26b0e5704c9e,批评,批評
58028959-e8c0-41a9-8af4-82397d61bfab,秃,禿
5803869e-9227-4c12-a8e8-eeeaa91a84b6,丢脸,丟臉
58043d6b-5533-4659-b41d-b8069c23e640,年代,年代
580d2c97-c81c-37de-457c-07c97cc97022,殊,殊
580f2b3f-8904-e3b7-b21f-7cb2f5a8d750,繁,繁
5816c951-f630-4592-9510-bc149bc1e7f7,一味,一味
581a43c4-3eca-11c1-12a6-9167e62f5dd5,深渊,深淵
581a59c1-d11d-46cc-8a90-3b4a7ba34d73,全体,全體
582a9608-c29f-9f32-dad4-79b963a869f1,归属感,歸屬感
58351675-c973-afe8-7357-95ba05d2d866,站起来,站起來
583b1b96-6724-0ba6-8b87-0487841f4ad5,遥,遙
584482b6-ec09-4730-bec9-3b905f2d1e41,诽谤,誹謗
584792ff-1938-4cd4-a1eb-ac3fee057509,酝酿,醖釀
584813ae-cb67-c520-5969-c94eeaf39b80,啱,啱
5849a1cb-2002-b4d6-f4cf-eba9330939a2,孟菲斯,孟菲斯
5852174d-1fec-46f2-97e1-8c3e91e0944a,技术,技術
5852709b-bf10-7c3a-f62c-43663dc06ce6,年产,年產
585283a1-903e-46d8-9339-c63c4f5c43c4,凭着,憑着
58555750-ea7a-098c-567f-0fcdafb9dcc9,死亡率,死亡率
585856f8-9a09-5442-14cc-9588b72e405f,瞓,瞓
585ed71f-d757-4e9a-8591-57de5a5fcdcc,找,找
58667753-3f87-5427-8c23-fca94bf99614,预,預
586cf57e-83fc-43f8-a079-26161ca170ec,告,告
586f3216-3c6e-454f-9051-0f58e3f95355,腹部,腹部
58768f0c-0af7-217d-d76f-0e8d5f9b7e27,洗净,洗淨
58821953-89c2-9310-fb21-1853f11de4ba,女,女
588978a4-ffc5-02d8-391c-7eb09e4b9a77,班子,班子
588a0291-4d0e-44bc-8f2a-3c89eee18763,形成,形成
5893a443-1656-7abd-e328-a73ebeafac58,数百,數百
58977ae5-7cc1-4dea-8fbe-8cf2a73d8141,可,可
589dd55c-0a46-4ff7-b23c-fd468bf7a9b8,抓住,抓住
589e7e51-ea45-46cd-b2f7-e53c4da18f49,预告,預告
58a22e45-0270-449d-8174-a9dd552373f5,电视台,電視台
58a7eec1-7b83-40ca-9ca6-b4a887072755,难堪,難堪
58b03508-fe46-f8e6-9f4f-86048c00af91,化学,化學
58b53415-fedd-88c4-c506-4f37262624c1,孕,孕
58b5bdf6-747d-4b0f-9499-a20578cbe23a,原理,原理
58bb1e15-952d-49a0-92dd-37f500abc874,西德,西德
58bcd2e9-4b2d-5dcc-12e0-03fd17080803,乌,烏
58bd1683-027a-4283-bfce-ab0fd11e2a6d,停车位,停車位
58c2bac6-045d-9fb8-c4bb-4ac3a5529b13,独木舟,獨木舟
58c38da5-db2d-4a1e-8058-24bb58391891,辈,輩
58c4e61b-25aa-41a1-a4c6-30666a6f1b5c,药片,藥片
58c6b197-ba35-4670-af26-1936fc8dfa14,可怕,可怕
58ccded5-9584-8fd6-f1e7-c9b558fd1486,剂量,劑量
58d403c4-4a57-3af9-b896-a30d36bf9a49,葡萄牙,葡萄牙
58d5068e-3f9a-2b65-b63b-14bc8a5039dd,辈子,輩子
58d7fdf8-b5cb-499f-8b6a-25b140b481d7,队员,隊員
58da6641-95cc-e458-8c37-6afccc57f3d4,麻醉剂,麻醉劑
58dade96-8fc8-7263-8150-d071eb19a28c,打斗,打鬥
58dbe5fb-ade0-4464-94d5-29a36fe5ec5b,汽水,汽水
58dde9bf-920f-4729-965f-32c48d4ecee8,处方,處方
58dfbdf9-e16b-9b49-df47-04cc26f97004,唔怪得,唔怪得
58e6ea76-4ad9-092f-0ff1-66d18fc45943,人头,人頭
58ed0c8e-990c-4206-b1a6-5d7d7076de85,强硬,強硬
58ee32f5-15fe-039a-22e6-e1870548e648,稳定性,穩定性
58f204e1-d461-d763-04af-be569cede5c6,籍,籍
590abf57-0961-7f39-e5bd-206fb3b224c1,姐姐,姐姐
590bd9eb-c656-efb4-f78d-65384db09849,妙,妙
590bf320-7999-5d1e-0b1c-d6e70048293e,况,況
590c0b4a-854e-6efe-47ca-478fe4f48525,新华社,新華社
5912b9c9-d191-422d-bf40-fdeacbb06b22,垮,垮
5913f2ff-29c5-4f9a-8a61-16da0b4c8918,时段,時段
59194ca0-4e67-5a85-9c0c-9355e55b64ba,外壳,外殼
5919738f-2818-f6b1-56f0-ad4f601fec22,追捕,追捕
591aab11-06d2-825a-8433-e4cb5a40a414,唤醒,喚醒
591feddd-0cda-497c-a705-25c8d7bd8a14,和平,和平
592033f2-874c-7e95-a952-4c74d9ea3012,斯坦利,斯坦利
59211071-9086-4d48-9159-9dd178326d9a,此时,此時
592112d1-94ce-452c-bde4-8547567d279f,学期,學期
592305e7-50d8-4645-97d9-496a6cbdc6df,想法,想法
592bb9b0-26b2-46fd-a334-41458f769dfe,好像,好像
59344e66-b65f-887a-f621-a480ca57d73f,海豹,海豹
5935f931-19c2-730b-f068-3828d63fc618,士官,士官
5937b6b2-e8b3-459f-d50f-5e201230473c,要人,要人
5938100d-600f-8190-1cb8-6380f2e22150,昨日,昨日
5938bfe7-0df6-44ff-948c-0c8b8562a063,可靠,可靠
593a396e-1354-4468-9c00-d3c4199f8376,视为,視為
59481714-14f2-478b-9dca-e72c22d24958,支,支
594b9615-d3b0-45db-a20a-c15a5e24cff6,访谈,訪談
594d2f41-ac7c-e792-0d4a-000a65154908,冇错,冇錯
5956d21d-7331-0885-3630-b492019707c6,放射性,放射性
5959d5f7-42bc-4058-bc0b-c7698173c3dc,与否,與否
5960b1b8-1b6f-c35b-953b-39a5e4cb3712,铁道部,鐵道部
5966ce01-b11e-ef95-26c9-74d7e1939cc0,航,航
596cac3f-a7b8-4f8e-92f8-4cbb9a4cf6bf,嘛,嘛
596d1b7f-d787-458c-b0f4-a05c8587d1f4,嘴巴,嘴巴
5979028a-ffcc-4f57-a6be-588f78876015,解散,解散
597ec06f-107f-bc2c-78e5-a449afe2d638,生化,生化
598373d7-61d0-44b7-862a-fef020d714b9,或,或
59846d7b-9a80-eb81-05ef-835d0c63e519,胡锦涛,胡錦濤
59872348-0f05-61b2-6bef-74ceca265b83,卡,卡
59888c9e-22a3-4aca-89d2-69cfb62dbcfb,发抖,發抖
59947220-2a8e-8498-461a-02553e745374,曼,曼
59979978-690c-1f69-d1ed-5bdcb1af9cc5,阿婆,阿婆
599c3731-3a6a-1f22-a4af-a9b5b77f624d,民兵,民兵
599e9ff2-b428-47c8-ae03-5449b4204f9f,舌头,舌頭
59a177b1-b3a1-4b2a-a83c-6618842b27df,大,大
59a64638-9049-4558-81f9-2b61251eafe2,宣扬,宣揚
59a9bb71-647b-cda0-0682-99ab569db070,卫冕,衞冕
59ab18ea-9de1-e4c1-e04c-12bb56417d3b,究,究
59ae6966-3c0c-ffde-f133-11a2fe9fddeb,刺杀,刺殺
59b1a1b3-8306-6bcc-bdc0-e4d9ad20e201,话说,話説
59b3c52c-a2af-7670-adda-57b5a8b7200d,共和党,共和黨
59ba6962-097e-2295-97c9-2eb012599466,音频,音頻
59bc6cb8-50f5-4a73-95fa-181b42236ea5,策略,策略
59c5bfbd-76e8-457a-9444-491c6a458539,指着,指着
59c821ad-6293-4a8f-9f8a-1ac543055a45,替代,替代
59cd78dd-4a93-54d6-2499-5080a7409034,升降机,升降機
59d5a20c-a946-3533-70ca-91d2e92d1940,愤,憤
59d5e535-1656-f18a-49d3-e8487f939d0f,用量,用量
59d721e7-4e8b-4b43-8985-564bf3c7e7fe,当年,當年
59ddcf15-e209-4f5a-81e2-b204740bc55c,工厂,工廠
59e530c0-8974-ac4b-5458-7db930bc537b,电邮,電郵
59ec710b-aa8f-49c0-ab67-8e17204d6262,发表,發表
59f61392-445f-404e-bbcb-ceb4643c79d9,制约,制約
59f65bd4-f93a-4085-be26-9f9d93294c8e,提问,提問
59f8dffe-5921-14f8-c3ca-ad248231e777,照计,照計
5a00edad-d3e3-b87b-e054-01886fa273b6,差事,差事
5a044d9b-bc1e-0045-650d-e0cb8e8309d9,港大,港大
5a092686-d72b-cca3-9e50-ccdcf7b53789,郡,郡
5a09c5df-3ecd-797a-e37e-d8558f3812be,障,障
5a0c61ac-2063-423b-9f12-b6173ce16125,集中,集中
5a11cbc3-2758-4b39-b9b1-c88a4ff72acd,价钱,價錢
5a201dbc-5cdc-4792-925b-42e18dfad46c,出色,出色
5a270c39-f711-09c6-ecd3-12bf937483ff,据闻,據聞
5a2aaab5-fab9-49d1-abc0-5953283fac82,认识,認識
5a2ce121-b7ac-4de7-be2b-6ee15b8c8051,与其,與其
5a2e383a-3d3f-4078-b0c0-b841a35fcc0a,出差,出差
5a2fb899-17f7-4692-bbc4-6deaa6c81f20,惯例,慣例
5a2fd3de-8386-4542-b76b-2031bff43b8b,播,播
5a314062-bf74-a96e-c2d7-b0b662aaf76b,夫,夫
5a3961c0-d445-4325-b970-d4349438b740,临时,臨時
5a3a2d69-3f4f-04e1-fc61-a53f37c8c297,白话,白話
5a3d1dce-bfd7-4227-683a-13553ad93467,摄,攝
5a53d74e-b400-4a9a-8e0c-4e02e8c4944d,指,指
5a5579fa-1805-4554-b353-acafb0ca7907,确凿,確鑿
5a58b1f4-a595-4688-b68c-7925d1347ab8,忍不住,忍不住
5a5a1721-c19c-4d37-a456-15b0ca5b83af,搭档,搭檔
5a5cd65f-23d6-7fa4-5bc7-9606a6543976,染色,染色
5a6b039b-642c-458b-8615-77a396521e33,出事,出事
5a7215d1-0ae9-bc1c-7610-9d663c101013,筹,籌
5a728458-b0ce-5620-e821-f8d4ada7a6ff,些少,些少
5a7285cf-6285-4398-9da5-5b6f21802a05,罪犯,罪犯
5a86a7bb-2431-e4ce-d852-f257f08076dc,美洲,美洲
5a8cb85f-0a5b-461e-8352-ea6ed8ec03e2,不适,不適
5a92c9fe-0884-e469-de8b-254b38bac4c0,崖,崖
5a9e9e2e-2cff-70f0-d479-344afdb8e966,发音,發音
5aa082c7-0de1-619a-44b1-e22c2dff938e,老天,老天
5ab0bf58-5a4e-4adf-8cab-a73a8109d31a,表决,表決
5ab362f1-a5bf-43d5-a89a-2a45fb772cec,迫切,迫切
5ab3c44c-0e9a-49f4-a8b0-067294feb6c3,描述,描述
5ab91235-99ae-4bd8-b9c2-fd0e47826535,惊叹,驚歎
5abf9a16-dfdb-48af-b257-6c58d4a05d96,傲,傲
5ac07b7a-faab-4736-b028-5259205acfa7,现在,現在
5ac87d40-9a78-4d85-9703-9d50be1eade6,不如,不如
5acc7b08-0809-464e-88e4-88bf75c7b98a,收听,收聽
5ad900c2-2328-c881-d073-df175aed178c,带子,帶子
5ad928ca-a340-4b67-bf1f-5d4aadb86f16,遥远,遙遠
5addc899-031e-574c-751d-7fd1de302ef2,电击,電擊
5ae33da9-b7fa-4d68-a863-8234106baf12,奖学金,獎學金
5ae881ad-a427-6d30-2869-aa4b6ce2483d,的,的
5ae8f739-15d5-e1af-92f4-db97d02342cb,哔,嗶
5aeb1ed3-90ae-46b5-b51f-ea4a8ecd3502,求救,求救
5aeda9bb-a420-494e-af4c-2538b44f4142,情景,情景
5afd97d9-ff8a-a246-85d7-e64dfe968ad3,如果,如果
5afe5b19-149f-4c3c-9979-fdbd40be9935,原告,原告
5b01a5b4-1efd-40e4-9bf3-76ea70e7623e,寂寞,寂寞
5b053b5b-8cfb-83ac-c270-c0f80c2891a4,鹤,鶴
5b07a0f7-0c31-4d2a-b5a8-aa759ef1a817,弯曲,彎曲
5b0aa68e-9f2f-4014-9beb-0b6bfac076b4,顺,順
5b0dd573-c7ce-1c5f-0e9b-5d93b91a60cd,雇用,僱用
5b17717d-32ee-4b4b-ab01-dbfde92b3a9d,少量,少量
5b180010-c0b5-b66d-e4f9-b8b722581700,电流,電流
5b185163-3f81-4e4f-8e5f-5d67ca6e8621,地步,地步
5b189046-e601-0d1e-72a8-d0991d999b3a,之类,之類
5b20663c-e91f-4c0a-a148-727be8b48742,原始,原始
5b22394a-c144-8230-5602-fefd00e496b4,藐视,藐視
5b270236-6e92-4c96-a791-1102a6653d8e,多年,多年
5b28767e-3a23-4a87-b0b2-504c9abaabfb,无穷,無窮
5b2c5055-7f5b-4085-a632-7346c41311b3,冇用,冇用
5b300777-deec-4727-bc71-a93efd4f6202,强项,強項
5b31c33a-4e61-2dd2-6eed-19b980a1d04d,整容,整容
5b3acda6-55d4-8f30-e37f-e2c7f7d1e616,拧,擰
5b3b05c8-0bd8-542c-3429-9e923a722975,各就各位,各就各位
5b3c3b8d-72c4-47cd-bd6f-a1f2deb3f8f0,时不时,時不時
5b3ed8ac-8dc6-4b5d-b65b-82c1f26b936d,威力,威力
5b3f5608-fa02-349d-665f-29639b857ebd,伐,伐
5b43073e-4bfc-26ca-c484-2a613669d882,姊,姊
5b540b18-c447-4c37-8bd7-6cacaf62e4d4,当真,當真
5b5d235f-14be-983a-c08c-a793d0e461c3,双鱼座,雙魚座
5b5ee03a-4ea6-8acd-1e36-ba27c294c4fb,譬如,譬如
5b6a90a1-537a-d5c4-2a8a-5d74ba71f05c,星期四,星期四
5b6c20e1-5606-5ff0-d022-820ab56cd502,顶,頂
5b6fa01c-96ac-8497-bf55-156f587c2f88,乐,樂
5b6fb788-25d7-e45c-8d24-597560a3caf6,博文,博文
5b7fdd68-0fd6-bf69-f067-c48ac6aa833c,杰西卡,傑西卡
5b821ad2-4895-7e8c-8225-f073c033c9f3,共鸣,共鳴
5b82d1aa-7b84-feae-ae47-e9e1de3af58b,欧,歐
5b85f1c0-e33c-5aef-467a-2456bd7190c5,扎,扎
5b8ae82a-6bc4-4fc5-94f9-34d5370dc3c8,变更,變更
5b8c2144-02f2-8dc4-a783-a92db5f15b84,乳酪,乳酪
5b8e9fd2-c193-4955-8105-459926cb9a91,出发,出發
5b914794-6053-c2ff-42ec-a70a36a98518,娘,娘
5b93093d-eef8-1eba-568d-5a3af2bb090e,不行了,不行了
5b94de80-ffc6-4d28-869c-ab0f1b331dd1,矿,礦
5b95eaee-b78b-4a21-b9b2-c879ab037747,你们,你們
5b997cb3-724f-4dcb-9ced-36da4e8de697,基本,基本
5ba0ff9d-333a-472d-934c-19dd9eda710e,轨道,軌道
5ba1add7-ca99-47f5-b991-87ddf5387f14,映,映
5ba33b7d-7811-4f7f-9612-9778d47bdfee,亚军,亞軍
5ba6f8e5-68e1-3d41-b50e-e38d4d2f0df0,插入,插入
5ba7dbeb-5b3b-429a-81f5-f36a3a55bea3,西,西
5bb1c879-2635-4988-9380-7b26a93f1307,毁坏,毀壞
5bb69832-8dba-46f3-a932-2e77756c1773,签名,簽名
5bb744ab-fe1b-32d4-4e99-646d0a3464fc,法警,法警
5bbc610f-2a32-4088-8b92-836d873960f2,睇书,睇書
5bc02a5f-b645-7116-2a37-7618f7b74f5c,芭,芭
5bc3c9ee-26ff-47ac-a82c-d60978e5dda1,俘虏,俘虜
5bc7357a-0e20-48a3-8fa2-45e5d4a4c83c,皮肤,皮膚
5bcc6a8b-751a-4e68-b3f3-f960517ec47b,如,如
5bcd2223-bbd4-4504-8ee6-c00918220d48,文献,文獻
5bd757c7-9a11-7e49-eee1-7b283fa40ec2,菩,菩
5bdc05ca-2589-49aa-bdf8-b09179787dfb,深,深
5bdc7c1c-4493-bedc-88ef-9d87520d335b,款待,款待
5bde4aec-47e9-4bb4-8dbc-890be1087454,出具,出具
5be332c3-5363-cd9c-6d5f-aa46a8dd158b,净,淨
5be86983-bb7a-4053-9def-8c115391ebe5,自发,自發
5bed0367-a481-4926-b3c7-221eb65bb9fa,躺,躺
5bf01c29-bc63-886a-d29a-f346abaa6291,比萨,比薩
5bf823cf-0cac-4a76-9199-cec1e8020470,报,報
5bfa05ac-73a1-ffaa-4d99-571ecf6e4865,唔知,唔知
5c02559e-c7ec-4b16-8d49-c77ce720ac44,替,替
5c02a8d9-d95b-484d-ffb8-e9351f4ffc8c,总有,總有
5c0bda0e-6e25-4b97-be09-8b0cf8f5911f,枪,槍
5c0dfa0d-892e-465e-9152-924154ffdb31,先锋,先鋒
5c0f0b2b-0827-9e8e-25ea-bf8ab8da2ced,弊,弊
5c107b78-7ec4-2568-1f96-76739b24b636,尼克,尼克
5c11b542-0cca-df00-e357-15d85789dba9,入面,入面
5c186565-1e3b-f1ae-56bb-86702618ad81,樱,櫻
5c200ee0-afee-f0b6-ad28-82a48d6f83f4,土耳其,土耳其
5c2422bb-f355-4768-b213-b24624ca19b8,勒,勒
5c26c82c-f232-4a92-9267-18b141875147,圣灵,聖靈
5c2a3a6b-2c92-468b-b1aa-2d41effa03f4,圆满,圓滿
5c34f1c9-72cc-4514-aa65-ce637adf5e60,规则,規則
5c391fde-755b-4e94-8356-a004cd0d1b30,潜在,潛在
5c4039d0-7832-417c-810b-524ba8d01bb6,履行,履行
5c41df7b-041b-9148-c6e5-bb8374b47950,烧伤,燒傷
5c46d537-cfd2-43bb-b1ab-b3bd776bb912,摆平,擺平
5c46d82b-576f-4005-9c41-bde1e991f09c,稍后,稍後
5c487d9c-db21-10f2-5530-ff3cadfe98c7,转转,轉轉
5c495822-941a-35ab-3e52-6263bd182913,国家级,國家級
5c4c31e4-4447-4bb4-bb24-4cbd44696687,家里,家裏
5c58b631-203d-497c-9729-ada440aa837e,参与,參與
5c62dc0a-f4f0-48e9-9d54-e0e70d291bb0,严谨,嚴謹
5c692c8f-d0fe-2c04-7d40-75c3215141e4,别处,別處
5c69ae0b-9217-5e3a-b979-8991b41730b8,死者,死者
5c6aecdf-5069-4863-9177-6afdc0ee727f,派遣,派遣
5c6c2041-4d01-1ba7-145b-bba135102e10,钞,鈔
5c7bc0f4-8cad-4fd5-a4d3-542ceb669915,一瞬间,一瞬間
5c7f41a6-da85-4e0f-8e59-dc559e087f5f,遏制,遏制
5c8198e5-c61e-5ce2-84e8-d95100eb1c1b,空手,空手
5c8e9deb-762d-4d41-8df8-4bc44b44832b,绿色,綠色
5c924257-a24e-1c86-b8c6-ca289148e2aa,麦当劳,麥當勞
5c939a7d-5a13-37ee-8594-233689babec8,鸟儿,鳥兒
5c94e7fa-98b6-4f3b-f663-5087653eba8a,依个,依個
5c97494c-69bd-25ef-c196-b8a7aac2de15,佐,佐
5ca8b430-b970-46f8-ba1a-ccaea03343a1,诺言,諾言
5cb30d06-9b21-a04d-6a9c-800d91222bbd,吹嘘,吹噓
5cb3b3d1-fa93-995d-ac60-d6e76a0ddfc3,圣母,聖母
5cb75bbc-1494-20ac-4200-d20f9044403d,畀钱,畀錢
5cba3086-93ee-6b6d-4159-1c2cee0267b3,飞龙,飛龍
5cbf35a5-d1e9-4c0b-8623-cf364d73372c,舍得,捨得
5cc49796-e79d-48cb-a505-6d5eba870d64,冲动,衝動
5cc55e60-695d-b993-154f-1e0531a13499,健身房,健身房
5cc80534-b3d4-482c-b69d-172032cab103,之一,之一
5cce0c3d-5e5a-4a11-9744-41c63a9fa0fe,尺,尺
5cd01987-8c6e-0333-bb85-9ffb9a25bad9,困,困
5cd0e8ac-f190-0c38-ab1e-34a284f0c0e5,唔切,唔切
5cd0f97f-51ce-4474-b48f-2c4e70931a4a,工夫,工夫
5cd213e9-5bf6-4d48-8734-ffeda5104bbc,与此同时,與此同時
5cd989fa-e99f-4ecc-a42a-a1e28bca5a7c,袖,袖
5cdb1447-8b45-82bd-bfac-30028af5499a,萎,萎
5cdee453-fd66-8515-ad45-545d5211c4ed,人力资源,人力資源
5ce24d9b-7ded-4ef3-95d1-2db37ad1601a,掀,掀
5ce5cc97-4a3c-4391-9470-eb6c6ee3e2b7,好感,好感
5cf518e0-22f3-444b-b3d9-81af9ea1871d,场合,場合
5cf8dfb8-44c8-42ad-925d-390c119f3e95,班级,班級
5d03247c-2533-b3d7-1ec2-14e75030c6dd,飓风,颶風
5d055267-ffd5-4701-9ea3-a943c60c9680,考核,考核
5d0bedbc-99ea-f03b-f9c3-c8f70964ce1b,只不过,只不過
5d0db954-9337-475c-9647-452984e943ae,销毁,銷燬
5d12b520-0c52-320f-cc2f-83903acb6dbc,小屋,小屋
5d16aa87-f540-428f-9bd7-9f388d532fc5,观点,觀點
5d1cf92d-24a0-474f-a14d-053aef71aea8,临近,臨近
5d210d1f-09d6-0120-fe05-7c3b5fb76d22,表情,表情
5d21b2c4-13dd-eaaf-0b86-6adb2b5b261f,入世,入世
5d2616b3-4ca9-4abe-8343-3d87ef561f5b,窑,窯
5d294398-b377-cfe5-e4a3-c5f9ed56ec30,属,屬
5d2ab995-7b6a-52fb-4206-a4193bb28e2f,外面,外面
5d3169cc-fcd2-4479-ab68-49931b14666f,风流,風流
5d33a845-a580-46b1-9caa-9ca4e8dc02f4,饶恕,饒恕
5d3ba8cb-d746-159f-ed88-e872090e02cb,后座,后座
5d3cfda3-4b49-0108-6a0e-f4c53f9f9cb1,掷,擲
5d40ffe3-ccb1-4ec6-ab33-5e5eacf9984f,玩儿,玩兒
5d43b7ed-9249-46e5-95c3-5d9b55c4a4ec,奖品,獎品
5d4e527e-f9a6-4b7f-ab96-e8ae782f61e2,壮胆,壯膽
5d543214-64f8-483e-b248-bf439795528c,基础,基礎
5d5a3671-c2e0-4a21-a057-1bf59c3b8e1d,达标,達標
5d5c228d-6a67-4522-9ef8-c2f9f7687df0,编造,編造
5d5cc33e-db9c-e050-9e5f-9f27c8c71a07,发给,發給
5d5cd491-e3e0-4ede-99eb-01e1dfebaa7e,保密,保密
5d5d1b2e-59f6-4dcb-d3e6-13abbbf849a7,抑,抑
5d65b07f-affa-4e97-2974-1ced29893866,伏,伏
5d6aad13-103e-3d44-a870-21f559d88f16,犯法,犯法
5d6cc04f-4ccc-4192-a735-562b84850209,缘故,緣故
5d795362-777a-df70-b0a9-c5700c5d2c34,随住,隨住
5d79e137-aa68-af64-d04a-e3a0f2c13e5b,薪,薪
5d82f3f9-f4c4-47b2-a21f-1a3637dbbe55,弥补,彌補
5d85c95c-886d-2d08-d6e3-61b10960f7eb,分流,分流
5d8b5efd-a0f3-457b-9211-019765a690a0,喝彩,喝彩
5d8bd229-f587-4d6b-b321-d30ba61b6a02,角色,角色
5d8eca77-e47e-4b8e-a206-b81e7493648b,列,列
5d8f1f45-834f-72e3-0f04-ab06ab2c5d17,凯文,凱文
5d90e773-b6d2-e336-62b8-f4f8bcea8443,捉弄,捉弄
5d921e34-0e50-4127-adc0-3e860150ef61,耐,耐
5d93b7c6-bb64-141e-c451-eb0edbdd5850,韩国,韓國
5d9bfce3-57a2-46c8-abf0-5361d30b99cc,爱,愛
5d9e7a44-dac8-4460-ab60-64a66e859c64,词,詞
5da09714-f870-43d0-9d41-dff1c8479c2e,干吗,幹嗎
5da96f2d-671a-4cfe-a990-2bc96232a00b,极了,極了
5db7df94-a399-4a47-a692-dff52e57ff3d,市政府,市政府
5dbd5ef2-7f38-1d96-1e06-0efb28d9152f,强暴,強暴
5dc1c7b5-aeec-827b-c8a8-ade77186ee79,葡萄牙语,葡萄牙語
5dcf2d49-b3ef-47f5-be85-6824b41d3a45,前不久,前不久
5dd33995-324b-2174-2771-c13bd65f8e75,真皮,真皮
5dd4c2c4-83c6-4b0a-877e-17d9967f3c59,输出,輸出
5dd9f8b6-b0d7-4283-af63-8f2cde5ec53a,雇,僱
5ddda983-badb-476f-a00b-9679f82caec7,引,引
5debbaa4-8f79-4db6-b34e-da07baa683fd,周到,周到
5df0770c-6cd0-bbe5-44ed-054b3209485e,韦德,韋德
5df6762b-458c-4ac4-9a87-41cf7ca89f91,没收,沒收
5e09e1c1-9d1a-b240-c41d-b2c62f6a234c,警察局,警察局
5e0aaae0-c967-2058-163a-57ef66482964,终,終
5e0df601-fdcc-46fa-b795-99eaba5aaba7,那些,那些
5e0e5142-fc1c-48a8-b45f-8cea60b3a9e7,美元,美元
5e12eb79-dd23-452b-a8e6-82600720d302,屡,屢
5e15e61d-3a16-41b2-86d9-f5fcc31fca3e,漏洞,漏洞
5e16e96a-5bc9-488e-bb88-8d5d39ecc50c,中旬,中旬
5e1d5556-503b-a4d5-b4df-01b3df990698,骄,驕
5e1ece08-b311-43f6-8110-b6c8857dd370,获取,獲取
5e22b07f-a563-9287-1bf8-4ec88a99335b,燥,燥
5e22fc7b-0afc-4d52-b6ba-5e9de2b70ada,隔壁,隔壁
5e25a72b-4ddb-f7b0-c6f9-e7f40e8fb905,走势,走勢
5e36c98c-9c45-dd0a-5022-68fc962804ad,口红,口紅
5e38910d-0fe0-c9dd-10b7-1bb622665fc5,特区,特區
5e3b9687-f37f-03af-990e-a960f445874f,突袭,突襲
5e3be728-0950-d51b-cc10-93f9f14a2e36,东南亚,東南亞
5e3cbc4d-377d-4e81-b90a-fffed053035c,走私,走私
5e408c4c-2335-40cd-894f-364aa977e07a,人数,人數
5e4462fe-ae34-1e54-dd6d-3c869ab9c984,常委,常委
5e4542bf-2eac-4616-b284-fc72e82bd122,病情,病情
5e4755ea-c320-0563-b8d7-523e0241fdc4,阿拉伯,阿拉伯
5e497da4-c862-0ffc-362c-e5d97016de6e,资产阶级,資產階級
5e50dccf-a749-4a7b-b793-035ed7b53d76,出面,出面
5e54debd-2169-a4c3-631b-ff67e617da59,户口,户口
5e5a3e65-a57d-dcfe-485f-bf35358c01a7,如同,如同
5e5b109a-693d-4910-bcdf-f4ee1b092a47,分钟,分鐘
5e5dd902-c501-0ca9-351f-9343ab9a3861,纹,紋
5e691317-bba8-48dd-9bd7-bada0ee5711e,尽早,儘早
5e69638b-bbac-4494-9019-a996637c3be8,北约,北約
5e6cdc9b-8dc4-451e-a0ca-fd9b0b837a74,稀,稀
5e6e9e4b-1e72-030b-3b23-76b8d236bf07,处女,處女
5e7332ea-d532-e7e4-137c-9de63fd8a8c7,逆转,逆轉
5e7a611d-bb45-445d-9b7e-6ad18471e9b6,齐全,齊全
5e7add1e-0871-c9e3-f784-ecb946b387cf,迅猛,迅猛
5e7efd9a-fa47-e0c6-caa8-6ec50637ca54,厘,釐
5e857637-3949-c587-a258-65b6d922048d,引发,引發
5e866457-a93c-40ba-af16-f715483887af,昏,昏
5e87926c-88f9-4994-bf6d-7c0481fb5613,趋于,趨於
5e87d22f-d4f1-42d4-bcc9-55c754e3f81d,金子,金子
5e8db283-6947-882c-f22f-d11566f64a32,假,假
5e904f4d-ecf2-43c1-9500-ee0a78efc1fb,半夜,半夜
5e95bac9-7735-4ec1-8da0-e8f961e362f4,屑,屑
5e97e43e-8698-7e0b-e052-a26c91d16692,个个,個個
5e985cad-b75b-4731-9f5b-e7e9ff5ed25d,情不自禁,情不自禁
5e99baac-03c7-4b5a-b2f1-c95bd9dad7d1,长城,長城
5e9d83ef-4024-166c-7076-a9d30a817635,丑,醜
5ea19135-4c95-e8b7-61e8-92145887dc78,达,達
5eaa22f8-50cc-4939-9c56-dc7c02218d41,工业,工業
5eb29149-ac82-41f4-86c8-f0ceb7c57ce1,公共,公共
5eb474ad-f9e5-cece-ee31-6f844e7afce0,规矩,規矩
5eba8bc2-14f4-4147-9820-39ab35f0eff7,麻烦,麻煩
5ebc3b6d-2b10-4855-94d2-572129da412c,吸引,吸引
5ebcc4bd-7d74-4177-9a5a-816fc4ef2ed7,危险,危險
5ec46967-b9ea-8724-2915-92596a036513,规范化,規範化
5ec53778-9dc4-412b-a62e-c74e517594eb,线,線
5ec961cf-96d4-8376-ef1b-55b21c5bce17,拽,拽
5ecbedf3-0ce4-c662-2f1f-7abc9f7ab225,肚,肚
5ecd8ae7-a98c-54ba-0a36-ca9740703027,机身,機身
5edc9d26-c3fc-caff-ba23-4976723f440b,翔,翔
5ee9f82c-962c-e195-1bde-4b1ec614e8c6,麦克,麥克
5eee88ea-0d51-4402-9389-112eb69c5c2a,拖,拖
5efbbed8-ad8d-457c-9cf4-2153a5e31468,价,價
5efc7270-cc22-f70c-95af-f2b1975fef4f,韩寒,韓寒
5effef04-3120-3067-84f8-92d68f96fb95,托,托
5f0415c0-3743-b56d-7c56-a7d9fce6562b,女佣,女傭
5f0a86ac-a8b7-4592-892d-94cf8d2c2a57,可怜,可憐
5f19656f-8fe6-6586-cd9a-1190a96b6402,亭,亭
5f2053ed-e397-d260-485f-15d83aec9025,费德勒,費德勒
5f33a9a7-e54b-41e4-ade2-9e9b668df277,拐,拐
5f33ab3f-ac67-4e3e-9d44-71400cf6772c,总监,總監
5f3a8c5e-70e9-e534-c78c-9b0fa28c19a0,冲,衝
5f3f552a-2eb9-2aa4-7e39-5a80ba19b7b5,双子座,雙子座
5f440064-b26e-4884-9ea8-8b9ce1a3cf1b,用不着,用不着
5f45f760-2085-6e91-f03c-49bd280fe21d,协,協
5f488776-89bd-473b-bf71-7ea4593e631a,到期,到期
5f4d70ca-bde0-4830-857b-da125e3a82bb,笑声,笑聲
5f4ed155-6ca7-4d1b-adde-8c8a7cf08df7,防范,防範
5f556109-6d54-9a47-1e58-cc949cd0232d,拷贝,拷貝
5f56be2a-6df8-e89c-3fd2-204a44e1c2ef,有如,有如
5f5a3e7b-7526-4621-89fd-7f026c762951,迈,邁
5f5abd53-8167-4872-8ee6-4ff0c3c5f308,摘要,摘要
5f5bf3f6-1e86-4782-c2dc-4d9ff0db1f27,躯体,軀體
5f674108-fd29-46b5-8ebc-4691f85d1200,恶心,噁心
5f695810-706f-4e1e-8a86-f2597b586be1,一模一样,一模一樣
5f6a2f24-76f4-4f90-b305-44d161a9d0f7,景区,景區
5f705f9c-629f-e11f-2c05-329ddec73c05,播报,播報
5f788afb-a278-a8f4-748f-7868838fdffa,冧,冧
5f7dc96d-b7d3-2bb4-0994-8f5961dd2655,失衡,失衡
5f7e01fe-4484-4848-b942-2fa93546fc34,没关系,沒關係
5f7e18e0-7ebe-cb7a-ebdc-b9789a8e253c,精,精
5f86c239-027b-4a5a-9ddf-34d9e6aff2e9,上期,上期
5f8c7289-5b43-4e66-9442-20a13eb213d5,进出,進出
5f954763-adaa-90c3-fcf0-241f8a4c1ea5,呦,呦
5fa46172-4bb0-4085-88ec-44166814c75f,看重,看重
5fbca69b-d187-3ecf-65c0-7f64412a28b3,篷,篷
5fbfc51c-fa1e-7814-0443-0f407c09ce4b,想象力,想象力
5fc0769f-fea3-4eba-a426-04804e516561,卡通,卡通
5fc1289d-2881-ea90-7a76-8f38e77093c4,嫌犯,嫌犯
5fc5ea77-c0cb-97c9-b609-0e1f0835644c,余额,餘額
5fc645fb-8e51-b51e-3bbf-d54edabb8d3b,前列,前列
5fd15452-ff6f-4b00-a276-82d6da3a677e,谢谢,謝謝
5fd31f10-29b2-de2a-c472-4f3637e5fcd5,滞,滯
5fe5706e-8388-4fae-88b6-ba928d890201,即,即
5fe5db5e-35a5-af3a-9e7d-990a51a917a6,一于,一於
5fe99d8a-dfd4-4275-99b8-4670e70a47b8,悲伤,悲傷
5fed5af2-3abb-977b-8c41-09b0277f6a8b,波比,波比
5ffc4a9a-baf5-adb9-0780-2680054757f6,背部,背部
60090f60-180f-4174-ae91-7fbaa5d951e9,式,式
6014546d-1181-4edb-9f56-6eb3fab71c88,系统,系統
60242dc1-8307-46c1-a1a4-0389c7ae9610,再也,再也
60258fee-f207-7ba1-0d52-dd2689176a66,庄,莊
6027b843-860d-4dda-892e-09feec69ea21,邀请,邀請
6028ad0c-f3bd-37e3-5017-8461d977f4a8,逗留,逗留
60299b75-01cd-af41-68d2-5ad3c9364399,律,律
6034115b-0405-5fd2-f858-8e228573f65c,老虎,老虎
60347ba6-0420-aed5-926c-98239414205c,性骚扰,性騷擾
60437410-5c5e-40be-bc75-52088a3f6bf1,扭,扭
60475d95-8d2a-4b34-853b-7ee427ec2aa7,镜子,鏡子
604e60ca-c867-4e1a-b1ce-ff221a32ed13,搓,搓
6052eb9e-5abd-41d5-87d2-ef0aab0580fe,屠杀,屠殺
6053839b-464f-32ce-9f27-3bcecd9b0dcc,腊,臘
605d4abd-b485-096d-6350-0a235e485b93,吸气,吸氣
605fec1f-1398-40c2-adec-fc7e819d024e,比,比
606022da-a0fe-46dc-9b07-7602e619e258,上瘾,上癮
606d114f-a3ba-4b6d-cde6-940fc6e4d963,构,構
606d9941-e744-45ff-4b0b-19089fde0a8e,一本,一本
6071ebc5-3645-8ada-3bba-54bbd0c7b675,茧,繭
60722e00-0d38-4e83-8d4b-7cc418fb8d81,私事,私事
6076f7b5-99e8-40a6-a065-92c24eb2874c,晾,晾
6078f62a-a50c-483b-bee2-5f4b3a1e3440,登记,登記
607afdb2-f214-1d71-e314-d677bf7f49f4,宝马,寶馬
607b3257-f9a4-6d1b-f9a1-8eee46392816,轴,軸
6082df20-73e3-466b-a254-6236a4c39256,相当于,相當於
6083bb26-72df-46a1-b8f0-f42e76883b42,外表,外表
6085245c-b508-4710-953c-0b465ab02cbc,四季,四季
60947739-bb6e-44e3-bbe5-575193d12179,环境,環境
60959a9d-8e28-4089-9eb8-0f073a849c6b,同年,同年
609e843e-9161-4945-82db-356f5a1c9eed,输家,輸家
60a14dbb-3f7c-3bae-ca31-211f33054474,安全带,安全帶
60a50336-9e7f-b154-98ea-6c7a9b660cbf,滚滚,滾滾
60a91bfe-9f0d-47ad-614e-2c5d2132a0c0,港岛,港島
60ac0416-9e26-ccf9-0bd8-5340c1454173,试剂,試劑
60ace4d5-9869-456d-8ccb-b474b95e6e39,特权,特權
60b298b4-cf2b-e0a2-1076-fade3e9f6cbf,抓获,抓獲
60b772e7-c05a-d376-e531-cb036c022f3c,床垫,牀墊
60b7b28d-4f29-4abf-affe-f5c758ae7352,大方,大方
60b7d4fe-cee9-147f-dc7c-2e3af64d330e,累,累
60be00b8-cd5e-e95a-eb57-5afecb322b11,龋,齲
60bf8e59-0cf9-0b39-0544-4891a63e0cfe,支队,支隊
60c23c6a-b6de-4fa5-8c28-ec9f5058ebb3,阻挡,阻擋
60c56d81-f012-59e7-84a4-9274cf585a27,自治,自治
60c92327-cc33-12c9-f435-738e15e31ee5,撮,撮
60c94584-9bbc-4c66-a7a0-254ab6afdcb4,懂得,懂得
60ca2a6c-49c7-5383-5b77-0875cda912de,厢,廂
60ca2f21-94b5-4f3c-9d3b-020d73d3d170,抬,擡
60ccd9c4-018b-4194-8560-a33b145c7c5a,初,初
60d1a553-7739-f203-0b72-87096cd24305,人哋,人哋
60d26c93-dfa8-42b5-0935-a7500403faf9,油门,油門
60d6639d-b535-ebc0-b8e3-f869c56daa7d,耻,恥
60def169-7459-c17a-b4de-2da39676bb38,有的时候,有的時候
60e3ca0b-70f6-47a7-aba9-dfd7ed86401c,胶水,膠水
60e48e6e-ed66-1646-915e-2568f7abe3f6,水下,水下
60e86921-8211-2b2e-1eb6-9dc2e55b29bd,执政,執政
60ea1603-7a42-4532-aacf-4bfd8dce7264,从小,從小
60ef77a8-0d0f-484a-829e-45d87b662c21,分量,分量
60f1b006-b840-460b-a386-933179a64d99,电车,電車
60fe8f0b-a9bb-46e3-aa4b-decceb20d686,案件,案件
6100cefa-8fd1-345f-ac71-46881d863313,唔系,唔系
610181dc-8c01-81e1-0620-699d5992bc3b,提升,提升
61095ae2-02d3-f9b2-2e72-34938e12f276,欲,欲
610bae5d-6512-4f26-9609-6db7d2c414ad,判定,判定
6112e857-9f69-653c-42c0-f239545e3e5d,湖北,湖北
61157ad5-5929-e33f-9b46-d61c58f6ca93,揼,揼
611792c6-562f-2b5e-fd93-fd86fd3220c3,天鹅,天鵝
611912a4-7a2a-4821-b9a1-492ab772ec4b,宫殿,宮殿
611e25de-f99a-44ec-b92c-a5008bae9a21,住宅,住宅
61275091-950c-7d87-60d8-47d66f1a17c8,上身,上身
612c8e76-fe02-4534-0205-90fca7330c12,挽,挽
613bd7ec-957b-493a-97d5-098a70bcee52,外,外
613be689-fe10-fc1c-73c0-f52fad906fee,巨蟹座,巨蟹座
613f20ac-3c15-78da-1bb5-7a110c2f9c1e,大只,大隻
614178d3-df4e-4d9a-8166-b916255cde5b,谈论,談論
614518b0-49ac-c701-cb90-051294ce0be6,泄露,泄露
6145f7a7-9fd7-4f4d-8016-af43b24e4ab8,类型,類型
6152aefe-31e4-4e33-890d-84513ed53964,目睹,目睹
615512f0-5a46-42b5-9778-fc436c975e9d,动力,動力
6167e15b-c7f0-6608-783d-731ff709a69b,有点,有點
617285ae-c0d5-051e-ee7c-feb809e68ea2,直头,直頭
617ae282-183f-4911-a183-d3bfa3839b29,巩固,鞏固
617e2483-bbd6-4898-81d6-efeb1c75a8e3,沙子,沙子
617f1318-6807-3fab-b873-87bc51c4726c,假扮,假扮
61819082-5010-4d92-8ab9-4a9efcb35055,力量,力量
6181f805-c9ab-05a4-eccb-d0c1e605c761,罪恶,罪惡
618a5997-3ef3-4386-b287-d86e1ea5c62e,填写,填寫
618c0749-90de-d9a3-3b66-a8f9b2e80f17,孤儿,孤兒
618da2da-8825-d764-d75b-fee728f2f0f6,安全感,安全感
61977009-28bd-477c-bce7-1e8a88374560,不肯,不肯
6199775b-ea98-d61b-6d04-81d50193b97f,乡巴佬,鄉巴佬
619c6d82-d2da-805b-f291-eb2969406654,新媒体,新媒體
619e6cdb-f360-88ae-626e-be467e17c17b,传送,傳送
619e7064-1e20-d5de-31ff-675fc04083bc,咪又,咪又
619f49cb-5d98-4c90-9bb6-6d69b4e12075,饺子,餃子
61a6edc3-7daa-496b-ae41-5e708661fcac,健康,健康
61a8453f-6f19-42ae-8e94-1c7b8b68267f,分泌,分泌
61aba728-0438-45e0-81b3-37f3c7e77abd,恐怖,恐怖
61ace4e7-effe-4702-bb6d-b2c194f94f65,茄子,茄子
61ba2042-cdbe-457e-af88-0c6afd2efc8a,不光,不光
61bf1f6f-7b37-4f4c-86c8-eeef0d64c75c,撰写,撰寫
61ccaaf2-9a46-435c-99d7-9417c8d6c9f5,按,按
61d0aaa0-6a71-05a0-e311-ba8244b974f8,贱人,賤人
61d24334-b27e-4635-b5fe-e3d2445b83b9,放到,放到
61d8945d-0cee-9a9f-143c-ff0753740048,唤,喚
61dc01cb-47fb-491f-9ebb-f6c1bc2d5e2b,舒适,舒適
61e7f76d-17b0-0779-864e-2f3ab2329e3c,韵,韻
61f7284b-7ace-2db3-ae17-bc6a20294b01,效,效
61fc8862-511e-4008-84f9-5b11b0a16cf5,遍,遍
6200244e-d6d4-6839-1bfb-0951b6c5a0c2,水电,水電
62066dc0-1f37-a5a9-3af6-610f507a224c,植入,植入
6212dc92-8ca9-4554-b242-cb3b2dd0b1bd,也好,也好
6213d383-50ad-41e5-8d4d-cc222a91bb4e,束缚,束縛
6214b6a0-b752-673c-4577-8ceedae69fd8,圣诞,聖誕
6216225d-bbb9-c9a4-d8b1-8878d0647c25,肝癌,肝癌
6216541c-330c-4ee0-9bb1-192311c6e77d,国有,國有
6216c157-0db7-f29c-1df3-2232090c0868,大雪,大雪
621be33d-ccf2-4a99-ddbf-85c2d8cf1bd5,口岸,口岸
621deecd-3bb6-4592-a1e9-52e5e48ef48b,遗憾,遺憾
621f44fa-b126-423b-be6f-815516cab46e,请问,請問
62200469-7382-4c19-9d4b-5c838c2b54da,雇主,僱主
62236584-e94b-43ce-af47-e662ecc0264c,称赞,稱讚
6229726b-7714-4826-933d-147d9ef427b3,不惜,不惜
623f337f-5b42-4830-b4d4-99e981244b72,秒,秒
624e6f51-cd2c-441f-89e7-3e06b18cb828,次数,次數
6254bad5-ab61-4969-ae63-f2fcc8175947,拜年,拜年
62569b8b-f162-49e8-b2ca-301439f6261b,晕,暈
62624f0f-890e-6fee-fa64-83721ff39f4c,闲逛,閒逛
62666943-93a0-0844-8662-2225a12aec72,护卫,護衞
62690e01-5dc1-4c9d-bc18-4a88e26d6334,考察,考察
6270fea5-8a69-01e9-b369-66b2d69d6b69,鸟,鳥
62721f78-7691-a361-b825-4ef78fb2ab25,表妹,表妹
62752d05-0899-46b9-bb0c-f63ade17304a,兜儿,兜兒
627777a1-695b-4619-8d1c-bc3947e862eb,清洁工,清潔工
627d7f06-39d3-5b1f-09c1-92055670a82c,刘少奇,劉少奇
628789bf-a25a-4da4-970e-7209332a8a2f,细胞,細胞
628879a3-9d9b-4b99-b28a-67f686525e39,代理人,代理人
6288a493-04d6-4510-94c3-04655bc5a95f,寻找,尋找
628d7a20-7ee6-21c4-888b-8831bee76077,唔识,唔識
6299d1bd-98fd-4bee-3490-2e2aaf12f37c,衷,衷
629b8837-4356-e1bf-92db-6aba9b7ae464,注意力,注意力
62a2ba4d-cb0e-4682-be61-dc2cabfd83d2,汉字,漢字
62b0a736-9af6-462a-51f2-aa643247e8a3,粗话,粗話
62b71c32-dc13-4b70-b346-5e7a13355b1c,枪声,槍聲
62b7f787-c9a9-6100-0a12-3920e3e179cc,保释,保釋
62c1f4c2-a752-ecb3-41ae-ea51e4836e11,忽然间,忽然間
62c2ed58-7058-7b1e-6f65-4546fe46af32,云南,雲南
62ce39a5-1e35-d4f8-b3ea-7a02c3b03ae0,抗体,抗體
62d08bf8-76ad-34f0-503a-cfa463eba712,疤痕,疤痕
62d367db-f3b4-4652-9e6f-13cc7d069a3d,材料,材料
62d91ba7-49c3-4b96-88e9-89ffc5c4fd7e,厨房,廚房
62dde7c4-8d04-2dbe-07c1-5cdd48b56bfd,间唔中,間唔中
62de7b3f-b494-48a2-ad2f-5b05d5b6cab2,化解,化解
62e338e8-674d-4bfd-abfc-d17770f98330,在,在
62e54950-186a-e405-b55d-09501dddba69,总会,總會
62e5adb5-75e6-c8a8-bdfe-8cb8925f135b,立案,立案
62ed2b29-7e08-4050-a835-c0d82d892f88,估计,估計
62eeceab-4b17-437e-85cd-2aa7fedf0dd4,播放,播放
62f8bba5-e12c-4fa5-9b63-584afd47bc1f,过于,過於
62fe5c0e-841f-3e2d-40b6-1a9165418efa,毒瘾,毒癮
62fe98e8-65b6-4176-b71f-1e061269648b,游,遊
630142b5-69f9-43c7-bca9-514854a045c7,左,左
630688a7-9557-e708-d80b-2ef1c3cbf602,贝克,貝克
631205c9-43d0-7c28-be39-afb7eca3f031,评级,評級
6312a39b-5561-41a1-9f63-21a97dcf755b,仿佛,彷彿
6316962f-3e12-5879-1423-38842ba14e21,干活,幹活
631c3fae-9af7-a6eb-8e78-7b28d14300e7,男篮,男籃
631dd9ad-585d-4966-892a-2989c1f6e62b,只得,只得
63246315-58f8-e345-ef9b-b75407832b5d,妳,妳
63254e83-eeea-41e6-8e1f-9e43c72ef517,冷笑,冷笑
63284ac5-9572-304b-58ac-2c2df586f395,途,途
63286da5-8023-4eb2-8772-3a1f47fb8e1f,探索,探索
632a98f0-4642-b0bf-eaca-54f9660a9680,故,故
632fe334-75c3-40df-6b7a-046dfae8e1e8,受欢迎,受歡迎
6330ae79-fbbb-191f-1b47-070b33e86509,假发,假髮
633b5771-bc0f-cc11-094d-19b1aa2f4c49,按钮,按鈕
633c6d38-f242-a935-a741-2acf1926e886,检察官,檢察官
6342430a-0e5f-f2bf-2c90-c063113a1801,下水道,下水道
63425378-d202-447d-aaa7-ab0572484fc6,简介,簡介
6342cb41-8057-445a-8bc0-e2e7522a2803,摧毁,摧毀
6346467a-7f7f-f7d0-adf7-0b0262485879,起嚟,起嚟
6347dff8-987d-4f80-92bb-03f3db73c141,月票,月票
6348ea28-7207-496d-8b8c-2dc807e5ec20,奖杯,獎盃
634c44ab-1792-aa3c-9605-e49bf2ee5c02,十四,十四
6356eeea-ac6e-c11c-a259-8e18099e6a92,年鉴,年鑑
63586cda-daa3-4eff-bae2-7b3592164f31,瞩目,矚目
635ca42b-2a60-42b4-988b-43745c427435,愣,愣
635d24b4-1f4b-4306-7a0a-b3d55ff3a5bd,贩毒,販毒
635ecd61-33de-484e-84a3-b58dca306680,唱歌,唱歌
63612de5-e5f1-1f5f-1a83-020f079b15c3,激怒,激怒
63615985-3cc7-4c93-91bf-9886c3104657,衔接,銜接
636f44ca-0c46-8400-15f1-72f0bc3c19ee,长老,長老
636f538e-14ba-42df-917b-43c6d411709c,外来,外來
6370e95e-9dda-e91b-a5c7-1d4e804cb204,肠子,腸子
637dec72-c643-1181-d063-bf8864e5f8d3,晋,晉
637e924e-2fd8-d06a-9178-216c33baef07,返,返
63828da7-c897-95ee-8ef1-d33c85fa095c,敲,敲
639b4cd2-cc61-312d-d5c4-266cb52ec4bf,说服力,説服力
63a11153-41ba-0033-8c7b-8cb6a9cef6f7,咁上下,咁上下
63a81310-8d96-499e-a356-ba251463096d,撤离,撤離
63ab2438-e5ac-0497-464a-bcb7ccea0b59,牧师,牧師
63b2b7a4-7368-48e0-985b-278c127ca8fc,强迫,強迫
63b2fd36-bb23-40e1-88c2-d2100d095d69,通宵,通宵
63b3a0ad-2531-a366-c158-bd7fa806795c,谜,謎
63b4c653-6c06-4853-a096-378191bd6394,美食,美食
63b70a5c-0ffd-423f-810f-cb2309e22f58,经费,經費
63c28e7c-86eb-cffc-bf2a-3f1c1d0e5085,纪委,紀委
63d3743b-4b6c-4bda-94f1-f9f6dfb5ca63,指数,指數
63d3e283-a6b3-f073-7d7c-20fdfb9d0be4,控制室,控制室
63e04f9e-82b2-4622-ad6c-ac8ccc1d391c,百,百
63e18db9-2936-2ca2-7459-4e00f826332d,煌,煌
63e2f355-2b71-2457-373e-22190e16e5f9,吉林,吉林
63e909b2-ecbe-1896-c4b2-1d5592f839f3,戴维斯,戴維斯
63eac704-be7d-4a39-aefe-388067f6285f,众多,眾多
63ef8e7e-7642-4749-ac2a-c12655a83f46,就是说,就是説
63efd8e8-0c90-2283-7ac9-0e9f1931a057,罪名,罪名
63f3709c-c22f-46a7-b0ad-725fead464c6,规模,規模
63f523a5-6eba-43bc-b3a0-603f661c721d,料理,料理
63f5e3f8-9ec4-4580-89c7-49552cb42119,标记,標記
63fd19a1-e059-48ec-b7ab-3d36840733a8,堵,堵
640e99de-0381-4684-a972-478814202ea5,征服,征服
640fb5fd-9d4e-073e-a031-b6ce5d401233,魔法,魔法
64117a6a-f57b-a1c0-69ff-21f15c21c4ef,伙记,夥記
64144a27-12cd-787c-51f7-8817739152d4,银子,銀子
64182e60-3ebc-47e3-b03b-b357a93ede18,旅游,旅遊
6419cf34-4c53-4f95-9631-f04975708e85,派出,派出
641d2035-d8fa-4306-82e5-e52807b19ff7,缺少,缺少
64200808-adf4-4eb1-93c4-1958c7fdfe8b,误,誤
64222d62-bb19-460f-9f93-0286947a776d,大奖赛,大獎賽
6424739f-91f8-4661-9fe6-3004e02483ae,联赛,聯賽
6424868d-5406-467d-bacf-3efd022fb71f,三角,三角
64319ad0-5b1e-4547-b615-33b14f1af7e4,遭到,遭到
6434a2eb-d1bc-4cd4-8db3-be2f06e96d30,果实,果實
64431c7a-ef13-6c55-0b1a-519be606213d,世上,世上
6446711f-90c0-42c4-8a17-ce1c4898313d,性格,性格
64494b58-940f-ebca-09ed-d6055bd098e9,模糊,模糊
644a238d-c59b-453d-83da-d5a77477916f,有限,有限
6454d0b8-a5cf-a1f7-ade2-231f636789b4,女神,女神
64576a39-57a3-13ea-8e8f-0730768a1c1e,胡乱,胡亂
645e7a8f-7872-146d-bb55-7db6b0ddba57,双人,雙人
64614739-66a5-4a74-bc11-f97460befa44,受贿,受賄
6466f50f-0df3-423d-abde-bb4987c665df,钟,鍾
646d40d3-30e0-a1f5-906e-47e2d80e00ac,诱,誘
646dba67-1018-9e93-ee57-ecfba5548342,监听,監聽
646dd7fb-cd6d-b42c-fa62-1ebbb0dd3390,年轻,年輕
646f9df2-190d-beaf-d0f6-fe92db89fb60,返学,返學
6472c038-d2ae-6057-ea47-32f5abff814b,消费品,消費品
64798151-450e-4d38-857d-149fb66478cf,个人,個人
64798c9e-fe00-4bf6-a49c-218a15254e42,随手,隨手
647cf6af-db64-4cfc-885c-8c23bab737dd,开水,開水
648a5d26-3840-478c-b9de-54e6e9c77a7f,残,殘
648f235b-dd4c-3a5f-8ed5-a28700a23a3b,高产,高產
649055d3-0514-47bf-b6e5-ba0eee3e4b88,假如,假如
6492e5f9-7996-4d32-84f3-7ad6c49a99c8,追究,追究
64a35476-2886-4c42-a3de-188c26588d56,设法,設法
64a9e9d5-64c8-efaf-82f1-3887d34a5ed7,柠檬,檸檬
64acc580-b8af-b779-818d-1b9aeb7906a6,郁,鬱
64b4324f-2907-0423-3e4a-10ddfb2a499c,外甥,外甥
64bc09b2-a7ca-4604-b0d6-612d65f7ad0e,外出,外出
64bf79fa-5035-43c9-b623-8f4e4557c64c,路过,路過
64c1001a-f1ff-437d-9ca7-1a2c9c4353dc,奥运会,奧運會
64c1dda2-e0e5-41bc-9a97-b6d30247736a,坟墓,墳墓
64c57566-425b-4d94-b119-ced440fbd61c,运,運
64c64d48-3f51-946e-1824-a7a61e2d855e,共产党员,共產黨員
64c6adb2-319f-1793-d504-60622d4ec2a1,啦,啦
64cabb58-6014-423c-b399-90c9106b5177,稳定,穩定
64cbe06f-6d78-425f-a8c2-1d783307e451,学会,學會
64cd8765-2601-5d00-2130-e837daf4d482,暴君,暴君
64d5cd60-59cf-40df-b3d7-1453198a1516,经商,經商
64d715d9-d475-d942-4b21-59697f4d6327,谂,諗
64d7e0e8-803e-f90a-811d-77ff78c7517c,其一,其一
64d8d3fc-8c6a-4af2-a7e7-5e75cd05a4e9,家人,家人
64d9b700-6ff0-4d6b-a725-bd374ebe38c0,温柔,温柔
64e52972-502e-1641-24d7-e009ac6941fb,碟,碟
64e958d2-a499-4e84-8137-8671dc66a4c3,海岸,海岸
64ebacf8-0899-0474-ed26-709755a8b3f7,暴,暴
64f35699-026b-cc41-6566-67df29f798c2,安顿,安頓
64f42363-79d1-c3b2-09e9-58d5741179cf,新生儿,新生兒
6501435e-7848-750e-4e40-8d8866fcee2a,佛罗里达,佛羅里達
650fb844-272f-4809-878a-7dd6b4d176d6,致命,致命
6512a474-9016-e86f-3287-cc811e45e3f3,港元,港元
6518bd3a-0ba3-ed28-e851-3410208602d2,女仆,女僕
652540ff-e238-4bc7-86c1-7b74e303a5b5,布局,佈局
65292764-106f-19c2-5238-8065624aabd5,不了,不了
652a8e29-a450-417b-11ed-9e9662be136c,现货,現貨
652ac968-aef6-484c-ada7-f77a3999a24e,绳子,繩子
652e0dbb-6913-4e51-b446-064bd13c4f8e,员工,員工
6530fd7c-c486-4798-9d79-a2075a057c14,内阁,內閣
65325291-9556-4898-8f70-74ff8cd6877b,建造,建造
6537b6b0-c946-47d6-9eae-d30ff06197da,设计,設計
653b3df0-3e17-97ef-4cce-cb2195529933,我国,我國
6540da70-5db5-8c09-098f-c7e5d9ee838d,弘,弘
65411bf7-6f10-3fcd-b174-d5d8f331e0d1,一点,一點
65442018-3894-e329-a13c-6b492a81d439,有钱,有錢
65485f7a-e42f-56dd-bca4-334074324538,现阶段,現階段
654aeabc-430d-40f4-b923-4b7d8b6e9b6c,急需,急需
654ea4d7-48eb-4809-9201-d8e74654e4df,避免,避免
654fac50-3b06-8225-d45d-ca58c49f73ae,答,答
655456d2-2858-4f96-0cf0-f1c938809cf0,本文,本文
655805fb-aca1-4744-a4a2-5375423ccd9e,闪,閃
6558c3c0-3b8e-481f-9535-7cce899b153d,诱发,誘發
655ddf86-d0d8-4fc5-ad09-d9db3ae9a298,包容,包容
65620b32-46e0-46e2-b5e9-23484ae61654,报名,報名
656fc933-76db-2283-5591-dc5de6dc9b6f,哑,啞
657a772b-74ae-443f-ab21-5cb91f3132d7,鬼,鬼
657b32dc-f010-d5ba-25a4-1ece4885b095,后门,後門
657c1f20-607c-08e8-bfbb-a807b1762609,砂,砂
657de33b-d5d4-4efd-b160-eeab13b2e32a,音乐,音樂
6583d522-0ec0-4c73-88b2-1134cc16834c,炸弹,炸彈
6585f358-9b5d-4ccd-9d41-47f55f731f4d,突破,突破
65903cd3-3fb1-49ae-a313-f04be61c2138,塑料,塑料
6591e605-a2c3-472b-80a0-90fde1e2aeb0,风度,風度
65960f73-18f7-4471-aa73-fadeeb2ccdc8,内衣,內衣
65978232-06bd-b113-dd95-081c687e0540,百分,百分
65998412-467b-e7f7-dfbe-b468f357551c,右侧,右側
659c1a5e-c791-4315-977f-e396c90b1b39,血压,血壓
65a1b2e3-a1f1-4a65-844d-aedd1210df42,迹象,跡象
65a8dfcb-47ec-2900-d297-bba375ece2bd,辟,辟
65ab3855-276c-d7fc-7cf1-0af54e8153d5,同时,同時
65b1040d-e020-ca47-bf5d-25c767a139e9,膏,膏
65b57124-0201-4120-9cfe-20bdb9c47602,英雄,英雄
65b8f324-376a-42e7-982e-d5b0a5b335df,双重,雙重
65bc0f04-500b-351d-3419-46d277285e19,缚,縛
65c82941-eb94-4aac-9a2c-0d02608bba95,重申,重申
65c9d25a-92ec-4909-b346-0ad6fb09503d,表明,表明
65cbf96e-2cf0-4e5f-a90a-e8a3bb8d4507,完了,完了
65ccdafd-a802-4c23-8189-a0f1ac6ceb82,驾驶,駕駛
65ce3554-56d7-4e88-9abe-e84ca5fde289,公关,公關
65d262fc-a188-473f-ac8d-806512b76e1b,开学,開學
65d6d6ae-d5b1-4e21-9df3-7f33a09bd79f,海关,海關
65db4f17-2a0a-4729-5727-0749c60ba7e1,好啦,好啦
65efe0eb-4f88-4e2d-93d9-edf1a0a1ba66,目标,目標
65f16aae-0229-4062-a6c7-1d73fa7874b8,显,顯
65f24b35-a4ef-9ccc-fcf3-26ccdc517821,少数民族,少數民族
65f5927a-0491-b18b-7e6f-330b5d977f56,貌,貌
66000ec7-bfb4-30f6-59c2-2afa827bce87,南京,南京
66009902-46ed-5d81-ec65-54dac306132a,新能源,新能源
66079e77-6e0d-4aff-bbcc-77c037590881,该,該
660981e8-45b6-422d-87be-9eb5e1cb5583,自由,自由
6610119f-ea3d-7e8c-1302-b180b672abb2,外交部,外交部
6616f096-a27b-492a-937d-57b51965ba2a,点燃,點燃
661ad86d-9960-3096-135b-7caed4c8f41c,闪闪,閃閃
662655dc-df96-9560-8a4c-4c70beacc719,口哨儿,口哨兒
66266c4c-4017-a143-e2bb-f25edb9b5e71,桂,桂
66429159-d1eb-4813-8b22-903830fddb7f,声明,聲明
6642d418-59fa-472a-84cb-3a103dc8d139,校长,校長
664f7c9b-6e70-3ad8-ed44-643fee9f5c75,分析师,分析師
6650712b-b256-a3fd-0b4c-bc67ef45f140,不单,不單
6655e6d2-c2c5-46fa-854e-a3f65a09437b,自以为是,自以為是
66578c16-e0d8-dbd0-f89b-ad1f992667f2,总公司,總公司
6658ee19-ab33-a8bb-2224-12b1235087d8,一审,一審
6658efe6-4b9a-1275-a104-d2a15b101717,陵,陵
666c9395-f6f3-45fe-9b71-d8a5ffd3ffa7,尸体,屍體
6671a7bf-8723-d3b1-1812-7dfce1d01501,突变,突變
667924cb-0a4b-55ea-c127-eb4a162b7e7d,无视,無視
667a864f-9593-495f-8bba-7c3000aefe5e,内在,內在
668491b7-fc84-4b4e-918c-46e2d74aa01d,英国,英國
66849a99-3954-c88c-e895-6abe46c5723a,人马,人馬
6688f22e-c4a5-5b59-9326-5c6fb8922fba,保龄球,保齡球
6689aceb-3d60-46af-b80a-08a5889355f3,天主教,天主教
668adf6d-1b8c-4d8c-b1fc-d934d3e3a623,大于,大於
66950acc-29b0-4d19-bbcb-9e5e3e352702,匀,勻
669a4b1b-1c62-1271-1de1-7cef3b024214,岂不,豈不
66a0b329-a45a-4ba6-aeb9-764e571a110e,关税,關税
66a281d1-7b9e-8cf0-a86b-592d1d698705,哲,哲
66a2b517-648a-a257-e55e-333b5d9137ff,昭,昭
66ade80f-d225-f406-4fee-a8d1891bbffc,汉,漢
66b808da-5d59-48ec-a794-c98b8cba555e,一代,一代
66b958c5-2483-43ef-99d3-9b37181f0caa,界限,界限
66c223f0-245a-4370-13c8-a8b1d3bf90b0,总决赛,總決賽
66c61820-2ea7-470e-9452-a6759dd79f86,基准,基準
66c7f5e2-69f1-b1bc-f84d-08a856e99e13,戆鸠,戇鳩
66c88ed0-0327-44c1-afd8-9b655d4ebe43,轻微,輕微
66d16576-aa12-2c76-bd54-39fd3c0061c7,兑,兑
66e2314c-1428-4db7-96e4-3122776243ab,猛然,猛然
66e64a5f-ffb5-446d-a8e3-deb87b8869c0,作品,作品
66e990e2-6a8a-4d26-9491-6d0eb8bd9064,加油,加油
66ecbed7-4998-a7aa-7f18-76937dafb475,拾,拾
66f3131f-2e1d-4d69-9174-627d7b995ae9,安,安
66f45e81-1935-42b2-a1c7-e6ee6f6f24a4,借鉴,借鑑
66f5ac27-65ae-40c0-b8ba-a830f4dc0cc3,刨,刨
66f9b57b-ed23-8435-aa61-6c098249c7ab,比率,比率
6700d293-5adb-416d-9dea-65b07a706967,早上,早上
6701cd06-b037-4a15-a797-48629379e79f,脱身,脱身
6708741c-5123-4e9b-a226-f565ecda1721,名人,名人
6708aa08-08bd-4c9d-902b-319ef3cc2d43,艰苦奋斗,艱苦奮鬥
670f5740-3e15-8442-18c2-2547adb713e2,骨灰,骨灰
67104169-097d-440e-a94e-fff6c32d1917,不准,不準
6714a988-a01c-48b4-8aa8-bdccb8056001,放置,放置
671a7978-4b19-4ef5-b278-7491bb64757b,丰满,豐滿
671de48b-4801-bda7-0257-e88d06440d56,失礼,失禮
67200cb1-070d-6137-433a-ee5f77efd5ae,讲紧,講緊
67295ead-2a1c-7b2f-03ea-f580a3868dbc,迅,迅
672970fb-66cf-a3e0-7792-775ae9403dca,公安部,公安部
672d5565-0501-41c7-af0e-412edc09b63c,曝光,曝光
672d58d2-957f-c82a-36c4-01c0d2eaf459,民政,民政
672f6333-c369-47ce-8b5f-8d58cbdb6b7d,幕后,幕後
672fb690-c779-6eec-3305-979ee560bbf2,唔记得,唔記得
67387e20-c8dc-164c-b076-e6f39eb46fa5,有冇,有冇
6739b5e3-504a-4549-9264-1e18975c8da5,去年,去年
673eaf45-3013-c5a5-440a-d518b8099261,勾引,勾引
673f0f3e-1858-4b01-a465-3cfef6eb0bc1,尤其,尤其
67411925-5720-40a8-9d5f-a787bd53ce27,谈判,談判
6746fd5e-d227-a40c-5d22-ce325508569e,寂,寂
674bcc7d-781a-49ea-af8a-29955868dbce,激化,激化
674df65b-b0bc-407d-ae78-5bcf7d131e33,使命,使命
67533261-0153-496b-a728-bebf92ee8fe9,酱油,醬油
675496c8-76ed-8eac-6aea-375a2bf1aac0,作案,作案
675abdaf-9e30-39fb-3dc0-4990f149e8d0,橙色,橙色
675c318c-e527-7b82-f4ac-4e811ba9dd9a,遵命,遵命
67661972-3698-455f-97ac-4d388538e047,偶像,偶像
6768974a-fb76-4083-a6f0-0f3072a3bd80,仿,仿
67691f6f-e53f-b931-9ab8-7d9000a3a22f,怔,怔
6770c1b9-8e57-433b-8006-b1d7952d19b7,信誉,信譽
6774c9b4-4a79-4fea-bd08-e0ee5e055ada,踪,蹤
67763eb3-ceaf-4a3a-8eff-795a4c8fda80,草,草
67795846-4e3a-6d48-d72b-6ef0e454a858,滑板,滑板
6779e498-6907-4af9-5f0e-3a8e99343a09,目,目
67815df4-048c-4c41-9b67-98109f43721b,逻辑,邏輯
678a99e5-0c5a-4a4b-a9d1-1ce2684a91d1,章程,章程
678b0e88-29e4-49dc-9e61-f47fd5f0f077,更衣室,更衣室
678ed120-bcbf-452b-b70b-19de66c034cb,存放,存放
67956706-5c44-4e83-b70b-481feee5f642,穿越,穿越
679b6e3e-01d2-4b2d-9ba6-5578af8bce42,不停,不停
679d39c6-8dbc-4f5a-aa0b-e718f6748e2b,食欲,食慾
67abdc84-edbe-25ae-b2b9-fd09851a0bea,离,离
67ad84e3-74ed-4897-aa27-243c49aa9ae8,下次,下次
67b1d130-30bb-3b24-03d2-1e5606384905,寻日,尋日
67bb1c57-6603-40a3-94b6-035ec0c865b3,网上,網上
67bcc7f0-91d5-4769-a426-2ff80eb6c050,偿还,償還
67c2fe36-90d4-6743-6d6d-8d219eabb899,投标,投標
67c84341-0e56-4fc7-8ec7-240fa7bf48c1,争论,爭論
67c9ceaf-1d37-ccbd-4703-6b248bae863e,跨国公司,跨國公司
67d7119c-32a9-aa05-abde-d4d138a15710,浪潮,浪潮
67d872e9-44e9-4c2e-a706-5d8060b3961c,精美,精美
67d9397e-b815-4276-981d-db26cc5ddfad,可信,可信
67dcfe53-ff95-4ccf-8c4a-e1ea9628103e,照办,照辦
67dda5bc-af06-4287-a3db-4a950ffd7897,其余,其餘
67e23bb9-59b4-d613-8e27-35a14f8ab77b,鸡尾酒,雞尾酒
67e4a803-1b0a-ec5f-b3f4-16f0ea0a9d96,迈克尔,邁克爾
67e6ef55-1f9c-46a3-b03f-5fc888ae9faf,播出,播出
67e8badc-0e18-444e-922c-4e68e42d32cd,聋人,聾人
67ef7586-1d93-4733-8013-0bc8925cb172,星期天,星期天
67f0aaf4-2639-4163-bd9b-6669b7fa1c3d,继承,繼承
67f47c59-c773-1807-3dfa-cd60037eceb4,坏死,壞死
67f4d7c5-49a2-446d-89ba-af141b00d08b,隐藏,隱藏
67f70e8b-44b4-25b5-e9ae-99981482d355,姆,姆
67fa92db-6376-481f-8867-1cee8d5f9fce,消,消
67fdf553-94e2-1b97-89da-7e0b1f362e1c,艺术品,藝術品
67febf4b-2e6b-e60f-00c4-af7df310abd3,长岛,長島
6802082e-2951-451e-bb81-25df4e58d9d0,城里,城裏
6802bab3-b51a-b200-d5e8-a74e83e53c26,缆,纜
6803bc7f-b9e7-fcba-bc3e-b17842d554c7,龙卷风,龍捲風
68047b54-de6d-42a6-a65a-39ceff17d335,夸,誇
680b8c7e-9d72-9f26-f284-7d5307096c4a,夏洛特,夏洛特
680dc9bd-7292-4962-a8fd-0760ce4403d9,饲养,飼養
680e64e5-0331-c747-dde6-626a070cb1f8,周围,周圍
6812a689-7ebc-6282-6458-c5f35b033d45,期刊,期刊
68159f66-aa81-419f-9566-a1eded907233,清洗,清洗
68181f34-3a20-78f3-69ce-105690b79978,享用,享用
681a2a12-4af9-4934-9f6a-b26eaa173d89,车祸,車禍
681c651d-265c-41bd-a57f-0e469deb866b,忙碌,忙碌
681fe7b7-5f40-6dba-a736-953747303897,持平,持平
68280e48-64b1-848c-1b3d-c039142b7cce,旅行者,旅行者
683abea2-2ec4-b7d8-0b4f-adc0d2f1fc4a,暖暖,暖暖
683cba1c-9f07-b803-ac5a-8bac4e65a637,抵,抵
683ce16b-96da-d99f-8cd6-ae6198c93e3f,正轨,正軌
683f16c7-4294-dab5-7b14-5f90db7d74d7,婆婆,婆婆
68451c13-000c-4607-bbe9-b2992278d889,板块,板塊
68510ff3-8923-4936-a8ae-52289752664d,薄,薄
6851db3b-b040-427a-b978-e363405214c4,聚集,聚集
68563a81-c306-4d30-8815-f3b4d19a67ae,毫米,毫米
6857b898-6ac3-b5d9-4fa9-e5584c21648e,追po,追po
68589e1e-5227-4648-8ca3-f1b2ca03f597,下手,下手
685f96aa-5377-47d6-a3eb-ec98045f1b2f,走近,走近
686063d4-9cf8-50ec-6fca-7a191e25319e,长,長
686264c9-e54f-ab1f-63be-c8a46da92ebe,降落伞,降落傘
68687434-af2d-aec8-866f-030773183757,么,麼
686a62f3-d9fa-470b-8d98-d5be4066e08d,创业,創業
686c2d38-b240-b722-60a5-38f38ffbf7d2,政法,政法
6871bc35-ce7f-47ed-8715-c6393b43224f,路途,路途
6871ec75-8a11-463d-ab1a-69b71288a1df,多数,多數
68747565-490f-4ee9-f9fb-15705a446619,坊,坊
68767b7a-2e8b-4403-aeaa-340658dbe243,公元,公元
68785f43-495d-4ca4-b0e2-f3e6cada55d0,示意,示意
687c1eee-b98e-4d95-bad7-4b173d3e2789,雕塑,雕塑
687dd010-2539-444b-a090-4a29dd01ed56,废话,廢話
68820e25-29db-0f0a-7dbb-d45b06878466,绊,絆
68851625-bf2f-5711-a645-6afcf329a329,予,予
6887779e-ea69-4980-ae1e-dc53bca92131,强行,強行
68884f26-4aae-47c9-bf43-aae4173f04f5,声誉,聲譽
68907dbe-3e89-4240-be3d-2d6ea9381e75,棍子,棍子
68934978-5e72-43a3-8fba-3f8e2a478d62,鼓掌,鼓掌
689878c7-fae7-41cb-b077-46bd73c49d22,岁月,歲月
689d7247-138d-45c7-9fc4-ea4ac5625a10,晚会,晚會
689f953f-5d70-4e2f-a7b0-dda70731e788,歌曲,歌曲
68aa9d29-fa23-59b5-133c-0552317900e3,废弃,廢棄
68b6a7fc-62c5-24d8-aa12-2f4dcb723f7e,悄,悄
68d05153-3802-e205-65b8-9b03cd02cd96,金币,金幣
68d139e4-3c0f-468b-872b-cf09c805e6b7,恐怕,恐怕
68d4cd36-b618-4f0b-9558-1d6708ec9d98,醒来,醒來
68d4f112-2a30-0db9-7055-e646b89cb35a,样衰,樣衰
68da6e85-dd2a-4837-ad0b-cc3d33cfef19,口香糖,口香糖
68e89f59-746b-48cf-afed-6db3463347ec,爽,爽
68e91d75-d866-4a87-8437-8f17546703bd,开除,開除
68ee2d94-7ee8-42f5-a2de-24310b3af1d7,自负,自負
68f0c6ac-3be8-453d-8344-9d71aa9843ff,太空,太空
69037a2c-467e-41dc-98d3-6d10c9f51138,发电,發電
69038739-ce18-4d6f-a17a-5f19301db33c,身影,身影
690c2c2d-b859-4e78-81cb-ff38bb1d29f6,音,音
690fbb1e-42d2-45f2-b0b5-eb2ea61ae357,形象,形象
690fe2d5-1cb7-90a8-6f80-f6eed8d96efc,念,念
691085ee-bc0d-e8f1-312a-fddc87f0feef,手铐,手銬
6912306b-fbed-32b6-5739-dc730ac564a1,使用权,使用權
691fb1c2-20a4-47d5-80f9-01352df8727a,球迷,球迷
69215c10-f5b7-4a8a-8e2e-ee6f48897a44,深远,深遠
692cf9f2-cf64-73d5-8320-26d79a6c158d,燕,燕
692fec19-1565-3741-ed05-1d0937269979,裂,裂
6934ae99-ec93-48fb-ad6d-a4c33e7c31ea,推荐,推薦
693a9cc8-447e-a2e8-2144-325d54c36717,行踪,行蹤
694506a1-e4bc-4166-9e63-71864ed8bf6f,夏季,夏季
69488eaf-2ee8-4979-8006-32e4c1a1b9c9,听力,聽力
6948c7c6-10ab-20cb-2b38-bda0a3f960f8,绩,績
694c1347-477b-49ac-a52b-e09ce6adff94,肝,肝
6961180b-82e6-e445-0ffc-693b8c3d4c11,先得,先得
6964b4a8-67fe-f055-ee0e-bdbef49fbfc7,还好,還好
696be376-aaaf-f065-6d90-b869a63bbf1c,不幸,不幸
69745c73-cf21-0f3b-b26d-762aca009cf3,来者,來者
697cf0f6-7c41-4d7d-8e1a-4c31250fbdcd,审查,審查
698081a3-5467-473d-a89f-81e5a5798e88,撞击,撞擊
6980a71c-aec9-bc3c-f7f1-f78f93effbe5,纯属,純屬
698186df-6263-4864-99af-03cf1e328567,肢体,肢體
6982ab0f-fba2-42d0-a5ce-0fda979556c9,先,先
6982c380-7cfb-4dee-b678-cd68a0adae6a,目的,目的
6982ff9b-5782-78b5-a040-a42a42ca1667,挺,挺
698322d9-791b-ac65-aebe-74ff2c9f7b32,戒酒,戒酒
698b95ba-dce9-4968-a817-6b89060abb3f,老朋友,老朋友
698e17f0-de6b-4395-a950-5279a41f4e03,讲述,講述
698f1a03-d7ac-421a-867d-7e7d0eb910b1,粗暴,粗暴
69932b8f-b0cf-4be4-b8e0-9edb97f6e4bf,潮流,潮流
69a40084-b83c-c26f-8620-57c29429cf05,佳,佳
69a4acf6-dd26-c6c1-8822-2847a52cd2c7,柜,櫃
69a98573-6d2c-491b-b89c-6075bda4f7d2,爸,爸
69adfa79-4cce-07e1-de0f-e6200c9a487c,名,名
69b17137-176f-1517-9a6c-70a8a53af65a,十月,十月
69b46e7e-826c-4841-9411-19afc77a3db1,傻,傻
69b6cc3b-4800-3bb6-3f0f-941c722cc4f0,毒贩,毒販
69b8cdf3-88cf-4f40-975e-3ec0acd53605,礼,禮
69ba1e63-13ac-4672-a81c-de0a61711e9e,遗忘,遺忘
69bab07d-42c8-4c78-9ffb-c7570c7bc939,麻痹,麻痹
69c882a5-4527-43ec-bee6-eef4384eb4d3,天空,天空
69d0a8f6-fd10-433f-9580-4f1f6c95c083,颈部,頸部
69d3c7f9-9fd3-43c6-ae96-9c13e927a5fb,大量,大量
69d45abf-1ac1-4ef5-8c79-09313a4c2ee4,占有,佔有
69dac6ac-1aed-3ee8-c061-c937a8528ad2,艇,艇
69dc2a19-c8ce-eeaf-d43c-12a1566f5db1,为咗,為咗
69dc4a09-3a1e-1258-7194-0ee5f4c5a92f,隐,隱
69e1f6bb-dc91-48ee-8968-fad2e02d5ed7,僵硬,僵硬
69e86584-af92-9c7d-d4c9-cbe35a8b27ba,芒,芒
69ee2365-824e-45c9-96e8-61224d32199a,扩张,擴張
69eede5c-26dc-afaf-32f3-8a74447ab959,日圆,日圓
6a0114fd-d1ef-acc4-9cbb-9052abcfbddb,吁,吁
6a01faea-764f-424f-a530-719eb46c408b,违章,違章
6a04e87b-8bcc-4492-b11c-255933720f3c,怀里,懷裏
6a06c762-5a22-4eed-a2e1-5d070fe23e61,近期,近期
6a0aaf60-d932-88cb-2801-37e6ecc56bbf,特技,特技
6a0fe77f-16e0-4238-a960-881872355659,有害,有害
6a13cd9e-2497-9e3e-8f04-a72dc1b15fe5,坏,壞
6a1ecc01-ad7e-4f8f-a400-42003d7da2c1,顾客,顧客
6a27be34-7b59-47e9-880b-25fac789d5df,时常,時常
6a28ca59-dd9d-45db-825f-dc05a1e2b387,集资,集資
6a2c8573-d012-478e-b918-e1bae147d603,戒指,戒指
6a2e7e31-36bb-45c2-8632-cf32cee5e4a3,顺差,順差
6a32dbf4-8a2c-6892-0f6f-0072dc03ec2c,通向,通向
6a36bdfb-c036-2c6a-2f47-c00e975a9a0d,粹,粹
6a4021a5-6c51-a780-894f-f49c1bc3dc44,以至,以至
6a440962-75e5-4cd5-a0c6-6649b0cab7c3,扣除,扣除
6a4e84c5-50e3-45be-952a-39c3e3d5a688,小心,小心
6a4e952e-0d3f-4e1c-8bad-0bfcdae1b8b0,忽视,忽視
6a5661f3-ed36-00b5-c32b-71b9891ade69,较好,較好
6a56e43d-bed0-4c11-8af2-d8fe2882db84,绰号,綽號
6a59f31f-8088-af85-4cf8-9b4a4ce35ec0,二十,二十
6a615599-9003-4e93-9983-269c4d9c4f3a,小组,小組
6a6539c6-229d-4d84-af04-ea88017dbe67,流浪,流浪
6a689997-ea6e-43c5-b131-6c47bddb0c7b,响起,響起
6a693dcd-0867-4494-bb8a-829ad2019381,盟友,盟友
6a69ac83-f44c-4cf8-8257-be6442379c67,实现,實現
6a6c19d2-879d-159a-ce61-e1c7e12b5b71,解放军,解放軍
6a6ca92d-738a-f75c-051c-f96864003e39,夏威夷,夏威夷
6a718481-33db-426f-820f-9960c6d9dfb4,风暴,風暴
6a8cd6db-9552-4d58-a5a5-1b1d567db757,倾斜,傾斜
6a94e325-6403-fe9c-0291-e9e69adf8cb3,身手,身手
6a953fa8-c7f4-b8f8-f588-94b5997ab914,重要性,重要性
6a95f98b-e41c-4466-94c4-45095d89bf4b,成长,成長
6a96ab76-2641-71a8-244b-9968993bb23e,勘,勘
6a9eb46f-8a84-4c4f-8437-3e897677f6e7,爆,爆
6a9fa1f6-a213-4368-99bc-9acba4da004a,往返,往返
6aa4ce2e-4044-413b-8866-d2a31081033e,单,單
6aa90b3b-0f64-f241-150e-05bd78c38bfc,悉,悉
6aa9efdd-37be-40b5-8215-4de138491f00,关系,關係
6aab21c2-0d33-4a42-b879-a56684a15548,失利,失利
6aaee5cb-34f1-fbea-b004-07e4ba0ee0d1,然而,然而
6ab0e805-e63f-979a-4a17-bdcfbe3e9483,长袖,長袖
6ab1c7a4-ddd6-9042-07fc-47b7ad4c9f8f,手稿,手稿
6ab2d933-5734-a162-5c33-e214f977de19,正中,正中
6ab42ee8-5bad-4b56-a769-8c51d1e5f24a,老太太,老太太
6ab6ce5e-f047-eaef-7e37-94512e91eee7,迭,迭
6ab87ab3-a920-673a-d4a9-8fdb07ec9b95,咻,咻
6abb0002-cd95-4978-95c7-26d413a0db6b,疤,疤
6abbffb0-d662-3566-dd27-5a2ea7a832a6,峡,峽
6abcab08-f178-48ec-f93d-d3e59195bf8b,屋企人,屋企人
6abdc323-e4fd-4fe0-b2ca-d85ee19702ea,赛跑,賽跑
6abde1d0-fcd8-e229-926a-dd398d386c71,河南,河南
6ac12e87-b375-4e23-bfa7-d53aa5e63ac0,不堪,不堪
6ac9fdce-8100-489a-af4a-f80275043a6a,挖,挖
6acebcce-6025-4dee-88c1-80fc7fe25c63,来回,來回
6ad08841-5335-44ef-bc32-11404de9cf07,单身,單身
6ad60830-c511-17c8-2880-2ffd5d3cb255,胆固醇,膽固醇
6adb20e4-1c7f-4414-05ea-a44304965a70,出面,出面
6adc77b0-0795-4ede-9b00-1cb3fae6c843,导演,導演
6ae45c5c-c817-3ca2-560b-6054cd674188,湖边,湖邊
6aebabe4-944d-47ba-a26f-b352b946a0c2,总算,總算
6aebe0c5-ace5-4a60-8669-624250367b9e,严,嚴
6af24efb-926d-4189-79cb-54df362ade56,广东话,廣東話
6af58fb9-ddf9-44c4-892f-2f38e4176349,智力,智力
6af6c423-da54-4650-b5ea-f7372c5c2259,气体,氣體
6afc16ad-0a8f-4f4a-b861-a7f3ef265bcf,举措,舉措
6b031f29-6d0f-4e3c-8222-ac9407d5fb00,假日,假日
6b049b90-6c4a-43fc-8a8c-14e961918503,季军,季軍
6b1026d4-3cc5-59dd-6f0b-245f04493895,家姐,家姐
6b13dd44-2745-4988-b4b6-67cc2e328684,制造,製造
6b15cf9a-a6e7-64d2-73a1-e219c8cdec6d,辜,辜
6b183448-0b00-076a-fec7-076d57731139,餸,餸
6b20ea5b-62f7-84b7-757b-f9e4cf1e52de,房产,房產
6b255523-598c-55cc-54a6-0966d4508f95,鱼,魚
6b29611c-a3db-44f5-9964-64975333facb,默契,默契
6b2a66b8-53d5-1d4f-076c-82eb0ecc75ed,盘,盤
6b34cbaa-0976-be4f-6259-8bf28fbcef86,录,錄
6b42c97a-9c29-420e-98ed-7f80b753aefd,搜查,搜查
6b458af5-ad7f-2791-1120-24a4b7d98a89,对劲,對勁
6b509596-938f-4731-803e-5d12bd842059,高尚,高尚
6b55a76b-9ad1-4810-8846-e6c409ccab02,筐,筐
6b572694-f92c-48e7-af4c-653b28703b1b,舍不得,捨不得
6b5bc5ce-e5a8-4ea7-b508-cf555bd0d734,原来,原來
6b77cbcb-97a0-4694-a4a2-6e472f45c6ff,衰竭,衰竭
6b80dabb-9d66-4524-895d-ef54dac64f08,舞厅,舞廳
6b836217-d79a-444d-9430-2c9062c734cf,供应,供應
6b8c06e2-9cc5-1871-8b8c-890a2f3d617b,域名,域名
6b931049-ea9e-480e-a342-b79e4429a115,海湾,海灣
6b94f329-cd05-4ab6-9991-5b8650a870a7,施加,施加
6b9e3d17-2e0b-4d6c-97b5-11f1f7877530,不利,不利
6bb644eb-a092-260e-4b73-52e168ea8911,骑马,騎馬
6bbcb6a8-97f5-4a1e-bf96-9f0119be6a3f,重建,重建
6bbe6526-e98a-14da-23cb-73add603adc3,唔同,唔同
6bc0aa04-df86-9b57-c0e7-a3c29209cca2,甘肃,甘肅
6bc321a0-2e01-d20c-1977-d3ba3024c841,伶,伶
6bc7e379-5544-e8b4-d2de-69e7f5d00fe1,麦片,麥片
6bca8029-d2c5-8d3a-2d6c-f19dada07e68,买入,買入
6bd1976e-cc9e-42cd-8857-36b99dac71da,代表,代表
6bd4b188-12c6-4c91-ad50-057228ad5307,暴雨,暴雨
6bd9abdc-a947-06e6-34b7-7ab9d3312c9c,出色,出色
6bd9e0d2-746a-4fb5-8b06-cf2d34c652ae,事实上,事實上
6be1fafd-8af5-45c2-a8b1-ef1802e3d82e,骗子,騙子
6befb037-9a09-a3e8-c5d4-263f83697d3a,沦,淪
6bf1c88c-8415-4bd8-b2b3-f5b7c2a4ce36,金钱,金錢
6bf2fe7b-f85c-bd81-e91b-f206205297a4,驰,馳
6bf34f61-5c1e-8bfe-b1c7-30b1ba1cdfb1,胡话,胡話
6bf5d261-505f-1c99-a5e3-02739e7aa372,有价值,有價值
6bfe2d84-19fc-480b-bbbe-b4fdf3b63fba,优良,優良
6bffdadc-40ea-4667-ae84-3e68e9c93eb0,战胜,戰勝
6c014cfc-5898-36eb-d2ff-5921036540ac,观音,觀音
6c054ed3-da9f-4c71-b45d-f7545831455d,讽刺,諷刺
6c07be0e-0df8-4077-901b-6442315501bb,楼上,樓上
6c0c9822-2c0c-46c4-ab04-02b34dac19e9,规划,規劃
6c11ea85-9484-5456-c11e-906923988aec,来回,來回
6c17f6bd-4721-4d93-8423-eed006476b85,趁,趁
6c1bfcc2-2265-fdad-01c7-82101114a55a,中日,中日
6c1c55b4-11a6-2509-5076-25b9d0bf1d6b,草根,草根
6c2477b4-a51d-44a5-99d6-4de304ff2825,优,優
6c24fc5d-2fa2-dc99-713a-f4500a2004a0,溃,潰
6c2742ad-a394-de32-00c6-48b6900abb55,领地,領地
6c2b13e5-4013-447b-ae56-7531ea6ca3a7,活,活
6c31275d-d9a4-8bfb-4f25-64c2c37f7d28,战,戰
6c32890b-5970-4e03-a925-d7867d11fb5a,超标,超標
6c35de8b-916e-4c0a-ba29-1df52a5d1e75,推出,推出
6c36b0c6-fcc6-4547-bd63-49f1972f0090,捆,捆
6c38d204-c09e-4eb5-84d5-efbcdc2fefc1,名字,名字
6c3eb136-7032-30dd-4c7e-9f1ff6016b4a,唔似,唔似
6c49fe8e-59ae-414a-ad6a-da08073f317d,缺陷,缺陷
6c4ec290-12a1-4176-85c3-b902e7009ef8,常规,常規
6c4fa9ee-8388-353d-5054-4ed55be6a083,班机,班機
6c593481-ad8e-f958-de19-080a4cec65cf,晚宴,晚宴
6c5a5c1a-298a-a597-fd8d-98bba37cbbf5,维基,維基
6c5dc88b-e342-4ddf-91f3-4e439fdc7870,被迫,被迫
6c604b83-283c-4fbc-8780-589408ca5880,西班牙语,西班牙語
6c60ba5e-3986-4ff8-bdc0-1ea4db7c0b6e,且,且
6c635e53-7164-4597-92ae-0eda52399bb0,豹,豹
6c677a6d-754d-bfd2-0017-d18941ce9492,悚,悚
6c6c223d-0bd3-44f3-b5bb-c80f2868a077,说不定,説不定
6c793b1c-0d71-454c-9e90-2326e4eba2e9,长达,長達
6c79a6ce-d041-4d54-883f-4f11d99c3121,破碎,破碎
6c79ef71-4a5b-4b0f-9f45-1af23fa06a2d,特有,特有
6c7c92f6-0dd4-cc17-9099-20efeed0b744,华尔街,華爾街
6c7dbe8a-c856-4748-b184-e06062200d98,小于,小於
6c859dac-830c-4f09-9b26-2fa63e437245,开动,開動
6c869a35-dd55-4b5e-8061-dd56f1a1f861,高档,高檔
6c8875c3-fb2a-c6cc-3407-bb56ffa012f3,语,語
6c8aa8f4-44e4-4ff1-a028-706830327046,救济,救濟
6c8f46c9-bbe7-4e82-8932-fe29951bd335,可行,可行
6c924e59-0aa9-0392-4b6c-8b2f51fa66e9,厦门市,廈門市
6c94f649-b9be-489f-88fc-b11677869371,之下,之下
6c96d89b-e1d2-49ac-ae40-aa25c57515f7,但是,但是
6c96e11a-909b-bd5b-9ddb-5b587b3a669c,小子,小子
6c9d79f2-3c26-6aef-a1ca-be8622f440a9,嘿嘿,嘿嘿
6c9f0eef-be55-4cfc-bb62-456a32a4ab33,需求,需求
6ca770e7-d3d3-1f81-8f8c-a4325c556f40,文革,文革
6caa95f0-82d8-4685-a4d2-e2b607115f1d,泥,泥
6cb7bc96-9628-4bee-ac7f-4471982ca173,厂商,廠商
6cbcad1f-e970-dc67-905c-7828ef026e7f,迷住,迷住
6cbfbc99-870e-bc44-f8d2-fa5efc31ac9e,高校,高校
6cc3a3b8-de00-4bb5-b6cb-586f62a6dd16,耽误,耽誤
6cc9fcd3-37ef-95e2-389c-f5af98a5d6dc,萌,萌
6cd32962-5ad4-4443-9ffa-3c4c07812ec7,咸,鹹
6cd8e907-e547-4339-a7f1-a11bd788d526,协议,協議
6cd94889-3b4b-d06d-1cde-87200c77edaf,交,交
6cdb6aba-3e24-f633-a76c-65cf8f795a25,游,遊
6cdc5d09-dae4-4227-aa98-366c0db0a52d,伴侣,伴侶
6ce06568-4526-4d7c-a244-4474caefc04e,问候,問候
6cebbac0-cdad-4b04-b72a-57aaa205e58b,严厉,嚴厲
6cf37cfc-a275-4e7a-b484-5053515a7c72,不要,不要
6cf38053-0865-4f9f-92fe-db00b789688c,以下,以下
6cf7facf-b709-4cea-ab0d-341ba7f42459,从而,從而
6cfa290e-e0a7-38ac-3244-3bd15c7fd783,守卫,守衞
6cfab1dc-2c12-3d15-1b63-df3d4c770869,容,容
6cfcb42c-c6f1-4641-b501-f79476752b2a,自私,自私
6cfd0cba-0e85-bb81-c2b4-a3fd74e3858f,勃,勃
6d088c7f-7ab5-4257-bf3b-4faf3cf8fc89,增多,增多
6d0a06d6-da5c-0955-8f51-551d40a65413,放屁,放屁
6d16f1d7-5119-41a8-ae49-ad1677d45bf0,加以,加以
6d191e0b-9973-2d06-e28d-61f75ba8517d,浓度,濃度
6d22eddb-1396-5f74-3fe2-b8a0533c6166,以致,以致
6d26a09b-19f5-4755-64da-5ba1afeda003,趋,趨
6d26b4b9-4ac7-4041-b5c8-4f47596c1c53,少数,少數
6d2793c9-9611-afd4-4a9a-513b5a2d6765,宁愿,寧願
6d2b5016-290b-523b-f990-d1769bc76e25,坐牢,坐牢
6d2d889c-b9ea-69b2-fc7f-d7e9084deb86,弃权,棄權
6d31c4ee-a282-479b-8ddf-805985b7faa7,引入,引入
6d32c89c-1afa-bf48-77bf-e42858cebf97,女孩,女孩
6d34fde2-f899-4965-b7b2-485d35029591,邮政,郵政
6d35bab1-c8cd-41be-8d48-d3f12c3a9f04,现代化,現代化
6d38839e-48d4-f366-38a7-fa8064f1c0e1,衣柜,衣櫃
6d3b975c-e4cc-4da1-804d-983e481a03db,胜出,勝出
6d3dae4a-edab-9bda-0771-3cd0a49dd534,分局,分局
6d3f7b03-4f4f-c0a0-e3bf-937c57b75ff2,吸尘器,吸塵器
6d41bc63-fc17-35f6-5fe5-fe900f89c22e,机电,機電
6d43b6a8-a784-408a-b030-65fb3004d558,明星,明星
6d44bb73-e742-abda-e041-2c1309ba523b,无理,無理
6d4bda7a-d6fa-485c-bd63-175a3db61bf9,功率,功率
6d4d1299-340a-6121-023b-41dabf7787f7,降,降
6d50292c-bc01-2286-98bb-6681428297ad,橄榄,橄欖
6d536612-9bda-4085-accd-afe26349b2ff,当晚,當晚
6d54f04e-667b-4483-97b6-345a780de526,扭曲,扭曲
6d5abbf7-067c-e006-8a5f-1acd32f135d3,不爽,不爽
6d5e042c-5d41-4f64-ab4f-7faa000ec43c,明亮,明亮
6d5fc143-c234-4cbb-a203-3729bb8c0d3c,登,登
6d644de7-f92d-4bc3-9645-152031c3b965,受益,受益
6d64ebd4-b96c-eb56-5ab9-69d7d835986f,镜,鏡
6d72e135-d252-4cd6-a08a-e3c0f9e69b9c,杂,雜
6d791912-fbd5-4ace-a98e-7645a6084e27,构思,構思
6d7c77ae-8f18-351c-f2b7-b1f20e64d8bd,帽,帽
6d8719cc-ddc7-4874-aa2b-71012ea52117,月份,月份
6d8b7a43-54ab-4f1f-86db-3f5eb96e9dbb,反,反
6d93fdd3-06f4-4252-bcee-3fcda8ee30d1,铃,鈴
6d9b2755-f031-49f2-821d-bbd3374e7e08,个,個
6d9d8d43-f74e-40a9-b118-763757c11a95,绝大多数,絕大多數
6da03948-59ea-e0b9-ff38-8b718f34bfa8,系呀,系呀
6da2fe05-75bc-450c-825b-59eebfc1da6a,运营,運營
6da53bed-cd4f-4b1c-9c06-49a2ae3d086e,关闭,關閉
6da7041b-0462-6ca5-9ec6-3fa38ae4196a,传,傳
6db4a935-925f-48bb-8793-6a87ab99fafa,素食,素食
6db58956-4d5d-4b94-b580-176327ebef8a,就是,就是
6dbd7fe4-b3b8-4929-9c8a-788111c58260,单元,單元
6dc2d701-a863-4887-864d-ece25d6b0a07,行李,行李
6dc3bcc0-e1b4-4aed-96a4-72fb2493a63b,严格,嚴格
6dc5a0ef-930a-460d-a4b1-56968039a72b,闹,鬧
6dc63e51-d3a8-cf0a-488c-3ee201b24597,命案,命案
6dc91e1e-4163-4d3c-a98a-950c3380e17d,净化,淨化
6dcab91e-25a3-460d-843a-179b15e2d0d4,拆除,拆除
6dce5394-4c3a-49c3-b4a0-8927f40d827a,上映,上映
6dd40075-e5b1-4707-862d-d61f8cd4c563,亲身,親身
6dd9b7d2-3622-4427-9e43-2a2e9a1a1529,跨越,跨越
6dddba20-76b3-6125-5360-52deeacd3b78,加利福尼亚,加利福尼亞
6ddf9435-26bb-d4d7-564a-1acaf8ab1ac8,被告人,被告人
6de0f724-6931-4ac3-bf92-cb9e1720132c,识,識
6de268d1-ea64-68bd-a84d-479596d03479,钠,鈉
6de52596-6dea-bb3e-5274-087b1c3af890,日日,日日
6dead4fa-ed9f-d022-7f07-c18fee4c4608,茱,茱
6def2146-cdfb-0efe-2741-8c18e347105b,仪,儀
6df20b94-999a-4bc5-813e-8bc405483a8f,从今以后,從今以後
6df61cd9-7b81-e360-7da0-64f2b6ec4020,亚洲,亞洲
6df9594f-1bb4-1ebf-11c4-504e8ac7af30,氛,氛
6e02dc6b-b5e5-48ec-92a0-91a593f351c9,安置,安置
6e03a6e6-6ab9-4475-bef1-9e50c7d1adec,生动,生動
6e064b87-df18-d806-f619-e5938732dd99,据称,據稱
6e067e76-a4eb-47db-93f6-d90309507e0a,往年,往年
6e08e461-6d2a-4bd7-8556-d1cc31f7bc1c,嘉宾,嘉賓
6e0d5004-7f45-4df6-a4f3-1f46c291e303,呵护,呵護
6e0dc630-174e-5832-8027-c0091a0ad28f,嘘,噓
6e11945b-f736-4afb-8153-0f7499317a64,按摩,按摩
6e155ba8-093c-446e-845c-400e60edbac8,原谅,原諒
6e15feaa-3208-407f-b434-5949469a2bbd,匹配,匹配
6e1d180c-6ad5-43cf-b106-708035254400,变异,變異
6e1d2151-dff4-4311-a666-ce13e38cf304,发扬,發揚
6e20df3b-039a-44e1-813e-66a562800c8b,身份,身份
6e25b043-a165-4013-a510-088efc1bd542,荣誉,榮譽
6e2fbdab-4ebc-467f-9e19-9d924145cc29,敢,敢
6e31b1b5-0a5d-9f24-df18-1adb5e2157a5,军民,軍民
6e3f995d-b2e3-191a-b20f-656c568edcbe,利是,利是
6e3fac5d-65d8-4c06-947b-43b5bf1ebf27,肝脏,肝臟
6e43dc95-a82d-1333-3068-598b218e7a34,欧文,歐文
6e4a104f-9e45-a01c-b56e-6384a2b6c711,僚,僚
6e4d9587-cfe2-24c7-f39c-77e1d6d464e8,咩,咩
6e5afad6-faab-47ba-bdac-17f364bc459b,坐下,坐下
6e6f2f68-1960-f594-c069-4b2c003db9cc,掌,掌
6e703da1-8830-449f-b203-492f66f7f99b,勺子,勺子
6e71cc96-427e-a992-8dd0-bb450c9e270f,天秤座,天秤座
6e742778-3fd2-298a-4b92-ef4441d4f5d6,配售,配售
6e8064ef-564c-ab94-4633-d667441bade0,邝,鄺
6e84e923-6718-4214-93e2-4ac52f586b0a,木板,木板
6e8fec6e-8a69-1a7d-7f43-4f815f8c7f52,方位,方位
6e95ac36-ac05-258d-681a-50279dbc8b15,明了,明了
6ea2e2dd-b0dd-43eb-a3d8-dd5b29a1ee01,紧张,緊張
6ea775fd-4918-4775-a388-22eb7dec81eb,抚养,撫養
6ea801c0-a075-4ed9-aa15-078c8d79320f,下载,下載
6ea82afb-44b0-44f0-8314-3884bb65edb0,什么,什麼
6eabd8b0-5eb1-7847-254a-718ce7b83469,好玩,好玩
6eae3c62-3afb-e482-48b5-384d5cb6676b,数额,數額
6eb47128-1cb2-b366-7cca-ab54b76872f3,额,額
6eb6c498-c19d-423c-b701-8add84cd052d,实用,實用
6eb86c69-6da3-044d-c4b9-3c9772add447,玩意,玩意
6ebe0e8c-dcd9-90b8-aa20-e245d2930259,宁,寧
6ec1ef76-5a08-4c4f-8cda-65dc9ad81a2e,驾车,駕車
6ec67d22-982b-5473-65f8-68dcb1b2da78,补习,補習
6ec814fe-c636-685f-0a41-5e50ffff131b,中国人,中國人
6ecddcc6-e863-4ab6-90c5-f54c63b5cd43,交替,交替
6ed75866-2f81-b204-816a-8b7baee7559c,抑或,抑或
6ed76df8-64c3-45e5-a89e-816ec9331501,轰炸,轟炸
6ede3f10-f9c3-a701-e4f2-b363100a9c87,流产,流產
6ee1aae9-e5c1-4e81-b164-4277d77ba135,多功能,多功能
6ee88fc8-633a-7269-2f41-e2fe5abec65e,布坎南,布坎南
6ef52d3e-6db0-4a68-b9b6-c76e6d3aa3b7,立方米,立方米
6f03df6e-4b74-51bc-8d90-4844f1cf95b5,流浪者,流浪者
6f05fd87-1054-40b3-a1cc-a879ffb6d875,传染,傳染
6f081fcb-a08f-4823-1ee7-f03b35332d67,河南省,河南省
6f08f1f4-a028-4e73-b4cc-561621f158ea,文章,文章
6f0c37e0-c597-400e-be4c-995cc89666c2,的话,的話
6f0da1f0-7384-faa3-08fc-c4a67edbeb3c,下半场,下半場
6f15dc22-3bcd-0b4f-05ea-6afa572f7b94,卡斯特罗,卡斯特羅
6f1a6228-5a19-91dd-291f-19c4e71aa2a3,惟一,惟一
6f1e44a4-fc5b-cf59-00d9-01a0d1991a38,漏掉,漏掉
6f2118f8-50ce-8cb9-e3a1-0b84e80aa049,沈阳市,瀋陽市
6f2308c6-5403-8b28-8677-f5c4d8d0ebe9,莲,蓮
6f31a9ca-c6e0-49d2-91c9-31f624badb43,比赛,比賽
6f3cdd7e-1870-4c20-86a7-53e43744d7a8,就业,就業
6f407862-3f85-4b58-b26c-59c6399654d0,路上,路上
6f40a5db-9985-5b7f-b339-c7708f3f646b,上下,上下
6f494b77-1f5a-c306-9ced-4efe5c6f1c43,精彩,精彩
6f4cc315-4c27-4314-b186-f81f12a86230,情妇,情婦
6f4e9adb-a7a5-7ebb-cb93-3c694f7e9fa3,写字,寫字
6f5382d6-70d0-4ed6-9310-0c0dd64a5280,交换,交換
6f55c986-0e49-8c9b-9783-31c1bca7e8c2,厦,廈
6f6b6b72-13a0-4ae3-9bde-3823f80cb992,精力,精力
6f6e1ae7-2285-434f-b772-d4ab4da7a885,高考,高考
6f752441-7ca8-4735-b38b-73390f7e7b43,湿,濕
6f75b271-9438-7127-a7fb-14679f689efa,未曾,未曾
6f77f995-8fe1-4e0e-8734-92d2adfb2b24,发布,發佈
6f794020-ebc8-9b7c-1802-9fdb58b82fc2,突然之间,突然之間
6f7dad9f-8b94-401c-abf2-210f734deec0,错,錯
6f7f6d25-e227-49ef-a1c0-2e8b3732dbee,剧组,劇組
6f7fe395-1a35-d073-d97e-5424771ba9ee,新闻发布会,新聞發佈會
6f817e7c-da7b-4e91-b462-71494fe7ded2,鼓舞,鼓舞
6f844e5b-f04a-4acf-abff-dfeeaa2e6898,打官司,打官司
6f8495f9-e1b5-4d52-8137-e64e645b0212,国王,國王
6f86a336-bc93-567f-5776-51f9357c843e,举起,舉起
6f871655-1f66-476c-81d9-3ce6084664d0,匹,匹
6f8a77d0-b7fd-7716-5428-aacda2a1c2ed,捂,捂
6f8f1524-c079-fd5f-2b4b-bb73f0c8a13f,从头到尾,從頭到尾
6f8f2e8c-9825-96aa-3ffc-d333d3a1260f,老爷,老爺
6f949399-7f99-4e4a-8143-95dcaa110948,异常,異常
6f9609b0-9212-a1fa-95f1-18b80e419e13,主队,主隊
6f9b0a97-0cae-42db-aa95-3552964957bb,岛,島
6f9ccee9-8130-408f-a3d8-c2b2bfad054d,挣扎,掙扎
6fa2345e-1479-e572-38f1-d753a0efff95,零部件,零部件
6fa46e6f-1e03-4729-92a1-63fae8cc131d,春季,春季
6fa4944d-e77a-4b9e-8549-417859192e9e,如果说,如果説
6fad98e6-4c54-4fd3-a0c2-90e1646ddc70,偏,偏
6fb3211a-dd14-0e25-1f7a-6988a8291457,奢侈品,奢侈品
6fb5e488-7ee1-0e0a-77ff-bfcd46951254,新华网,新華網
6fc2639e-8045-4940-9c8c-9c1f88528523,切实,切實
6fc48bd9-fedc-4698-9bb3-93b534483b9f,芭蕾,芭蕾
6fcc1c55-e446-48b8-b045-718140674728,巨型,巨型
6fd55589-9d52-a04d-571d-bb068d592f2f,嚟自,嚟自
6fdb05b8-6b3f-4637-ab83-b482758cefff,差错,差錯
6fdc68e2-a45a-e855-880a-76f485f3cd43,对,對
6fdd2ba8-2529-40a0-90a4-40f6e6eec759,早日,早日
6fdf500c-58d9-49d6-8586-68cbf8d3051b,细菌,細菌
6fe00cc0-bd0f-48cf-b1b1-a4a342e09d09,善,善
6fe23c0f-d878-43c7-ac7d-4fd230301711,产值,產值
6ff32d58-2118-48fc-b0c3-8a3236e903d6,股东,股東
6ffd5e49-4818-456d-a849-9f362d9c3b1f,气象,氣象
6fffc0c7-497b-4137-96d0-60817ba8e0ed,治安,治安
70002dfe-2f0a-d979-3cbd-6522668fe65b,不外,不外
700095bc-b248-4982-9e68-dbd1cceb0568,航空,航空
7006f40a-4fef-4f34-b142-9e0bc9cc1eac,来电,來電
70095d09-0d1b-44ad-9abe-8922b858a625,发放,發放
700c1087-6305-42ce-943d-adfb23bed604,位于,位於
7014fdb0-81d6-b5cc-d5ee-bf008a0a02d0,共产党,共產黨
701ce041-37c3-4942-a008-ee5af59e8dee,丢掉,丟掉
7021ad3d-2cc4-4caf-8c64-ba655963b73c,中华民族,中華民族
7025b38a-2d74-4b40-ab21-22d7196e1740,及其,及其
702b21fd-49c1-7df6-a741-2f6efb3237e5,造,造
702deb3d-f58f-42cb-50cf-2fd445fe86d7,勇士,勇士
70314777-8432-75c9-a02f-bef026073b22,水生,水生
70314c42-40b9-4eb5-9a16-73f332a6eaa3,吉祥,吉祥
7036d788-a579-bef7-6273-2b506f977845,模,模
703931f2-ab2f-98e7-a95e-8810f6735e02,女孩子,女孩子
70395143-1b21-b667-6f25-825f3f83a3d1,仿佛,彷彿
703d2a64-3fc6-843a-c0f9-59c5d21385f7,黑龙江,黑龍江
703d60c7-152c-c47f-88b7-a525e881f580,几,幾
7044a229-678d-4e0d-94db-28c0fe43e522,西方,西方
704561eb-1ab5-6916-9e0f-84f5d3ab180c,玷污,玷污
7045b027-b2bb-49d1-08c6-342b499556dd,影,影
7055abbc-c4fb-e015-7bc6-3f8e04515a0b,毒药,毒藥
70676424-dfbc-445a-a08a-fc652bef42b5,扣,扣
7067a2c9-55e7-4e53-a996-50b1b5fd434d,茎,莖
70714d0b-96e4-4698-acc3-4616fa46575c,主宰,主宰
707cd966-0fb3-3828-68f9-350dc1c56aad,个性化,個性化
7084e733-6536-466b-8b5d-61c6342e3924,神仙,神仙
708cdd81-c476-412d-9068-6bc9d5e0d281,职权,職權
7095b30f-e99d-4937-a06e-c14a196a0ed7,顺序,順序
7097982d-a00a-4642-a572-7751825f0715,学历,學歷
70985263-b1dd-4c94-9faf-1bec07b7a306,景色,景色
7099c483-dbd3-402a-8e99-0820b8a11e6a,水果,水果
709ef3e7-d4a4-4476-fcc9-2cd5c677155a,喇,喇
709f2915-a31b-3e36-e209-79ea45932f60,闲聊,閒聊
70a119d9-8c31-e5c4-6f46-49311341d68b,回头,回頭
70a27276-0aaa-4c02-8404-dafa6d383687,吵架,吵架
70a5672e-a807-28c6-0347-18e772377613,镬,鑊
70a8549b-1e06-353c-0ab2-8a1d2a718bb3,综合征,綜合徵
70b4ecad-1019-4500-9937-a9a1ad018ee0,一般来说,一般來説
70b64bf5-6b55-4fed-8bb2-105ab4bc716d,崭新,嶄新
70b83055-370e-4c9d-a5cd-635fb201faf1,划,劃
70c1b8e2-4432-4aac-913c-28012d0814a3,推测,推測
70c580b6-1745-d11d-9cf4-572387483aed,女王,女王
70c8e14d-a3f6-24ac-647a-73a5ee360714,车身,車身
70cc47a5-d02b-4ef6-8fe8-19446b2bf2aa,棒,棒
70d14c80-23ee-40a1-a378-9e8d8caa15be,立场,立場
70d314a0-4fb0-420e-8649-e42e1c8939bc,天下,天下
70da2b3b-1df9-4585-bbc0-360770c19f00,艺术,藝術
70dad8c3-60fe-dc02-ecc7-61618bbd2796,幻,幻
70dc695e-9048-40d5-8aa7-96874e29d25f,牙齿,牙齒
70dc8a09-d688-4c03-bcbf-4bc29433b1c7,警惕,警惕
70de3b9b-9794-44e3-a38d-ca47f24a3b42,忽高忽低,忽高忽低
70e09e64-4649-4f46-be93-1c3bfe068339,成人,成人
70e6087f-4c51-65a8-1ed4-66772f7b979f,离子,離子
70f0d309-8581-4b40-9e56-86bab175ad4e,国庆,國慶
70f23ba5-36c0-47ee-a191-fd88d6218236,相继,相繼
70f3d610-0743-4908-8bf3-234e12c4693b,进去,進去
70faaf43-3f80-dd03-290c-3440f744bc1b,诺亚,諾亞
7100f615-2fd0-8a88-da7e-05455fab9282,离去,離去
7103e1bf-9ffa-40fe-b6f6-0b328ab687b2,领带,領帶
710672f1-9481-432d-bd21-62bb44247fb1,尤为,尤為
710ad50b-f2fc-ecd7-7d87-679fc3f96808,外电,外電
71123ad9-6c0f-cf97-3fac-b7d2bc4ec8b2,森,森
7119f618-a1f5-ca30-6342-99e32c28bc9d,长三角,長三角
71209783-bbc9-4696-976f-8edda20ddc38,低下,低下
712773d2-2c62-bba5-dee4-d17822f47111,文笔,文筆
712b2a98-c8c8-08af-3479-196f6952e9b2,垒,壘
712b5297-7890-4d16-9128-57be97067a14,携手,攜手
712dee99-a4bd-267c-3a48-7f049fc34360,哄,哄
712f9e1c-ba5a-4351-b2d4-28cf82582186,自来水,自來水
71316b45-a705-847a-7ccd-313e7ba78ca4,出线,出線
7131e94b-5686-4980-9e54-75a854984a42,祝贺,祝賀
7134ba94-7445-9965-a9d2-309ddc48b3c8,扔掉,扔掉
713d6bd3-23c5-d2fc-5836-5b73368698b0,说服,説服
713e44c3-499b-4622-b14c-819dda33de13,邀,邀
714081eb-2c5b-7d62-1892-9e37e54b4a5d,文艺复兴,文藝復興
7140cfe1-ec0a-ee2b-ba27-c37d8fd89767,每月,每月
714133af-fbb1-6a48-1975-61935e85297b,扑,撲
7145a35c-1550-8503-4e77-069124b54b07,辽,遼
714830fd-b494-6b69-55b4-82ca6dc39c52,瑟,瑟
714fcd2d-9685-9555-aa85-dd272def5321,大有,大有
7151df7e-6d11-27c7-5d71-9aff797a309b,紫色,紫色
7154b8f0-0011-043f-e781-2598f187cd98,毁,毀
71551950-7bb4-40d9-af94-6701293b7b0f,立即,立即
715ceb9b-3a95-b313-92a0-1c9f53a195da,入股,入股
716846f4-6191-4c46-b344-a84ce065701f,高层,高層
716b8bf5-6de9-4f66-82b5-5a0dea78b91a,勺,勺
716d26c0-bf80-4a12-b600-87af0cc75d8c,怀孕,懷孕
7176bb80-5b14-4e94-8a5f-94cad7d12091,约会,約會
717904f6-55ac-4a4b-96c8-ee5ee5662a27,整理,整理
71791c09-d794-4802-8e49-33911a9f0ad6,北,北
717ac2d6-6088-9139-fbc5-2cb4f28205bd,侦探,偵探
717d1e10-7dcd-4b1e-a5ee-70da79085438,不曾,不曾
7182432f-958f-0640-f387-51dd0bd132f6,开火,開火
7187e39b-4e99-acdb-d12f-2e5f09ffcaf5,现时,現時
71972642-c9ac-48d4-b137-6909327684b8,谎话,謊話
71990d3a-07c7-7080-b028-dfaafd9a3ead,辨,辨
719c39cf-6aa4-4787-bc8a-0e8b51c5eb16,高血压,高血壓
71a0aee3-fb39-40fd-812d-08492dad841a,要紧,要緊
71a96429-7f41-1c47-74ab-97bab00b3583,颊,頰
71b64168-c642-4ce5-b20f-c44f0368a19c,吹牛,吹牛
71b85c80-dd72-4931-9a9b-e98dff5032bc,怪,怪
71b9a1d4-8784-eb84-b1f0-c8bfa067bb71,县委,縣委
71c540ee-f845-4750-872c-cbd9d4153c99,平淡,平淡
71c80b9d-af6d-64e2-32fe-9d024a3cfe34,回到,回到
71ceea2b-d45b-d10c-f319-8df33de21447,上半年,上半年
71cf95f0-120b-4cfc-9bcb-c02175bc6291,遇到,遇到
71d63177-5881-453e-8608-419fdf8128a0,酒店,酒店
71d8639c-f06b-42c6-ad4c-d9d4e11873fe,演讲,演講
71d9a46a-477c-43a1-b0c2-a90563ba3b1d,催,催
71d9ca4a-b685-4f00-bb82-9ce5614f3cc5,分配,分配
71df20df-a0a1-4ca4-8723-6ac6ff45142e,宿舍,宿舍
71e43b88-4c17-6004-b82f-ca35ff6dbd35,欢,歡
71e45307-61b1-4492-9b77-7106eced9cee,比如,比如
71ed93b4-5730-2dfa-c803-f1715fadcbf4,公开赛,公開賽
71ef67bc-c7bc-7b60-c93b-82aeaa98e2cf,大腿,大腿
71f0a856-9264-d3e1-08ba-e78c0d524aa2,厂,廠
71ff9d2c-4484-5e86-ba89-72a157dd9692,势,勢
720283a2-a5dc-b27d-cfd2-ea2e8104654f,记录,記錄
72080555-30ad-48e5-b2a6-fde916ae9a85,粪,糞
720a826d-1b35-4f02-92e6-5c8e5f2b5e54,社团,社團
720a9623-c84f-2dc2-f6a2-6ef5fa716c5f,争霸,爭霸
721a02d5-7b84-6d0c-ec09-6b18ff3d4bb1,四川省,四川省
721fe573-c331-45e7-800f-6452303dccf2,后方,後方
7221b53f-6e1c-4b5f-b303-a410f2065233,草案,草案
722217d2-91b5-1db5-6601-7e3e70cdff70,想来,想來
72244023-5cd6-4792-8643-2945974c0bbc,终身,終身
722f76ee-a53b-4e11-9b3a-0b535196a9d5,朋友,朋友
72314183-9ff4-0799-ec33-263bedc9d7f1,病因,病因
72381d87-2e30-40fb-a8fb-c4ba42fed383,粘,粘
723b6674-ed71-464f-a206-262ded2bd6b8,干预,干預
723c0590-c369-5a9b-9f74-fe04fc6d26fd,会计师,會計師
72435d0b-8d47-4305-a972-eb4a15fa9f42,举办,舉辦
7244d008-18ca-40db-b195-5e0b64d683ad,果酱,果醬
72465646-ab7e-1df4-4d82-6fa3581bad94,占,佔
7246f237-2090-421a-a8c8-3995fa75d2e6,持,持
72489dee-8835-49f9-8890-4bb3211d6203,羽绒服,羽絨服
7249756a-1ebe-8189-4a71-2d1f5591aa88,合,合
724b4d8a-efd5-abb3-a829-e635bea5fdc8,返工,返工
724c3f91-7093-430a-8306-26be980101ef,隔,隔
724f585a-2f87-472b-acb3-ded701f38a37,贩卖,販賣
72575557-06a6-648c-480b-894840c86ec7,纯净,純淨
725f8b7c-d93e-42e6-b053-1a35314a4890,少年,少年
726367cd-7e9c-46c1-bda7-c82bdf1675ac,施行,施行
726705a8-aaef-458e-88f6-38781c3bd388,田径,田徑
7269102f-eb72-4965-8052-715f5823045e,公务,公務
7274f8d4-62da-840e-0b9c-4cc4b5fdb1e5,雪花,雪花
727e6d12-a5fb-441a-f20f-5c5c686bb361,详情,詳情
7282e81d-4cc5-4a89-a520-fc833eb181b7,码,碼
72884300-6d99-4f4f-88a4-a6707a75aabf,椅子,椅子
7288ec4a-c5a6-0743-2e63-cd59b0067bef,建行,建行
7293f27d-ca26-a96b-11d6-d1131ddfaf2b,添麻烦,添麻煩
729c0d32-6f80-055b-221b-cb18d37e009b,再不,再不
729cb909-4e23-bac7-16aa-3851513c6ba7,网易,網易
729ed955-d5e4-4071-9c6b-ef4829bcd108,回国,回國
72a419a7-e409-4eac-bb70-4bb1e4382392,好说,好説
72a7cdef-43ec-4572-ae5d-a734b9648c22,交谈,交談
72a862b3-33ef-403f-a37e-dcae5310570a,垄断,壟斷
72aca81c-d5e3-d5c6-2888-72ab5503c1d1,本届,本屆
72b1f3d6-3b82-cabc-0d48-d9b8e91718e9,天后,天后
72b9c2c8-8f92-f166-753a-8ae635f0137f,爱国主义,愛國主義
72cb4f5a-2b07-484d-90e5-00a54cf312d1,整,整
72d41225-e3fb-4fe0-8901-fef10ebfc1b1,晓得,曉得
72d9b827-3153-fa23-eb30-8ea19b5d8d63,开战,開戰
72da54a8-ee46-cd05-78cf-a454fc24e589,橡,橡
72e6dc51-b796-4ab0-809b-100fd7e0a8df,不在,不在
72eb231f-9848-2aba-a97d-e7882563dc4a,建材,建材
72ec4af2-07a2-6103-580b-2d2514785f3e,调查,調查
72ee5334-8957-9a1d-3465-12b4d4ad34a0,肖恩,肖恩
72f1395c-021a-512e-c1b6-ba1fa6340d0f,贵州省,貴州省
72f5de27-cca2-4c58-1a06-4f365cdedc3b,首轮,首輪
72ff6b97-460a-d848-f9c6-9b06febbc342,旗,旗
72ffb0da-4cb5-4703-d905-e122c9871502,避开,避開
7307cd54-b742-48ce-affe-6f2851172d93,讲座,講座
730b2062-bd75-4e0c-a320-63a715bdcc63,外套,外套
730c6736-cbe4-41ee-b6ad-374817c2cdbb,他人,他人
730d732d-ce22-4623-87bb-dc3ddc491ec6,拿走,拿走
7312710f-0e0b-fa3f-4aba-c2a47f64b177,哥,哥
731495b6-289a-45bd-bb83-252be2728c09,便于,便於
731a4866-166a-4c66-b646-5bbcbcae1170,朝夕相处,朝夕相處
731aeb56-5e93-431f-aaa0-3934ae67103d,难以,難以
731d0961-8316-cf28-01c4-0867371e9aea,嘅嘢,嘅嘢
731f0365-f453-4fed-aade-23add02b420f,讨厌,討厭
7322642a-d7c7-475b-9580-e4792c915117,寻求,尋求
732292f9-8224-4a95-8062-4940e74ea147,姓,姓
73229889-e4b7-478a-a3da-0c35966bcb9f,外国,外國
73232e68-c199-48c1-873e-1625dbb45cde,犯罪,犯罪
73273d51-efc3-964c-d9f6-5a8275c8267d,民,民
732a1baf-68a8-45cb-b41a-5bc9e0ed0672,过期,過期
73305e3e-dc7c-2411-750e-90a963e790e8,排,排
7339c4ad-4208-cb2a-16b0-c5625a5193a7,話晒,話曬
733d022d-6016-4438-b470-f06af2c24370,梦想,夢想
7344f608-63d9-4b6c-9b02-a0f8e3ac3399,回避,迴避
734d436b-34be-4e87-9588-7f7c19c4f86b,第,第
73593858-0c34-4442-861f-0660d470193f,水库,水庫
735989a5-12ff-42bb-a8cc-a66d8f700b4c,脆弱,脆弱
735a0a9b-64fb-4082-a445-87fa82d4abef,地域,地域
735a7ff9-2781-6f47-aef1-9be0ed09b876,恳,懇
735f5798-36ba-1c70-0d61-fda50d36bbd6,大桥,大橋
7361cd01-d904-4077-ac31-0bfbc0a2681b,留意,留意
73699fa4-65d6-444b-b9d2-4e79ec2422af,加,加
736cdbd7-e917-4579-9a4c-f230df18c8e2,进一步,進一步
73707de9-99b9-4d4c-bfd5-f25855ef4106,洗,洗
73731451-e980-4270-9f59-dd3f132efdf9,统筹兼顾,統籌兼顧
737ee8f3-35a1-1602-1233-0ec104a7eea9,莫,莫
738019eb-7199-46f8-abe2-5e40de4d9d2b,收购,收購
73813991-29b4-5131-8359-8ab6f89e8f1b,蒸发,蒸發
73837fa3-cc96-1e07-12b3-bd956209246b,日本,日本
7385cb72-84ea-433e-a956-9fd7cd76cef6,侵略,侵略
738839ad-c57f-3a57-d5b9-6375199fb106,空姐,空姐
738aa8bd-04ff-4669-aeb3-694ac40bef7b,妇女,婦女
738b5d52-2a97-4396-8827-cde7d16cbf39,劳驾,勞駕
738bb1bb-fa25-4d16-b95c-1d2252a6c951,专注,專注
739000c0-99ef-8835-747b-c7480f2f8892,饰,飾
739839e5-c49a-42c7-ad62-7ce6c00a91d3,不怎么,不怎麼
739afcff-8a52-4180-acbb-dcae2f1dafe0,封锁,封鎖
739e166b-e143-47e2-9857-8d1d6dddf8d7,船桨,船槳
73acf3fd-e9e4-42f8-a871-fe0ef24eace7,连,連
73b0bc34-d3ed-02fc-8890-e5295cd777bb,唔止,唔止
73b19b8d-f5d6-4dd1-804e-3a6035d85b95,盛会,盛會
73b1cda4-0638-421d-8050-4f3b68e3473c,壮大,壯大
73b7b54e-47b5-4bbf-ae05-5f875d593de2,弟弟,弟弟
73bc899e-fa26-4a48-8274-67e384ee8dc6,雪,雪
73bebe2d-9af0-f400-c114-bd998e13f8b0,茜,茜
73c3f986-d91b-7526-892e-972e51811c0c,犹,猶
73cdbd66-4218-46e3-91b8-7fb1824cfd2f,引起,引起
73d4e326-79d8-4687-8da9-24a34e570fd8,炒作,炒作
73e5fc55-6c7a-ffb8-28ac-72978d5edee2,言,言
73e89b85-2ce2-4650-b38a-f3cadb6a1293,整整,整整
73e99327-daa2-4077-adf8-962290cc8b71,腥,腥
73f084d0-2f07-4983-8553-adcae881fe85,麻木,麻木
73f4b005-7c7d-4942-a97c-feb4ba2824cf,母亲,母親
73f7b933-10d8-4561-b2b0-8812c9ec5ce8,山区,山區
73fd3c13-a2b6-4167-b6ce-3e78a34a070f,泄露,泄露
74013487-4326-4501-b120-a0484675429b,接下来,接下來
74097530-dbf2-49ae-a42d-6cc4a29bdddd,眯,眯
740e7669-829f-f063-dc85-cf615cb16755,溜,溜
7413c673-6568-d3c4-28d6-bcaff2a4cb2a,咪住,咪住
7418193c-c027-336b-62fb-e4fcba3cc395,打中,打中
741e3f38-510b-36ce-d086-1f9eb0bb2bb0,满脸,滿臉
74202809-ba87-fcc8-0da9-c060ba3c3c8c,后背,後背
7422bd94-9d25-4c0e-95fa-f31397453a44,组,組
7423a0fc-3a70-4bbe-b4bb-be6b7f28eee1,方式,方式
7426f080-913c-4ed5-8fc0-6a874b3eb399,一切,一切
742701d4-1359-8cbe-74d3-6057c2759c2d,多管闲事,多管閒事
7427973c-437c-4eb8-aac7-0263a1e44ea4,纽扣,紐扣
742a768a-4213-ec29-2dee-a4ca6be3ab8f,颁,頒
742d3bd8-e9f2-10ed-a55c-566366740774,窗,窗
74321b08-f1e5-80d0-807e-aa508cb70a5c,顶唔顺,頂唔順
74332ff9-a025-45d3-bb19-d94ed1d9dff2,贷款,貸款
74335049-16f5-6f24-0aae-67bfc1e32f58,微,微
7433a397-32b4-44d6-9ea8-c5238ba58f66,一会儿,一會兒
743a39a8-0eff-4935-a58e-d8b74cec295a,品质,品質
743b1d71-0fbc-f54a-9f5e-2ed9a0176303,回电,回電
7445d9b7-03cc-5e1f-e4eb-269ed8235726,亲爱,親愛
74467673-960d-4b92-b66f-39acdfe4850b,应对,應對
7450b54c-d7e0-4e29-854e-88c76fdd617d,修养,修養
747aaeb3-3a63-b2f7-7c45-e1f5039f06d5,副市长,副市長
74839e43-75ac-5f25-1a39-0e53258c56a7,囡,囡
748808d6-5ec1-427e-a30a-55e7e509624f,副作用,副作用
748a20ee-61e3-48a7-bd6d-111096a11706,千万,千萬
748c1588-4cf5-3d93-2080-f2f02efd14ed,裕,裕
748dbe6b-a09f-41bc-8985-f05c11efe446,塌,塌
748e16a9-733e-ffe3-81fe-c57aa039cee2,上线,上線
7493e58c-8209-4d4b-8d88-84287a49ae51,压缩,壓縮
7494c104-6f5a-4d27-bd3a-1275ac5feea7,云,雲
74953f98-d4df-4a06-bc7a-7242f7b81fe9,异议,異議
74a41306-030d-4cbb-80b9-c443ed8b74d5,研究生,研究生
74a46c4b-a379-4834-adc7-471e8276d3d6,恩人,恩人
74a782fd-b5bc-480c-94a5-73128fddc979,雄厚,雄厚
74a7bbf9-e097-c1fc-06c4-a14506f9f4c2,听过,聽過
74b1a4bf-3d7a-4b00-8b6d-eba4ebf147ba,老师,老師
74b471ce-54ae-d71b-ca26-9ab7957bf7dc,八达通,八達通
74b6a40c-4cef-4953-9443-4db58eff6980,核武器,核武器
74cf3279-c7af-4347-5a4c-607678dfad5d,心机,心機
74d33895-619e-dcbc-c964-e47c09bc1f3b,党内,黨內
74d36dfa-6a6d-4895-bc80-49e0da63d509,联手,聯手
74e0c7e0-62eb-4430-95eb-891bf62a077e,遇,遇
74e3846b-e23d-4878-932b-de0ba05f7e5c,房间,房間
74e43437-25fb-4aaa-945d-69f0c36b3177,畸形,畸形
74e4ae4a-fb02-fcf6-770b-0a3cb027dce3,令人,令人
74e7d3ef-dd02-4853-93e6-c87aad353c31,麻将,麻將
74eaa1d6-d181-49a1-a5cb-f285cbb7d38d,邻居,鄰居
74f8dc4d-4342-49da-8f38-2fef634b295e,着手,着手
74ffb292-5817-79c6-813d-4e8c59fdd46f,木,木
75012c4d-c9e5-4d86-8d5f-f822aa36fa14,陪审员,陪審員
75032281-92ed-b8cb-d0ab-8244a1bda816,状,狀
7507d163-4d87-4983-a760-14e86c00dec2,全年,全年
750be1d0-8e33-44e9-bcbd-680206d07920,心情,心情
750cc257-22fd-4177-9ca2-7c4d44effc8d,呢边,呢邊
7515338b-d934-4326-8deb-34b680fe37dd,旨在,旨在
75169f59-4b07-4e93-a12e-af5e1ee6a4e5,内涵,內涵
75234975-0cf6-4eb9-b83a-aca5dc85dad6,缓慢,緩慢
7524bc02-b58d-4490-9485-22b3e7a804a6,解读,解讀
7531e2d1-b9d2-addd-9835-27fd67602b79,擦伤,擦傷
753a8d44-7e49-4c52-be46-37bc05f375a2,捐,捐
753aadc4-058a-4459-880e-5e2c233de858,老大,老大
753d28dd-e9ea-4b58-8d72-9ca4e0c0b749,伙伴,夥伴
753de2b9-71a4-4aaf-918e-c1a65288b270,工商,工商
75436bec-5f43-cb22-398f-0b008f3a4434,救生员,救生員
7547f496-0ecd-18a8-8c72-a00ca466fb3a,金色,金色
75492389-eed3-4226-a041-4fa09743f00f,愿意,願意
75498c34-d292-4052-aeea-cf55259824af,进,進
754b93b5-63e5-429b-907e-fd08bd7d1940,好吃,好吃
755c5e2d-a135-4f38-a7cb-da0899a5b2b1,一经,一經
75610fea-afc6-d7a2-e757-80895089a018,志,志
75657bd9-4a92-4cbb-b768-4562a0c5b8ad,水面,水面
756b4756-7ecb-d341-0659-2e6e3c857739,化疗,化療
75741019-7145-80ad-9414-67d823f0be9a,密探,密探
75780c87-2d6d-433d-9384-7e2d398a32b6,处罚,處罰
7578d670-940a-73a6-450c-734f22f22b1b,美分,美分
757926c5-95d9-ca12-2007-c67215c62eac,遂,遂
7579be2f-7108-46fc-9867-11c3c2ec829c,聚,聚
7580ee82-38fe-60af-5315-bbe32e6cf1e7,互,互
75838df4-bf39-406b-9611-19df95cc5442,房租,房租
75936e42-8d99-4bdb-9a36-ace58354c341,宠爱,寵愛
7596fe91-dfab-4afb-9fba-1a8f414427d6,英勇,英勇
759c8a39-8887-c4a1-a1fd-48b07765f139,嫲,嫲
759d1923-3e2b-14c3-d8dd-92a10cb363f2,低级,低級
759fb85b-1606-5530-9ee0-f3771007e495,涉,涉
75a04781-e80c-6bd9-1893-6b3650efa311,橄榄球,橄欖球
75a1287d-1e54-47fd-a624-176bbd05861d,酒精,酒精
75a17a40-f3ce-7427-faca-1836a988cb9c,灯塔,燈塔
75a4ff9c-ff93-44e9-b870-d37fd27a640d,退役,退役
75aacf4b-445f-4e83-b246-c6da0d092b5f,光辉,光輝
75addfa1-df22-72bc-4d9a-1d09acfccd8f,房顶,房頂
75b15454-78bd-4650-adb5-dcc1f42a93e2,页,頁
75b2c835-dda5-42a8-94fb-94112a529663,空地,空地
75be481c-f0c7-4cd3-8875-d5e431e6aba7,何必,何必
75c7f159-2ad1-56b4-6115-d49705c1a518,将,將
75cb7dd5-a571-45ee-9d6c-95eaa53f848b,总统,總統
75d0490e-00a7-4a26-9542-a50f3db08b0b,担保,擔保
75d20957-2a8f-b3dd-96d3-924c3e8b7d92,劲,勁
75d665fb-4dd9-d9e1-6229-79092e360d43,癫,癲
75d6acc2-f741-4d85-a726-963a2bbe8c1f,教育部,教育部
75d994c9-e741-dee0-6d7b-6deef26b6fb2,帜,幟
75dbff4c-a567-45ca-8a9c-a2de0c7cf64b,演员,演員
75ddef00-877f-4009-9531-12758c6d3093,关注,關注
75ddfb26-1c89-4df4-8bb7-7252166b493f,轻易,輕易
75e2a57a-6b8a-3012-0d80-894f33f176d9,人民大会堂,人民大會堂
75e34b16-a85c-3bcb-57b5-719817c3f046,巴特,巴特
75e62d04-857d-4ded-b0c6-8e1a0528f501,厚度,厚度
75e70f40-4d1d-1ef7-d2f7-339b7ee5fa30,接入,接入
75ec234b-f7bd-4e37-8da5-a6804826c7c4,证书,證書
75ec7588-8a11-451f-90f1-ca5a84b5ae8b,产品,產品
75eea0fd-f861-7bae-4e80-9c7bb542679d,大班,大班
75fc1a3b-112e-41bd-a27c-e0dee5c30b9f,称为,稱為
7608e7d5-0ca3-bc9d-ba04-ef9462df7416,接管,接管
761f947c-2a70-4628-8ba9-be12f254673d,发布会,發佈會
761faebd-b9ed-b7cf-a2df-08b838a0cb5b,副书记,副書記
76207f2c-c6be-4765-ab4d-86b3006e14bd,这时候,這時候
76275649-a4d9-91db-2e81-eebe4f9ada91,未遂,未遂
7627791c-7124-4fba-a31a-eed2b6b1765d,昏迷,昏迷
762fb860-7a08-4803-87c9-3f4353773d35,决不,決不
762fdc08-a8db-f8a4-46fd-1c6c0791c2ad,停下来,停下來
763d1982-651d-4bd8-a48d-b3bef83a0b4c,公式,公式
76407059-ad33-8313-7f53-3b6db4293ffe,修正案,修正案
764691b9-d18b-41dc-96c0-485a9db75b82,淘汰,淘汰
7648b407-e7a3-2b6e-f949-5ea993880a96,津,津
764a08e6-8ac3-4ac4-9abf-f94c9bd2c112,圈套,圈套
7652fe10-acb1-4ea8-b7d8-11bc98fcd017,小伙子,小夥子
765b5c8a-98fd-4d2e-8195-bce0875e837c,冰箱,冰箱
76730bb9-b61a-4e98-8d81-ce8574b23cd7,发言人,發言人
7676583e-b052-46e7-1c9d-1e837ae782d4,撑,撐
7677e7e3-f3a2-9c92-6832-d7f6b42e1d32,炮弹,炮彈
767b625b-27fe-4b22-b83c-d7d14af53201,稳,穩
767ca686-b4b7-0d60-9bf7-b34f84046a6b,不妥,不妥
768109a1-8e7d-f7c8-8ec0-0b744f589eef,杂耍,雜耍
7685f5c7-1d5b-154a-6505-af4c95726a2a,抱抱,抱抱
768e129b-bd62-427a-b05e-b056e2e5f074,体验,體驗
768e8821-c89c-42e5-995a-c9c959166992,号召,號召
76976294-bfa3-5512-0d91-aa8b4dd01b9d,冲进,衝進
76a833f2-b4e2-455e-b5c9-0428f9a7e694,恼火,惱火
76b1b951-2af2-4899-942e-dd3e0eaf9fec,球场,球場
76b6b654-c480-42af-ac4d-f0b2c57cadc7,畅通,暢通
76b6c37f-1e50-490f-e62a-ab211482345b,适合,適合
76b9dddd-7a10-48cc-9af9-d9e78b82eb92,宾馆,賓館
76bbfc54-5262-458a-be66-e5807bccc76b,说真的,説真的
76bf7da5-c48b-a02e-6e27-9d66a24e31c5,手上,手上
76c3526b-4e54-46af-ada0-3673fb343f12,宣告,宣告
76c43242-90fa-4d67-9c15-58a15f2115be,拥抱,擁抱
76c80da4-f274-7003-304e-ff077883aaf0,意味,意味
76c9e36c-d84a-4521-a043-f2f69b2c5767,即便,即便
76cb969f-d9ea-bc9a-906f-8efda4fc8db5,掂,掂
76d3a179-2342-42d6-8fea-b58784587df5,骑车,騎車
76d3ac98-b9f5-4b04-4430-de2436f32b7d,周一,週一
76dd4cec-990d-50a6-8b02-2fc8e6ff24dd,吸引力,吸引力
76e0e56f-2706-3a7a-817e-80981e0639e3,寨,寨
76f5eb8c-2291-4317-8d83-e20e0350916e,没用,沒用
76f6ff5e-a738-003b-03b2-b7279cc96d5e,微生物,微生物
76fa1a74-4077-4fa1-9508-0039f0985a50,首,首
76ff0d33-ebc0-4317-9b39-0d9f933811ba,并列,並列
77021cd5-0637-46c9-9ef1-d96d63e43086,汽车,汽車
770e1c2b-7c14-4a0b-b397-e5a9bf0f6884,磁带,磁帶
770e1ed0-3459-6eee-ca62-ba2c9d71f0df,手提箱,手提箱
7712d00a-dca0-7f6f-a613-168108581067,不得,不得
77147fc0-37ec-4720-85a4-12b42d317683,浅,淺
771b6e22-4a33-42cd-a93e-18f6fcde0f28,自助,自助
771c2500-fda6-4868-9cd4-d7c824bd1855,分解,分解
771caccf-61c4-7fb9-25ee-d9ff9b4b04b1,声调,聲調
77202b7d-1249-8b21-e5fc-d2ef9808248e,嗨,嗨
7729e917-99bd-44db-0ee9-e6026309048b,运动鞋,運動鞋
772d512b-c47c-46ee-9138-dd8c885d0ffb,火车站,火車站
77311550-fa0d-2326-c192-a9d023f1d157,歪,歪
77330c77-2763-4435-9912-15085ecdc2f0,废物,廢物
773e152c-0976-438c-b355-3b43302bded6,冤,冤
77403f8a-edef-a4f6-8ca8-51954e0194ac,藤蔓,藤蔓
77459fca-cfa4-4d2d-b36b-6fec300aa751,交代,交代
774b48a6-0460-4886-bb8f-6bd373b0d636,红眼,紅眼
774dcab9-b78f-460c-b7e1-6f32748a0187,辞职,辭職
774f406e-a4fd-40bd-8244-10a6d3b0f10e,味道,味道
7750e1e9-9427-abaa-a1e9-9db6fb699ba9,履,履
775511fe-4295-43d7-88b9-8fd14945b52e,部署,部署
77585539-1d0c-14ae-9993-3350a70fd082,鸽,鴿
77586ad5-c780-4d91-b68e-1fc9e2b6681f,依赖,依賴
775ae765-a490-21e9-ab02-db7a7da09751,相见,相見
777a0099-a96c-9b9d-a112-c5e69886c334,拍,拍
777cb7e5-e2a6-91ea-61af-1b35c4b3750c,置身,置身
777d0df6-134e-4ea3-a3ee-5c7d3cfd2f68,季度,季度
777d22be-3d36-9b5e-e30a-74f82c75508e,呼叫,呼叫
77802251-8e35-49ce-8c18-cfa2f4bd7eca,小吃,小吃
77807c53-9959-4fa5-a46f-b888a3d73b0d,向往,嚮往
778583ca-e739-e9c6-03b8-539bf1e4d0fe,瑞士,瑞士
77863fef-4f8a-4152-a90a-781a17d3ef4f,旺盛,旺盛
778efd66-a51e-213d-5b15-b77ab3b66802,伤痛,傷痛
778fdb41-ab31-4091-a574-ddb74c5c8b7c,探测,探測
779105ae-4016-4726-a866-dc143bb2b4ce,可爱,可愛
779313c2-7368-44bc-9dbc-1d160759fc73,鸡,雞
7793d038-5114-0346-3cfc-b90bbf2ff033,显示屏,顯示屏
779453fc-2b6c-a813-82ca-c1e156e28e7e,窃听,竊聽
77978803-8a9b-4064-bf1e-ee58c88b7b79,引导,引導
7797de1d-81b2-c827-757f-32909bb05cd1,欺,欺
779b71f5-36d2-4e76-b866-570b87addd80,笼子,籠子
779d5c1c-34b5-bc82-768f-80f19d04b867,只,只
77a29470-1e1b-4340-9d75-1dc816a284a5,神,神
77a975f5-1288-4fc7-afd4-6d34398b2242,必,必
77b286e9-842f-6db7-ee8a-a4646447ffef,背,背
77b7a08c-f1b9-4df6-a188-cf9659c9d1e0,留学,留學
77bb2a6b-d762-4e9c-ee91-780bb282f0c6,大西洋,大西洋
77c1264e-76cb-5ae2-6170-fae3127b5305,瘤,瘤
77ca78a9-56b0-487a-9a53-76585520d080,等于,等於
77cab37b-bbe2-4224-9578-5e1bdbc6a374,洪水,洪水
77d348b8-d5e9-4a47-8831-7fbac856327b,打包,打包
77d36e5b-bb9b-00e0-2762-02872d5bcb77,听闻,聽聞
77d923a1-18cd-484e-b881-700120c5b4cb,楼,樓
77da8fb7-6646-42cc-b5a7-deef3b5d5ea3,严密,嚴密
77dd677e-6c56-1c47-9515-49fa87c85a62,敌,敵
77e034f3-9638-4af7-99f4-9987cb37394e,朝着,朝着
77e2feba-3eb0-8023-a965-101691580afc,白金,白金
77e8eec5-2aad-8657-937e-e99296db9950,接过,接過
77eb036b-de9f-4c34-b8ec-8193c294d701,待,待
77f0fa79-837f-76cb-f17d-b66776c64803,哗,譁
77f2b4cf-4107-4a6c-aa62-7e38c9efd03a,改革,改革
77f8e24b-821f-4fc1-98e5-e15bb4441a3f,亲手,親手
77fb4546-3621-4aa7-b986-c0b190d960ed,颇,頗
77fcdf5b-62e8-9e71-7bb3-4517b4fbff5c,固,固
77fce6ff-d6f1-4c5f-9e31-2cd103695e35,大人,大人
77fddf64-3eee-4e04-789e-d677340830dc,无人,無人
78038a3c-28e2-a5ee-a5f9-d5d16d040972,呗,唄
78045d2d-3807-4a71-af36-6a6fb48d1e86,察,察
78108e09-f8f4-4364-8b07-606a2785fd34,对照,對照
7810f4d6-73ad-45c5-9808-aaa74d5418cc,建议,建議
7820231a-f36a-a215-99c6-4ce546138c11,菲,菲
782616ed-9bd3-0f41-2860-4a93797338e1,锐,鋭
782705fe-8a67-b118-ceaa-85b040f13b13,大镬,大鑊
7829d03d-4369-4c61-ab50-423fd8839e1d,薄弱,薄弱
782e0649-8369-932b-3aab-1a9a190e71cd,公有制,公有制
78359c62-d7c8-4c65-bf65-1c1ac403c856,日程,日程
7837375c-d6c9-6bc0-ddfb-39006e002749,中线,中線
78380e2d-fab1-90ea-33e4-ff72dca57447,叶,叶
783c0354-1d41-4da8-ae67-0f0500dbe9c8,光明,光明
783c42d0-ae6e-4621-89a7-97e86bbb98ed,棉,棉
784509a6-6d74-4fb0-b5ae-9eb52006083f,天生,天生
7852daf8-3973-24b6-7623-fe3e2212442d,犹豫,猶豫
785629bd-da77-ecf4-02b2-0137aa78c139,英文,英文
7858131d-fa4f-8061-d738-b6cba0676f42,哎哟,哎喲
78592312-25fe-4edd-f787-9a4ace80f585,计程车,計程車
78595455-fb87-4b14-be8d-2ee1ae83b6c3,野外,野外
785aa487-b253-45d2-8258-4f14ae29e754,道理,道理
785ea5ab-edea-41e9-87b0-7c821a7cd783,出门,出門
7863f59d-d1ab-4646-ba34-0583afe2e9b7,头衔,頭銜
787178b4-0c25-9820-5205-99738e0c8cb4,方向,方向
7875a18e-aa0b-2e9a-87a8-1698590cc612,线上,線上
7877036b-e0db-430b-8140-1ea155f48209,她,她
78850cbf-027b-cb90-f93f-3ba023db1c26,小说,小説
7888c023-3a8b-3d9d-8b66-5e9c31cfe9c2,点算,點算
78917a12-d667-b80a-a238-4d3f8cbe10a9,尤其系,尤其系
789504e4-cc37-4e33-8561-17b4c09a4ded,自身,自身
789c8eb5-a3e8-42b5-abe3-ccc222887acd,信赖,信賴
78b46fa0-bf28-5ca5-82f8-b4dd6f33093f,银色,銀色
78b69a50-453a-4b9f-8139-69283768d7f9,另,另
78b9174e-4c29-4552-9729-5e6567e07fbd,激发,激發
78b9a312-2eea-4f5d-b7d5-1a529ddf8493,项链,項鍊
78c32515-85f7-9fe5-eea0-f38d29d5633e,加里,加里
78c3af44-e300-079c-93bd-389387ce826a,侍,侍
78c4d9ac-c7f8-41f9-97ac-a8038c8a48c0,下面,下面
78cf9bf8-ee00-2d9c-41ae-59db5a72ba3c,玛利亚,瑪利亞
78d1c3ed-16c5-2642-fc76-290a4e974e36,木偶,木偶
78d97a08-cda8-c1c9-fe72-86a7a6af8635,法式,法式
78de566b-6681-4d80-993e-eadaea6139da,动摇,動搖
78f07eb8-76f4-caa8-d40e-7e23723729db,拉拉队,拉拉隊
78f1bdc0-134c-4419-8131-090031ead5a1,路人,路人
78f2e5e6-957c-4a16-995b-2f969c10c09b,自动,自動
78f8d8fe-1926-1ac4-0233-2c2196e67f82,浸,浸
78ff7c17-9bc0-47e6-95bd-0e97c382eb99,礼貌,禮貌
79051d9a-74db-642f-a6d4-8d979c3e5a61,刘海,劉海
7907ed6d-6e45-2791-eeac-1517194fa2ae,企,企
790be8d4-976c-dc00-dd5f-d5b8d15508b0,连环,連環
7911d467-e2b6-42a7-aad2-5fab96240c53,蹲,蹲
79128bc4-dcd6-4b55-bc4a-43a79fbc9f50,评论,評論
791546f0-eb94-a0bc-ec05-5ec21ed5e849,宣布,宣佈
7915b579-83bb-46eb-8da4-006f8df4edb3,体质,體質
791619ee-338b-7fe9-8b46-821c42c5c21f,从,從
791b0c01-757c-4a84-bd38-970a38a099bc,细致,細緻
7922eda7-5a0e-d3b6-bf2a-03454ac44e38,日出,日出
792591b2-4e1c-45c8-8c6f-98740f3c7c9c,提到,提到
7937b8e6-5cda-38bd-02ec-ed10c5096e04,泰国,泰國
7938ce0b-38fc-48b0-b4f0-d4898e31d70e,一一,一一
7940b6ee-92d3-4282-afef-8d3bd510388e,方便,方便
79464c2e-0b05-4367-b87c-ed42d1c9bae5,不解,不解
794b5e8e-228b-4083-84d5-2806eea34526,青春期,青春期
79546796-efea-469d-8c33-1721abc76c01,老,老
7955138e-6edb-4879-86e5-c23de7015856,损失,損失
7955bde5-5de0-d3f9-fa5d-a18e8d18bb47,措,措
7956116d-d907-4674-0d59-311a1ade020c,绩效,績效
7960f278-f39b-418b-aadb-3d370ac2ea68,双边,雙邊
7961c85f-f293-48e8-9b35-94430fd0043a,取消,取消
79625378-cd8a-6bf5-18b8-580e287098d3,金发,金髮
796b88b7-9042-e5df-4ff5-8969c533e109,住所,住所
796c9d88-30d3-8d98-c098-e1db70555bce,畏,畏
79710de2-bec9-c915-a1bf-c3335db622d1,中国共产党,中國共產黨
7973590a-bf31-4d1f-a2ca-53dff6ca84a7,风险,風險
797482d6-f5bf-4aae-80be-140ac77d5e9d,境界,境界
797555bd-7ce1-4533-9b3a-05ba413b9d0c,下雪,下雪
79793301-14e5-4998-914a-c3a0e0af98b4,正直,正直
7979e92d-0e66-48b7-95c5-40b1f338c32b,怯,怯
7980300b-b52d-4df4-b33b-b9fdf8795a7e,恰当,恰當
79834587-a197-4ae0-b235-ba2464688f63,异性,異性
79892b41-c1db-455a-9e4b-147d8e11df3c,意愿,意願
798ebf55-6d1e-4c77-a035-1a80a7f111ed,亦,亦
7996a357-abd5-2ca2-077e-0c01808a519b,饮酒,飲酒
799b79a2-2ea7-4eb4-b586-a6cadf65711e,高速,高速
79ac969a-ce28-3675-66d8-d4fa3501fa2e,今晚,今晚
79b69d1b-dc9f-44fc-add1-5967cfbd592b,盛产,盛產
79bb4f13-3ea9-f8ed-a0cf-a067fbf37e4b,百老汇,百老滙
79bbb1bd-bfc9-7381-e0a6-1d4abb7677c8,珍,珍
79bc07f6-8222-47d5-9e4d-b3f377afd6f0,监测,監測
79c0fe27-1f38-4af6-95a2-786a2c618763,起源,起源
79c3f5c4-e21c-768a-1dd9-fdd6b7ee9981,矿山,礦山
79c5e544-6136-4932-9546-1e679cee3383,付款,付款
79c692c2-3836-1ab4-7be6-13406549bda6,诶,誒
79c8ec02-77a1-eddf-c689-26f8a95f9e92,迪斯科,迪斯科
79d1a7a4-43dd-4a9c-b48d-63d9deed22c1,在内,在內
79e75614-b631-456d-a8e5-8e049bb40df6,绷带,繃帶
79eec2f4-1105-f558-f2f3-653aef83b1ba,猎手,獵手
79ef760a-4862-456f-bf94-300fcd175664,蠢,蠢
79f0c328-141d-1ef5-b26b-1d7067ce7b83,地块,地塊
79f168e2-e5c0-695a-7904-e7320ef9a5b4,梵,梵
79f1a30d-fa3a-4860-cf19-616a156efc2e,增援,增援
79f6a752-dd37-4901-84ca-d2bbda22a1a5,一道,一道
79f869a9-7c13-4efb-80ba-2309ab777ae0,早餐,早餐
79f9367a-a4be-049a-458d-4891c219e68c,哈罗德,哈羅德
7a00f181-5e47-3bf8-fb14-a168f9de0566,无产阶级,無產階級
7a00ff9f-9ba4-d743-0cd1-9fc5178a32b5,说好,説好
7a07b83a-ff2c-4a41-95d0-f8209ca2f8fb,森林,森林
7a0be9e5-4fc8-4acd-8ba1-b6efb8977cca,历史,歷史
7a0dc97a-71c1-4e75-bc74-2d65cb2a38c9,核对,核對
7a14896e-f8da-495e-99bf-c70a4f1f0608,野心,野心
7a191397-80ce-57aa-20f2-3841cbb2b229,老细,老細
7a1f2e8b-9392-4f61-aed4-fe42d11177f0,搭乘,搭乘
7a202763-bf27-4ad8-b312-eebe68a226d3,密集,密集
7a22868c-ee42-4ee4-a881-b02356d0d186,混合,混合
7a22fc37-53c6-4297-9e06-a2279ce1c255,精通,精通
7a27763b-02ad-4812-90c9-9031fcef80b0,准则,準則
7a285404-1fbb-4fc8-924f-00ce828edbcc,应付,應付
7a32cfa6-2fba-4e0a-b5b9-508fb80dabce,音响,音響
7a333af6-bffe-4b53-b517-6d1600137489,看护,看護
7a377fe9-9274-7a94-60fd-3c32e57a939a,开户,開户
7a3b6107-ff77-d1a9-89c6-4ba551b04b52,住,住
7a3bb40d-f169-48ff-8052-8b43a15fc5ec,老人,老人
7a3e8bbd-703b-4b59-9f95-ba0afb4a12c4,要点,要點
7a3f6d45-e243-f1d2-b46c-06b73eede94e,国家,國家
7a3f910d-0b31-7a53-a7b7-aa49c63aa87b,当然,當然
7a46e636-9a36-4ae9-b432-310d052e6c7b,得手,得手
7a4eacd1-d22f-21c2-d0fc-28ab60358881,干嘛,幹嘛
7a4fb9d6-6549-42b0-ab8b-beede9ca64ec,刹车,剎車
7a51115c-bc61-44e9-9dcf-f3489b7c4fb1,贵州,貴州
7a560a1c-0a1d-7331-5273-fa3a5ed4ce85,仲,仲
7a574f67-439a-5d41-bfa7-d46aa811134c,当局,當局
7a59e6e6-d83c-6920-f66b-04f52af12f96,放出,放出
7a5b16c1-d02e-62ce-377c-55fff226e573,学徒,學徒
7a5ba4ce-b52e-4dc1-aacb-35053b1d2204,目录,目錄
7a65711c-6b6b-ed65-b6e9-25942421975f,网志,網誌
7a66e072-fd26-489f-9187-a97c2b43d932,折磨,折磨
7a6db1be-be15-43b5-b5b7-61f044d53a2f,不予,不予
7a779223-60f6-fbde-8ff0-2ca219fa5f01,拒,拒
7a79bf36-df7e-4869-3e53-e3386abf60be,四月,四月
7a7cf5e0-478e-c9f7-1b57-5d3478bf7fee,内疚,內疚
7a7dcd28-22e9-42ad-8e57-489b9b55971c,君子,君子
7a7ea740-faad-462c-95be-2afdf32cbd8d,干燥,乾燥
7a803f8b-f13d-d715-d8ee-0a2213d5ea74,现身,現身
7a841f98-8366-d92e-96e0-f00ea8ac6a79,三十,三十
7a853fed-f5f3-8c75-5060-d6ecda693756,雪茄,雪茄
7a87e118-db46-4783-96a2-d16ad392c957,美容,美容
7a955d46-374a-41ae-a44f-e7de8340161b,前台,前台
7a99f5e6-e25a-ecf6-5528-0176b5be9597,终极,終極
7a9addd0-6cf7-4042-b9bb-2f53a2f10174,家伙,傢伙
7a9b3591-b6a6-4d4a-b63a-3140f738ca1f,平台,平台
7aa0079c-0992-d290-51df-1a38772c7961,市里,市里
7aaa4889-6581-4e6d-8569-d333c1468523,大家,大家
7aad78f3-7c8d-4a45-99ac-1ff2d7e7697d,亲密,親密
7aba97c2-d6d0-57e6-bbb1-7bb1a60ddd28,逸,逸
7ac80f90-709d-4e44-b9b0-a83712c69849,保证,保證
7ac939d5-49ae-2463-4c10-0a19052068b4,阶,階
7acb5568-2dbb-3ddd-c6ef-7f53bd3ef0da,扫,掃
7ad05469-6521-4931-8b6b-ec41ca7ca03a,默默,默默
7ad12f63-24bd-1bf3-d7e9-1081cc5191a7,爆破,爆破
7ad3045a-cb07-5d78-1e06-df9b797256be,艺,藝
7adb813f-ad09-492a-8383-c0999c839492,推断,推斷
7ae0f0d9-4fc4-57cc-868b-48f4ea65366c,美国人,美國人
7ae16442-0153-617f-a3b6-c39eb9f6bab9,原子,原子
7ae1bf88-4345-481d-9d87-31800d92d2ae,签证,簽證
7ae4a08a-320e-40ef-ae4a-abbc5a1d0da7,沉淀,沉澱
7b017459-83d9-40a6-a628-0584039bf88f,铁路,鐵路
7b027303-1df9-48c6-a13f-0de44422de0d,恰恰,恰恰
7b0af5e8-20f9-4988-9434-5f03182f4737,主观,主觀
7b124285-530f-1160-3f09-75aa14ca1c06,婆,婆
7b15956d-4cd1-07c6-5fda-d0dae9ed6b31,动词,動詞
7b160faf-2cf1-aa05-d01d-7aac86e58c96,嘎,嘎
7b16fd55-fd50-06a3-01e2-6f5408f04552,小狗,小狗
7b190ddc-8ef5-40b4-ac91-dd9c7dc2a088,中药,中藥
7b1c176e-378a-4458-b625-d5327c13f506,参加,參加
7b1c4ee6-7dd6-21f2-da64-eb3949d3860b,法国,法國
7b27e1b3-dba6-4825-8a38-a1fd1a628588,戏,戲
7b2a1f94-8e02-44be-960f-fb651b1802a6,增,增
7b3327ff-b33a-4ef2-bcaa-7f84bf99abd5,赢,贏
7b3cb6a4-93ad-d33f-4226-ae42fce66269,姊妹,姊妹
7b484aa4-6ad3-464a-969c-eed84ced40a4,票价,票價
7b4907d3-5273-7c1a-8558-34f18c85c267,原文,原文
7b4ac7cc-5f4a-306d-d1ae-f8b26e08a5c5,初恋,初戀
7b4fed07-1256-4602-b1b0-47ab3d30496a,论证,論證
7b55fd8e-92e7-4b74-9097-04267698acc0,坦克,坦克
7b5692d5-69a6-ddf6-236d-54e85beb826c,行埋,行埋
7b56de37-e668-4708-814a-8c830b763c63,利,利
7b627a39-d86f-4247-8b2f-515b5e84bd6c,职能,職能
7b6acdd9-d7fa-8cbd-6ad1-e0480db42bfb,一排,一排
7b7a4a18-bf13-489d-a50a-8e7a30d8d4b0,驾,駕
7b7b2313-5630-c613-153f-353069958260,其,其
7b7c5dd9-4822-f8dd-804c-25e2459b6f1f,云吞,雲吞
7b829c3e-6f45-4d9a-b33b-ab19bc72127a,保重,保重
7b82f35a-4e2d-4a1d-adee-85ea46587bea,消毒,消毒
7b90ba69-e725-4d56-9373-2dce4566a134,严重,嚴重
7b90c040-e197-26c2-0fd3-25c218b56161,璃,璃
7b939e08-179a-4f5d-9617-ce1b7ca6ca5b,战友,戰友
7b95f94b-a262-4d6f-82e0-62506f432270,平时,平時
7b997af9-c8ad-43a3-8ce5-0360b85a57bb,查询,查詢
7b9fe93f-2b76-41f2-87ef-d31078084fc7,公斤,公斤
7ba0637a-5998-419b-8a48-1dfbd37d0bdd,开头,開頭
7ba16e60-21de-402d-ac91-9fe7432e7da3,傲慢,傲慢
7ba77634-ce61-4e2a-8537-058ee011066f,发,發
7ba9d65c-7018-eb6a-c99c-0ecb88929f87,谓,謂
7bab601c-185d-7d55-a935-d0687a18f4cd,一下,一下
7bab6317-aa0d-9415-e3a6-a0fe06988533,榴,榴
7bac1a00-48a4-49bc-901a-8342c0f22942,车站,車站
7bad9d22-e747-2ff0-ce44-56300af3fb4d,邪恶,邪惡
7bb16eb6-13ba-fe67-e864-763295b30fb1,时分,時分
7bb3a92f-5d52-48e7-96b6-4bc6ad821fa6,海军,海軍
7bb45a1a-955b-4669-b274-13ca0697bfe9,脾,脾
7bb638b9-6c3d-1101-f71b-069661919944,试,試
7bbedb4b-3c5d-4aa7-a06b-3f5b967cc9b3,识别,識別
7bc07aee-6da4-4178-ac26-bebc0adc95f3,引擎,引擎
7bc28659-19b3-414e-9c51-36ab26d60070,国防,國防
7bcea90f-38cf-4f05-b59a-4904c86e2611,国产,國產
7bda9cae-f566-e2f6-da2f-dce5cf333c8f,萄,萄
7bdae54e-85b0-4903-daf3-a865846b02e3,新浪,新浪
7bddcf3b-269b-4206-ad3d-2f642bf83907,剑,劍
7bddd3f7-c06d-150b-f2b8-785d2fe05425,辙,轍
7bde97fd-ae84-3774-4b35-ef128febf56e,耗子,耗子
7be332b1-8ada-4e0e-9f4b-bbe5098d4ba0,请客,請客
7be5dd7a-67d3-4b40-90cf-e0fdce980ec2,悠久,悠久
7be6b24a-aa2f-40d3-a1cb-419b159d73dc,长假,長假
7bec29b3-f8c3-45ce-b180-7bf33959a60e,得以,得以
7bedb03b-90c8-3bc2-8c56-4a76badf6430,有线电视,有線電視
7bf740e7-cc6d-89ad-1d36-7c94eccbc5f7,文本,文本
7bfd1293-99f9-67c0-00ef-7885c1a0b826,侯,侯
7bfeb9c6-3b0c-4584-9b3e-fcd3d0b343cb,喘,喘
7c0322dc-4cc2-7fe3-8781-5fd851aacb6d,叹息,嘆息
7c0cecca-e4ff-1eaf-1906-872fa1ad5c79,借此,藉此
7c0f76fa-e38c-4e9f-9d9d-e885018730ef,搜,搜
7c1006aa-4c7d-45f7-adb2-4075b83b51dd,称呼,稱呼
7c1b68ef-bc46-40d2-b6e2-7b35008da7ee,体会,體會
7c1c5f18-4915-4f9f-b5e6-3dc9bd2c4596,滑稽,滑稽
7c1e7558-8ea0-0bcb-c219-87d272259b68,抽,抽
7c22b4f9-68d1-4961-8866-116f59449605,人生,人生
7c261390-5626-c937-f936-95bd18bf89ba,君,君
7c2c25db-ce64-469f-92b5-123569ecc576,看法,看法
7c2e6208-b1cf-6019-c77d-5e03d5760fcc,爱上,愛上
7c3b0574-da7a-45de-9f9c-75a04e547d3d,已经,已經
7c430af6-bec2-402f-a597-f5709ffde9c8,好听,好聽
7c438f8d-ac2f-40a7-99b5-82e1c8fbee80,影视,影視
7c47c38c-857e-47ca-ae58-ee87ae1aa55c,一路顺风,一路順風
7c4dce93-9a4b-4ea5-b2da-414d34c8fd63,难说,難説
7c677539-35a7-449b-a5c6-573123c51017,单位,單位
7c67b651-b9f9-494b-b373-2cec7913525f,养,養
7c6a2b07-57f3-4a1a-bba3-d42e63b57e50,水晶,水晶
7c6d7e6d-d066-74e1-a64d-92a7b6e91209,速率,速率
7c6e5f6e-c3c1-2c4b-7eb6-0011e2967dd8,湖北省,湖北省
7c72bd2d-ecf2-447b-b5d6-9aafd9f71ea7,人力,人力
7c7787e7-16a3-9e85-527e-e221858bd0f8,恐,恐
7c78f487-1a22-4f88-95e3-08c6b9416709,浪,浪
7c7b72a0-f844-2e28-a60f-c52e73b7c2e3,膨,膨
7c806697-c7ca-40df-8f73-b70a6441b9b9,薯条,薯條
7c846302-6ad2-1c31-422a-9ad06a148f40,救活,救活
7c90b100-53d3-4641-90e9-000210b8c538,珍惜,珍惜
7c96b629-14ed-d25e-9b2a-a30f295fc4c9,危,危
7c99804b-64b0-4ecc-8011-ae34b0aac9ed,推动,推動
7c9f4936-f921-06d1-3290-8b8df1b90747,下发,下發
7ca6e40a-5141-4d44-8af1-9bf245628ec8,关心,關心
7ca9c3fc-30ce-5304-2b5c-90d747bc2288,款,款
7cb744ec-adad-4aa4-b68c-80922b38cbbc,电子邮件,電子郵件
7cbbc6ee-deec-ed6f-608a-b519e10a8cc3,嘱,囑
7cbc78c1-5c94-7fed-dd3f-2023e8713118,那天,那天
7cc3994d-9f4e-4ce1-b6bd-d117467bbeb3,卵,卵
7cc5f6b8-ef78-6bed-7802-dc431d9027d9,脸红,臉紅
7cc89ffa-08b4-34c2-0c58-a856f916c2e5,甩掉,甩掉
7ccad246-7e08-087d-46fd-a5313ef08bc0,布丁,布丁
7cdad726-acf8-baa3-200e-aaba22a3285a,项圈,項圈
7cdb6c6e-3345-aa3e-92ec-087dfa56674a,螃蟹,螃蟹
7ce5de88-d5f9-f878-ff23-b2194ab4a864,祈求,祈求
7cebd7cc-0dc2-fc64-83a8-c9c8ac20b159,弟兄,弟兄
7cee07da-2c01-47c4-bc2c-fc260e0739c8,全球,全球
7cf07cef-487d-4a53-bab6-05d7052b774f,损,損
7cf180e8-1771-42c8-9f5d-4489e8da5e62,必要,必要
7cf30ac0-0d6a-3a90-b4b1-b78bb0c53740,极品,極品
7cf6cf0b-1230-c94c-dc9a-d6a4750c9582,探视,探視
7cf9cf67-8279-4dce-9e10-35c1ab21625e,那时,那時
7d00338f-6e6b-45f4-8e69-b822c5d260f2,处长,處長
7d068e28-9a6f-4192-8f22-276003578f6e,高额,高額
7d15370f-b6e2-43e9-968e-0761cfc4452b,明显,明顯
7d1569ca-6d64-46cc-81b5-eb1b85aeb8f0,机器人,機器人
7d1c6eea-a3c1-38a3-a30b-9b747fa798cf,伊娃,伊娃
7d2d3342-fbfe-40e3-bebb-b2b281048994,本性,本性
7d3046c0-9bdc-8b5d-07ce-bd9aece3ffa7,小菜,小菜
7d3c8ee7-8517-4f2c-90b7-dffd0d3c98e5,渴,渴
7d42a032-c29f-0223-6265-264fa4e8ceac,直升飞机,直升飛機
7d42a9f8-27be-f792-8e7e-ff0c47f3814c,托管,托管
7d5060c8-7a7f-4a72-ab73-b11fcc1bfe05,雪上加霜,雪上加霜
7d51f4ea-fc96-4ee5-9697-97e5a7fff23c,鲜血,鮮血
7d59c9de-3262-4125-bb2b-ba2fc35987f0,假装,假裝
7d5c805a-cb48-4fbf-9575-3c1a3729f355,据,據
7d5ee3d6-00dc-a56b-2dd4-9494fd9674f2,枪械,槍械
7d61757d-eecd-bf94-9222-37a905a310fa,豪,豪
7d61c78f-3b46-67ce-dcfe-bad9574cbe39,公社,公社
7d64b7c0-705d-65b7-535f-11689b09c6c7,头版,頭版
7d69c9db-0173-dcfa-56b7-9234c98a5902,逻,邏
7d6fe560-c1b7-eb6b-7591-72ea7743e2d8,国道,國道
7d7474fd-706a-43d0-9ef3-06b65e454eed,一辈子,一輩子
7d7951d3-c41b-44d9-8893-d42806900d18,怎么,怎麼
7d795af4-bf60-43b7-a874-9c7ff9e1a4b7,咱,咱
7d7c539a-48ff-1ece-de97-af6d165ddb89,乜春,乜春
7d82c150-7d89-a758-d930-1d0cee170078,无礼,無禮
7d91de83-dd16-fb48-0b1e-908f9d2f4ef5,政,政
7da27e0c-2ee9-4c43-925f-20defd1b35f0,赏,賞
7da85740-9a15-4ac3-ab01-1a2a833e8dda,代号,代號
7db20e2a-df1d-4ff1-ba67-49d3a6c00c20,肯定,肯定
7db2d91b-35bf-402e-a8b3-055bce64b9a2,亲眼,親眼
7db3b320-e231-4293-99de-9a6b1b11ebe7,疑问,疑問
7db7fefd-d51e-f42b-fad4-4d6e992f217a,不合,不合
7dbb3ba3-b93b-4b19-a201-fc83445301d4,以往,以往
7dbc7985-954d-4a02-87be-deeef26b4e56,东西,東西
7dbcb2e9-69cd-4efb-b646-343be39f6b0e,评定,評定
7dbcbbbc-1779-405c-a416-62c39b12ec03,炼,煉
7dbd8661-4ac1-4d81-94d3-a5381d93238e,列入,列入
7dbdca44-ac65-41f1-ad11-fe74e4272a1f,欺诈,欺詐
7dc1b1b4-c155-4a1b-bf20-4e776e9f96b9,过分,過分
7dc6b14c-6dad-4370-a7e4-ab5af575bd37,邮箱,郵箱
7dc9c595-f125-449c-851b-e05e6dfe5208,余,餘
7dca9be4-c855-45f2-acd4-24d01fbdf87d,根本,根本
7dd6caa0-99e7-4e56-91ef-dfdda7faa0ec,哭泣,哭泣
7dd904ea-8813-4dc3-802e-20e2f1e2fd15,形,形
7ddc3149-ab20-2bc2-e231-82253d29b9f5,铀,鈾
7de19342-7f29-6098-e2ab-30b489dd6e70,马丁,馬丁
7de472aa-5bd6-41d7-8b33-178c5ab3d835,拿手,拿手
7dec4153-3ecc-44e2-933f-350ff3414b19,一下子,一下子
7dee878f-271a-42db-8be3-44d97eea274d,陈述,陳述
7deeeb53-4b53-a974-e821-c62d1cda6191,军火,軍火
7df1fcbc-abdd-4d94-81e9-2d767f6e319a,开支,開支
7df3ec39-a585-6e7f-1c78-20f702ff3974,融资,融資
7df4ce80-c372-45b7-a068-04b41fd72109,风,風
7df53724-3c3d-8e65-264b-8809920b9432,梅,梅
7df84950-6ce0-4bdb-a3e7-2a8e67b5bbbc,棘手,棘手
7dfa5a60-5bcf-daf2-302b-cb17d8da97a4,街区,街區
7e0318d4-5ab2-47f3-a56c-972667ab3c04,碳,碳
7e046cc9-a9c9-d480-cd8e-ce6c182b2f60,找回,找回
7e13c136-e770-7a65-c729-8a1095a7f5a2,武,武
7e150e1e-0249-4c6f-b5a4-4c821187f2a0,时期,時期
7e15c4ac-6863-c421-588d-8a95abad6dfe,投放,投放
7e165b36-eb31-4d7a-8813-4c7e8e43f174,超越,超越
7e1a6bc7-a746-4ba5-c45b-a73ac975e962,世锦赛,世錦賽
7e2184ba-c43c-702b-c0be-68626d3c9b17,静脉,靜脈
7e23f4ed-2db5-252b-6a2f-eed8f5f459ac,好过,好過
7e2720dd-ffbf-51a3-56bf-6c6546947bfd,护送,護送
7e2d7c39-c75f-463f-b435-efdc844d8aca,自行车,自行車
7e306706-7b2b-4975-9689-a05c7d55aa2d,藏,藏
7e3a5487-5fa0-3371-d1f9-098b489fe989,死人,死人
7e3efb65-e845-8914-aac5-88dfec9413d1,祷,禱
7e443aec-896f-4429-859e-68e66fceb91a,遍布,遍佈
7e458bf1-f470-ee0d-49ef-2cdf087ae595,博,博
7e473273-eead-431e-9d27-6f6cd3dbd745,特定,特定
7e4c9283-6def-0e4f-60c3-d759f39b1067,时刻,時刻
7e4d07bd-5098-349f-2009-0ee560271be8,转,轉
7e506b6b-e0fe-d831-54c8-2da70c200c86,叹,嘆
7e53db16-9ec7-a2cf-00a3-cf6f8c127748,畜,畜
7e55df58-25f3-9c17-54ec-dc596fa271ad,淫,淫
7e56d371-445e-4d03-9bf2-98657299790d,幅度,幅度
7e5d1eaa-7fba-234f-6550-2012e489b927,去饮,去飲
7e629825-e9c5-4172-b375-be8f2554c252,舒服,舒服
7e6386a3-c7e4-43ec-9a69-a31b8ad8d89c,话语,話語
7e65ef77-b601-4513-a6b6-bf8dac8d6f09,羞愧,羞愧
7e69dde3-bc79-b7a2-6683-7693697b1043,敌军,敵軍
7e6b26dd-9413-9395-e32f-801a6d0819dc,关系,關係
7e7415ee-ef48-42eb-a543-b8261176e43b,多少,多少
7e77a367-d070-6c72-80a4-b2f5504b7db5,魔,魔
7e7961af-f9f4-c080-6513-2f97cd536ee2,身后,身後
7e7e7dc9-0298-b626-1f5a-4a0771783e6c,止血,止血
7e7e90df-2135-4049-a48c-86c0d9985ff7,堪称,堪稱
7e806933-f613-4f02-a865-9c18bdb83a06,出口,出口
7e842650-6dfd-40f0-b994-18c476d1d348,均衡,均衡
7e93db01-0d99-48aa-a0d0-f4b79c4ef918,霜,霜
7e98db53-89f7-f1a6-b7d6-46c1187128c8,测,測
7e9e814a-e6ae-4d7e-8cc3-7680d8953aa5,制定,制定
7ea6118d-fe2d-4585-a30f-0a46bcc6f712,沿岸,沿岸
7ea83fb9-1a27-48b2-8b10-2dbaab2867c2,细心,細心
7ead1811-2582-4375-abb0-4cb1266e178c,上午,上午
7eaeb78b-a916-33cd-2e2f-5e9693628843,寻晚,尋晚
7eaef436-f7a2-43ca-afed-96b0d9e3781f,会计,會計
7eb7bfb3-4c8b-4a86-afc5-34266f376a00,对不起,對不起
7ec8d03d-e99e-4f91-a7cd-bae84679150b,透气,透氣
7ecfe975-33da-ac1f-c6ce-5a4bec75f7f9,琪,琪
7edae4fb-e0cc-45b7-5ddf-9d9885cdf8e5,修女,修女
7edf9308-561d-4090-86df-eba88712acfa,讨价还价,討價還價
7ee74834-a849-4823-8a82-f5d772acae62,致,致
7eea24fc-154a-9121-ae14-2d4a205b1117,北京时间,北京時間
7eed6406-74e6-44f0-be08-8de3c53017da,缺失,缺失
7f001c28-3dbe-49cb-890d-84daabb56bd5,缴,繳
7f01b014-42d7-070b-5816-9268d413b6e9,石化,石化
7f14d087-eaac-e4b3-d81f-b672f38f37a4,痴线,痴線
7f156e46-1d70-d717-0a99-e0a2529cf284,耐性,耐性
7f1c57db-8095-436f-a252-f53f234a3f54,固执,固執
7f1ff16b-00cc-46b3-b913-dd4d6757a852,周,周
7f2283e0-4976-4a98-9359-6e9109af8411,经常,經常
7f2448d5-dc73-4c29-b0c8-afcd940051eb,绝,絕
7f24e344-0967-4f90-b94d-a9618ae6f31c,教科书,教科書
7f28c3a5-97aa-47e4-b3c8-24db95738e2f,和解,和解
7f2f12ee-ccd5-6c3c-2ba4-099be22279d0,拇指,拇指
7f31209b-91c2-401f-8dd3-b569d44b0fc4,等候,等候
7f3659d4-2689-dc32-c053-d6cc6e5e3014,得唔得,得唔得
7f4d30d2-393f-4d48-8e41-e8ab627368e0,女生,女生
7f4e2772-e38c-4b1c-aa66-07cc83332cce,化肥,化肥
7f513294-b9d1-40b9-968b-7ac3451b7d68,昨天,昨天
7f5389fb-9802-e001-ff1f-1874254e7ed3,专业化,專業化
7f637338-d05b-4a89-8517-8eaba47561dd,座位,座位
7f6b1e8d-7606-4c61-b1e2-f2c565732daf,许可证,許可證
7f6cf1b4-3d2c-ea4b-9fbe-3d6bf4ce269a,供需,供需
7f6d1d74-1da3-117a-90a8-bd328d373a76,口服,口服
7f77a634-2f9e-6deb-580c-15ae20c71b1f,宽带,寬帶
7f77edff-0777-4cd9-89cc-947f26374aa1,吸烟,吸煙
7f7a8811-c172-d3f3-bb6e-cd78c0a3d387,圣地,聖地
7f7bb15b-6781-4ada-8c0a-81488294b2a2,偷看,偷看
7f9089d5-a38d-4322-9bfa-af6304600ec7,丑陋,醜陋
7f928196-ebe5-4e8f-bbcb-e9bbd4ec26cf,你,你
7fa12602-414f-81d3-b613-3a81785268ba,件,件
7fa56dca-7a0c-4743-a92d-e5ab0a7dcb48,好心人,好心人
7fa57cc2-19c9-4d9d-b7af-94ba84903a46,柔软,柔軟
7fb00fdd-ef1b-4892-841b-a9145e29467e,法,法
7fba6d0a-27fe-b28e-db0f-e864b5ab998b,息,息
7fbb173d-9388-b00d-deb2-c8e11476bb02,犯人,犯人
7fbb54ba-63c2-42cd-83c0-ec3573d89366,着火,着火
7fbcef75-21e4-05dc-c614-a64ddab2806e,捷,捷
7fbf09cd-3048-4a3d-a655-794d553664cd,部门,部門
7fca5afc-f43c-79a5-43f4-e08a6adade5e,对了,對了
7fcd9091-6125-4ca1-8f9c-c456b058a59e,听见,聽見
7fd7265c-0cf9-4b66-8256-28a45ab670ac,尽力,盡力
7fd9c0c7-d6aa-4e85-9e32-f41e8ff565eb,伞,傘
7fdf5c81-b5eb-4d7a-b3e9-e8f4721984fc,高速公路,高速公路
7fe46005-573e-4ddc-8656-c810b0f6990b,攻击,攻擊
7fe89233-e17c-477d-ad8f-459b6c5771f3,反常,反常
7feede8d-9cd9-5922-b7d3-68eb2c3a7fe0,跃,躍
7ff4aa3f-7e70-eb4b-be47-ea11d5e951be,历史上,歷史上
7ff4d89d-9ced-4fa7-8d5b-c1173c1097db,边境,邊境
7ffbc67d-fec9-b254-3cc6-4056a62c77a0,见,見
7ffcb7c2-60e0-2e2b-29bf-99ef16911b65,工作人员,工作人員
7ffe11a4-4792-44a7-b412-b17a31e14e3e,流行,流行
7ffecf99-a815-6cbf-b98f-fc83f4926eca,星期日,星期日
80071a5d-645d-adc4-1707-c1500a87f919,此刻,此刻
8012e285-a6c0-490f-b8d8-1d2dd856e40e,谈到,談到
801d23d4-2290-5cd0-fe66-c3abb9216224,出手,出手
8020bd8c-aadf-4cb2-b62d-92d29a60f157,火腿,火腿
80267e59-76ad-4972-bc3a-333f98846dec,赴,赴
80273691-f2cf-4961-8a4f-4cfa2e649827,地方,地方
802a5d6e-9efc-aecc-35bd-a5a347d8b418,好似系,好似系
802f7f43-c310-4791-92b2-0c6527578d6d,超速,超速
80316057-27f6-4023-abd2-dc7d8c699d7e,一无所知,一無所知
8032825c-55e5-8b3c-3e92-57ef92fccf85,发狂,發狂
803719d4-2590-4925-ac75-928e58a206db,偏偏,偏偏
80427063-cb5b-c127-297e-22e4538d2455,凶杀,兇殺
80442326-3d5d-45ac-9e91-e9c39217569d,无私,無私
80470ba8-58b6-4e2c-9b7d-7c1e2ac30e2a,台风,颱風
804b4d6d-607f-4b0d-bf74-2068b6f4cbcc,憋,憋
804e3b14-fb4f-47c9-b261-8e75ac7b1bfb,着想,着想
804e6b0a-6ce7-4566-9347-7f129a4f104a,难忘,難忘
80544351-fc95-4fd9-b40a-89679dbf42dd,第一线,第一線
80566029-1c1d-8040-8f45-9cd7368e2aed,系人都,系人都
8056ed59-6601-45d1-a276-92703760658d,获奖,獲獎
805d2cbd-d303-a815-b37b-4916e8671cb2,袖子,袖子
8060d5ba-5da3-3146-2364-d5031251bace,编译,編譯
806c03cc-b435-487b-b198-e328f8bab58f,截至,截至
806c3b3f-6e65-4d55-b150-3559b94cdda6,推销,推銷
807849fb-58a9-bb80-31b2-37bac53a92d3,提及,提及
8081cce2-1ca2-d79c-8db0-b3c4de6211be,倾向,傾向
80900c6a-925c-7328-124c-82a706009f32,僻,僻
8090731c-4f24-4572-a9b2-9122ccd30d23,加盟,加盟
80916e78-cec8-9352-6fb1-54f3379cdc35,重复,重複
809c54dc-6905-4204-9581-03943631608e,车票,車票
809c68df-f965-f9df-1873-936b8ed17a71,针对性,針對性
80ac46b6-836a-4847-a8db-51d96882b405,服务员,服務員
80b09703-8330-c4c1-6791-0ec85c294e09,斗篷,斗篷
80b3a690-df52-d749-86be-1d0b783cc43b,威武,威武
80b9c2e7-fc86-d4d6-07cf-6151e8bba797,环境保护,環境保護
80b9ea12-ed1b-8196-56c4-70dac743f840,苯,苯
80babdeb-45d6-498f-9253-241f422942ea,流程,流程
80bb1019-1b14-4910-b433-b323dbb0e44b,拐杖,拐杖
80bf2240-38fe-7e36-499b-7c34b9330284,加一,加一
80c17c6e-e26a-4efc-b05c-259cbe5dfed7,爱好,愛好
80c23c32-60b1-495a-a991-53d52ed55632,坏处,壞處
80c536c0-304a-4348-a337-9abea3ae6879,负面,負面
80c91199-1e4a-4a24-b96e-23a7b39f1bbc,回想,回想
80d028ee-1eb8-e1ca-5395-6fda607bc0e7,废柴,廢柴
80d7aad9-5100-4b65-b2ff-9073f1fa2d8f,创造,創造
80e52918-5742-486f-831b-7db57cb3722e,亲戚,親戚
80e6a95c-dbbd-c740-7049-7af16a750e0f,导,導
80e7e721-79ae-554f-2bc6-95df2c984214,痘,痘
80ed8502-cb8c-451f-bc84-5134dee969fc,伤口,傷口
80ee51b5-a56d-247d-b93c-6377fb0c77e2,中关村,中關村
80f83023-2a17-41e7-8a5a-4a5b75f08795,中级,中級
80f9be46-2274-88c8-8895-40ab0d9243fa,咒,咒
8100106f-5903-bf18-2d56-3c4f0513b1ff,移民局,移民局
81032195-d27e-4b9b-a2a4-42e4f0d6bb1a,出主意,出主意
8110fe2b-7132-446f-b2ab-6cd46f4eda2f,公主,公主
81158380-5a5d-4d65-8f41-5f025f6e1375,延长,延長
8117eb5b-7ba1-4b3b-80cb-68177b84513a,报仇,報仇
811835a0-b1fc-3461-eb06-674edfd48cde,避难所,避難所
811a0d1b-235f-4729-9d5c-57d025897625,点火,點火
811c1351-6e57-4f54-bfdc-cf351d7e1b90,全能,全能
811daf65-6c80-4edd-861c-8f702b182aa9,老乡,老鄉
81218f19-cf9d-8d96-e72a-3858f04d922c,黄河,黃河
81224e76-316e-49ed-8a8f-40baf53f8e59,必需,必需
812320ce-7d1e-4ee1-888a-1b956c20f5bd,此后,此後
81235eb3-3f5c-4b2a-ab50-3948cc59d9ae,面包,麪包
813a428f-a715-49c7-a887-a14d680c4d5c,海啸,海嘯
813c7596-6d79-355f-a550-07b754334e24,爱意,愛意
813f033b-c755-4e29-931c-f1e77d913efd,采,採
8146df71-2cba-4488-81b0-4c65b3a0cdcc,不对,不對
81473893-3651-95fd-4266-7f2f6dbc7215,陆,陸
814e2bc5-e1ce-415d-b2bc-43f2b19b0f34,一大早,一大早
8150adfb-ad0d-9431-f622-f286a2b362ba,拥,擁
815466e2-4371-4ecc-b1b9-086a7eb624a6,多方面,多方面
81631536-25dc-4ea8-8625-06f80657758e,熄灭,熄滅
81655ca4-cf5c-d506-ad84-d75a35cf93af,孤儿院,孤兒院
81658b38-e9d2-4ae1-8e4a-6d05adc1d547,出生,出生
8165eb84-4d9c-4253-aef8-9daa006b4fbc,短,短
816ab60d-6269-fc0e-9cb1-875f51b15d1d,在外,在外
816f9c2d-58cb-4438-ba92-d3b3d5758a8a,总之,總之
81706326-ffb1-466e-a5f8-cf11721ef0eb,废,廢
81770b42-4b7d-4d6d-80e1-31d2a242bdfe,充,充
817c2341-13e4-4b3b-ba15-9930df7c9e9c,人文,人文
817c2b6d-0118-abea-0577-485612378fdc,此地,此地
817db08d-7d6d-447a-bcdd-75c2d2b40897,坟,墳
817e8398-c738-41cf-bb1f-067584716f0a,通用,通用
817e92d2-9a95-4643-907a-fa8c941bf758,比如说,比如説
81820616-a71c-2788-bb35-d07f76b772db,只有,只有
8191f545-9132-0e48-f814-2389d90c361a,列出,列出
81954844-1097-44ee-8c7f-2e2fd0d488f6,不利于,不利於
819a588c-d948-b7b1-ce51-cf745cb3c2d2,磨,磨
819ac40e-a674-8a63-ce3c-6849670f94ce,卖力,賣力
819c6007-d8b7-4990-3238-719024aedfcd,格雷,格雷
819f8f4d-083d-47c7-b09f-2c949641004b,说,説
81aa26a8-03dd-420c-a446-924b6f1df6e9,语气,語氣
81abd1da-8e67-8e3c-1665-b13304ea5bae,务,務
81ac8682-6066-21f2-fdb6-f40a6991155f,重复,重覆
81b2cb35-cffc-63ea-7756-9df3f1c64241,巡回演出,巡迴演出
81baa173-4375-5ba2-3448-b61ab5c47089,廷,廷
81bcafe4-3476-466f-d15d-dd9703f1d1af,姬,姬
81bd5e33-fa98-7eed-560a-d53d493c96ef,赤柱,赤柱
81c2eccb-9d60-56ba-9482-33cf8d47bad3,待续,待續
81cc18fb-4be7-47e8-995c-6eb0b8a1c4f7,最后,最後
81ccdcf7-25e9-4035-a326-3f8dd4338ef6,好意,好意
81d1d771-7163-4999-a197-722d65fe9d78,人质,人質
81d2d6dd-e1f7-41a9-95d7-3ec9f24deff2,奔跑,奔跑
81d6a8a3-c508-f82c-256c-fe86902aacd8,地铁站,地鐵站
81ebfcf3-2b9c-10da-a27a-25cc149d0656,考古,考古
81f2c3d1-eec2-c63d-db9c-323d472e2101,马英九,馬英九
81f3c394-09cf-6e29-b6b0-07d4bce9b8ec,齿,齒
81f97a98-2091-4400-a7a0-e0ca23fabe82,热情,熱情
81ff6073-adff-4e99-ad81-86c827d6ad43,牙膏,牙膏
8200098c-335c-8479-d8dc-a2640f3a64f0,贫,貧
82024970-da0d-47e4-b16f-792e65d705ea,大爷,大爺
82033453-77fe-863c-2350-0760afa543e9,地,地
820446d9-66ea-4151-a021-02e6ab6e7341,子弹,子彈
82075fec-e590-446c-b9c4-b958f9bd7811,口音,口音
821a423a-40fa-45b7-ae65-6978192c78bc,刚才,剛才
82245ac2-c4e6-f035-8640-73adbfbae98d,拨,撥
8232de02-c1c5-5a91-19c6-bbe0d8641968,族人,族人
82334877-d7aa-ec6c-1c15-0f7fae1f1905,降雨,降雨
8236f872-ff30-ea2c-d790-131c73df18be,嘿,嘿
8238b9c1-09e4-c7aa-8c06-deb5d78bbcac,缩写,縮寫
823f5198-e958-4652-bd3d-cdaa1c6d6d0f,难受,難受
8250a2de-11d0-3a85-4538-f6badc0ffbec,渐,漸
8250bc1c-01e4-413c-919e-cff856ca90fa,电机,電機
8251f0d0-ef2b-45c6-9bd6-a62f84ec0378,标语,標語
82523754-6bf7-4f5c-a6a5-948c0262563e,残忍,殘忍
825503d5-352d-465f-8708-5e2816052e4f,转悠,轉悠
8257d871-515f-d22f-3f8c-eadfd79de4f2,群,羣
825852a2-4fb7-70c8-649c-601c590151a9,耶路撒冷,耶路撒冷
8259e84d-7026-4760-87c4-656239603f59,过剩,過剩
825cb7be-dc66-4906-ad9a-0d725550c9a1,追随,追隨
825da6c5-b491-454d-957c-3507c0eafe1f,不管,不管
825f3f58-e508-d134-19e8-d008f89f9f51,骆驼,駱駝
826115c7-b8fa-04d8-e5ae-718da77f229f,百年,百年
8261e397-2b87-a7b4-1e07-79b97f9b87c9,亦都,亦都
82622744-971d-ae99-b6b7-24dd84533713,滋,滋
8262ea8f-6cce-4f69-b62c-547560aab37f,前进,前進
82640c55-96f3-9ac2-ed15-fdc2586f8c9e,氪,氪
82684fa0-0873-46b0-bdd9-896cc5c1636f,流向,流向
826c8e56-2326-4824-8cf7-cb6ca818f97b,虽,雖
8272c714-8502-6d3e-4201-82b6d98966ba,生命力,生命力
827580c5-b751-8399-24c6-11267d344980,羯,羯
8275f6c0-189a-4440-aafc-b178d94660be,地上,地上
82762436-721f-84ee-e40f-66e56d130ba8,菊,菊
82768a22-5800-4b89-93f8-448cb85ef779,杏,杏
827db847-7e60-7bdf-e23c-015e09d513fc,万事,萬事
8286cac0-8218-4111-933e-8966a18f92ef,规律,規律
82957270-7f05-42e6-b9a3-5c70b69b9a6d,石头,石頭
8295d886-e7cb-404d-a6f4-f94e4756e7a8,挣,掙
829c6c28-bf2d-48e0-8cd8-114459df15a3,独,獨
82a36920-3ded-5498-7f64-a5c2d6aa7815,腰带,腰帶
82a443a0-3de8-05a5-9ea0-a8629f1c4e9b,最为,最為
82a8a137-eb76-69d6-3825-b0b594d18fdc,芙蓉,芙蓉
82a91cc4-5f7e-9356-1d7c-c775d2375292,党员,黨員
82a9adbf-d30a-7554-f3b5-ad5140d3252d,小妹,小妹
82ad0cc2-1c31-431b-ba57-3cdc5a83cfda,合资,合資
82ad1a2a-1ec2-4255-a624-7b0028caae1e,进攻,進攻
82b2956f-e507-e2c0-207c-d5a1a09c9d6d,新增,新增
82b6bbe5-efca-b5c3-7251-b28b804db354,纪检,紀檢
82b7bb85-e41a-6356-f316-e2f90408cbd9,纤,纖
82ba9dfc-a14f-bf23-640c-4b6a39f0c290,罢,罷
82c1a871-950b-4d0f-a69e-90bd6fd11c4b,心疼,心疼
82c6a2bb-fccf-405b-8468-23d67c2d86e2,出版,出版
82d5bac5-c3b2-4f85-bda1-d0016fb52013,包括,包括
82d9a806-8cbf-42b2-91c4-9e11d2ff38f1,证件,證件
82dc144f-4bde-a4b7-2888-7411dcf726fa,光速,光速
82dd1eb8-ec47-4057-91b0-20bba4deff58,白菜,白菜
82e7373c-3a34-4c96-8a93-4d192fae4e67,大海,大海
82ea9e69-5df0-4334-8398-433ab8aa7ff0,标志,標誌
82f44039-be94-4855-a5db-2c21bf03968f,变成,變成
82f8c3a8-faca-40ec-8eca-ea2038e70cf8,原有,原有
82fc6d29-94e3-57f4-5062-12d5813413bf,停职,停職
83096323-81f5-29d7-9d56-1d6bd155481b,天涯,天涯
8313b477-c91d-b54d-0c46-c8d419b17f22,一致,一致
8317fd30-ed74-4725-9e3f-752a54788747,肯,肯
831ad1dd-c977-6ca4-7ad6-ac984729303e,得出,得出
831c47ba-a7d1-f154-5e23-c9a771c31cc1,发生,發生
831f8588-79d2-6c85-6530-3da0d0bf9f1a,提出,提出
832484d0-0ed9-9e67-5c94-53144bf4443e,稍为,稍為
832cadd8-06a2-bb2a-542a-a9421f3a5fc8,哮喘,哮喘
832d14da-5e25-75ce-9a57-9fcff6edcfec,山上,山上
832d8134-2946-a0b0-29d4-8dbc717fa959,阐,闡
834378b7-c143-203f-c682-8739acc905d4,老老实实,老老實實
83440b1c-0cec-4122-94e4-070fd024b12b,伙,夥
834908fd-804b-4bf5-928f-f0624dfbb06c,哭,哭
834c085d-12f5-b0cf-0133-59501ec4a2b3,嗒,嗒
834f244b-b94d-e171-b30e-086930ec797e,拳王,拳王
834fc6ba-0c36-44e5-b1e6-46663a7bb1c2,突发,突發
835cd516-48e1-4307-adca-a02788d31063,付出,付出
835edf0a-f0b1-5f91-c1d5-61017d6ec502,臭,臭
835ef340-e643-4863-9aad-29dbf6e6e600,市场,市場
835f31b5-64c4-4997-b928-e7cb34bd8eae,过往,過往
835fbd85-2ac9-477d-882f-60af1a2f3aef,总额,總額
8363ced8-f86c-4f23-85d7-eab183dd85bd,发觉,發覺
83647068-b330-ef7e-ce25-5549f7f6f251,标准化,標準化
83666166-f02d-443e-89cd-12e5e6a24f65,干脆,乾脆
836a30a3-d979-456d-b1e8-82afce2b473f,巨大,巨大
836ca31c-b0cf-fdbf-c776-ca017d88fbfd,蔽,蔽
8371374d-1c58-3923-2d48-1a267b986b51,便车,便車
8374ba72-bd36-4b65-9566-6dbe6333812d,眨,眨
8376617e-d9da-43c6-9df2-3f4af6c53f01,当天,當天
837ac36b-a402-48c3-aa44-ac3a1a0fe6fb,多么,多麼
837b464d-13d3-4851-a1ad-6dc2a40d240a,开采,開採
837c082d-0edd-5b34-8735-ed676e8cc703,愉悦,愉悦
83831c63-a7b5-1938-d7be-878e462d28bb,好少,好少
8387234a-3e9b-4bf7-b762-ec2452067bcf,总部,總部
8391d79d-48dc-10a5-eb87-c77ce368ac58,都,都
83976937-9fd6-7e39-447f-4ed6a4a39f82,对白,對白
8397f58b-ca02-4cc6-b448-48ec1db748b4,运送,運送
839899b4-42a9-4709-a3e6-653b6e8ed796,北部,北部
839c3b38-d1b0-4c98-b2e5-63d02d9b14bb,宝贵,寶貴
839efa63-6001-dc9a-f5ce-0d8ca9595152,路易,路易
839fb897-dfb7-4ee3-9ff9-5375ba16d98c,滥用,濫用
83a1124b-8563-4f41-d12a-4bb33c38c67c,刑,刑
83aaa2b6-5ed1-45b4-bff1-f0306c0536f3,正在,正在
83af4c74-5c43-2e15-f961-eafcbf5594a3,栖,棲
83b78889-d1f8-41ff-b3ab-0dc90c4bc64d,投入,投入
83b9a305-7d59-c02d-952b-d9887661a486,出没,出沒
83b9a318-cf99-fb43-8360-fc4750ded6c6,李,李
83bc6f20-5bc9-45d6-bc55-edfc1b53803b,审核,審核
83bd5f7a-6d6d-b68a-1534-5d9b9fda12e8,走向,走向
83c7c242-c2f5-42a6-9977-d0e3aad788ac,强度,強度
83c90b01-e048-4289-bdea-50aacdbd8938,思考,思考
83cd3cd5-b3f1-1932-86f0-d8664d4f2a24,发疯,發瘋
83ce1f97-1d03-4884-be26-f9ec88e394b3,总体,總體
83cefcd6-b457-ee4c-2a52-c4bdd5d734a1,面,面
83d669c3-0cc6-c4c1-53a4-c8aadf15c523,阿爸,阿爸
83d8792a-5745-4350-a6b4-e8e171cf8069,电视,電視
83d8b859-493d-479d-b86e-a0d41a0108f8,友好,友好
83dadf1c-e286-4f60-bfb0-e717c605c243,零售,零售
83de9122-11e5-cd71-5bbe-a532e8f061d4,淑女,淑女
83df60d5-61bf-3f93-8090-a91da2ec673e,等同,等同
83df6d91-5701-bf74-c011-2843f6a9135e,植,植
83e1daa2-04c2-6ebe-f79b-a6af14ba917c,备案,備案
83e29934-7224-44ae-8923-be68d0dfa6a2,耻辱,恥辱
83e5b01b-f6bb-4e82-92fe-b93ad5c66794,杀毒,殺毒
83e5f3e5-d0ae-97e8-50f4-41f1b2ea3667,飙,飆
83e91c9d-f6db-4bd9-9669-22f35a05db90,为止,為止
83e9d0d4-8f14-457d-8e1f-aa8fd9d60459,攀升,攀升
83eb7b3c-70dc-4b20-8605-bb457d9bf296,抗争,抗爭
83ed0873-995d-41e5-a332-853fa0e66a8d,深受,深受
83eecc12-13b5-492e-8eaa-93fd7327fdb1,体积,體積
83f2d0f9-38d1-4ec4-91d0-d6f485293aa6,孙子,孫子
83f2ebda-b7cd-6cd3-b12b-32acdef2c149,入伙,入伙
83f945db-ac11-7063-b5a9-17c6995b855d,纪念品,紀念品
83fa5c91-6e02-8be8-9df7-c9e962f2e31a,口罩,口罩
83fdf634-b011-dbcf-51d2-93915657730b,桌面,桌面
840c35bb-5070-a4a2-0a34-5aec122cab23,穴,穴
8411942c-6c70-435a-8be8-7dd3d7f241f8,选民,選民
84185646-e45d-35d6-db94-6474337acc13,稻,稻
84211a40-de3f-4e2d-b590-36940cdbe8b4,幸好,幸好
842520e8-122a-4973-bc7f-78d06bf88113,此次,此次
842a6b81-238e-6063-796a-6e9e22473272,发达,發達
844baf94-0161-42c4-9e18-af89c4ffb090,一举一动,一舉一動
844c21c6-df2f-85a6-76da-9fa8cf902bc6,螺,螺
844d0c82-06b5-1172-04c3-2ef708b78e0e,诱导,誘導
845340f1-8b9c-8465-2d30-57f44ebacded,制备,製備
8462f577-8c6c-30bf-64df-d4b2f1cb6e15,出版,出版
84740e5a-1cff-9c7b-88b2-007409f7ec2c,唔通,唔通
8478c59f-02d5-7cde-5ff2-befa809ca69b,曲,曲
847d0d42-18e9-735c-6650-76e7686ff657,流浪汉,流浪漢
847def57-20ce-efe4-b73e-83506c5ac298,某程度上,某程度上
84820b8a-e584-4e58-bdbc-9f835edc141a,以前,以前
84841957-c5b7-425d-a4b9-0e62b3d46ecf,筋,筋
848f70ae-a77b-4170-b098-0b5ac51151d0,蒸,蒸
84908121-1e93-48b6-821e-fe0db7189e6b,山谷,山谷
84956a36-78c9-4f13-b1a6-013d7c3a7fd3,翻,翻
8498f336-4d41-819a-1ead-de623966c1b1,汰,汰
849ca92f-bf33-9071-4636-d187239cee10,境,境
849ee045-a2ba-c6d3-14d9-c768b267ab9c,洲,洲
84a5f24d-6e56-4453-a278-06dca5ff39d2,坚决,堅決
84a9fa39-a844-13eb-b41a-fcf1cf5d3f2c,娟,娟
84ac7867-2791-6734-a1d7-2f275b1b0633,失常,失常
84b55fc3-ed6f-3eff-c223-637aa91f55f1,出事,出事
84b90590-b31f-1530-0f15-30bc2e7c92c3,伯,伯
84bbd36b-998d-259d-d579-49a7c698408a,片,片
84c1a0bf-a59d-4df4-9133-4dfd00ff7132,不约而同,不約而同
84c4cd5f-92fb-e0b2-ed2e-b5c56f73eb76,俄,俄
84c7a909-f986-4855-a8f9-13b5fa9f2b2c,自称,自稱
84c9d337-acff-4453-b049-0ab7acd7fde8,想象,想象
84cebb76-58d1-6d6a-e132-b1f1dda906d1,中校,中校
84d372e5-07d1-44b3-bd66-813b368ddd79,分化,分化
84d63ac7-c2e6-e862-7f5d-b9d2341d6bba,出现,出現
84d662ef-8ef3-4f7e-895b-657e502dde20,本人,本人
84dbd198-5206-45e6-98ec-b4f6377666ee,删除,刪除
84defee6-bcd7-4760-af01-72d5ae38f29b,期间,期間
84e07548-4dd9-6e56-3322-3fd4326cc90f,阀,閥
84e1ae18-1eef-58fe-325a-7e6621bee1dc,港澳,港澳
84e4242f-31ef-4194-a252-7835d0385eb7,随后,隨後
84f232bd-b0f0-4bfa-8b6b-21777e8d61ff,损伤,損傷
84f48802-4a50-4235-a813-529e74eac13e,出名,出名
84fe0be2-3a0f-4cb0-a9ac-cfd48abdcbbb,贫困,貧困
85015ddd-8c9e-3124-842e-3e5d43392391,病理,病理
85022a76-9534-9bfd-3440-b03ed4b4f60a,标识,標識
8508d260-9b71-dc77-243a-e2468ba0a273,公安机关,公安機關
850f8b9f-1de5-4752-a544-9439916b87f4,评论员,評論員
8513d492-5072-44f2-892c-f4473f64634c,青少年,青少年
8518a4be-485e-3c36-11e6-7c313435e662,亮度,亮度
851b0c50-4a7d-b975-0e6a-c3d92c6666f5,细则,細則
851bec64-50de-4759-919e-3f94e516a56f,道德,道德
8520dce3-899c-43bd-809e-7d0706860e3d,表现,表現
8520f94c-9e59-57ce-aebf-1fd940c8f1b3,糕,糕
85236834-4a0d-45a0-bdad-749bc147805c,耍,耍
8523cb5a-09f2-474c-8053-0eeea2d97a21,涂,塗
85286142-5433-4b81-ac63-bc8de9d08d76,责任感,責任感
853368c6-1cec-9c00-f3c4-27d9ce84aba5,蛋白,蛋白
853bfbf2-d629-4f91-8f0c-b0eafcbc71a6,负责,負責
853c66b5-6bcd-48d5-b775-d1b45cb5f00b,封闭,封閉
8541ca3b-eabb-fe24-f14f-69e9fe593d91,握住,握住
854a53e4-dcd4-a3fd-69e7-a95f10076e86,堕胎,墮胎
854f45c5-5285-4962-aac0-9ad8b861bf30,宝贝,寶貝
854ffbc1-d95c-43c8-ba59-a32bfc3ee8b3,警官,警官
855c1ef2-583d-4d25-81ac-0ae6a21a6d41,破解,破解
8560488a-398a-3195-1557-ba8087def37f,俾人,俾人
85664804-4cea-4141-afbb-5d605c991ded,幻觉,幻覺
8567c480-f6a5-4274-95a2-69182101293c,联网,聯網
856c63f0-ab93-49fa-8378-f61ce5ef27c9,接手,接手
856d1573-2324-12d7-d4b8-5e1bbdab0084,伊拉克,伊拉克
857201c0-f578-4b35-ae3e-88db8633d3cb,耸,聳
857b15f4-4a78-26c5-7502-789612dfb387,活塞,活塞
8582e677-e52c-0fe3-925d-6cc87870c403,贷,貸
85840491-b0a8-45c4-8385-f79552a59532,反馈,反饋
85898ffa-60b6-c21b-4989-d00b6683768d,妨,妨
859177ca-904e-4f46-9de2-0aa4a51ac0af,互联网,互聯網
85920de8-dd42-6d1c-1c87-7ae661545ff0,火星,火星
85938256-1cc1-2b23-377f-b1885f9babd4,中小企业,中小企業
85954e59-a872-4462-8e11-6231c025bf0a,安慰,安慰
859b0b5c-8b54-4331-84ca-4fcb181a394a,翻译,翻譯
85a3ed45-7183-4e44-9d58-a9909d9ad1cc,底,底
85ab98c5-f631-4751-b70c-ae4a37581e1c,啦啦队,啦啦隊
85b0d72a-095c-4070-8461-8f38314e45e8,用力,用力
85b18cd5-b32c-4c2f-b81f-c48e426ccbcd,广西,廣西
85b51645-89fd-43e3-8615-62fa3d1c1b38,外号,外號
85b7be36-9027-4a26-855c-486210748276,热带,熱帶
85bcb70f-156c-4d9e-922b-ac3440704632,扫描,掃描
85c892fb-214d-4519-a74b-4b11fedd4dc2,上帝,上帝
85cbf8c2-3df6-75c3-636b-8518b482499c,眼熟,眼熟
85cc174d-ee5c-4769-8e62-35d42b36875f,参军,參軍
85d1a66f-fc0e-4d02-9c5c-60972b9c832b,图形,圖形
85d3274a-2a07-467f-b5e0-6a825487c519,滞后,滯後
85d78f63-b809-40c5-98e8-2aa86d0aa5f2,弟,弟
85db117f-270a-d149-d2bc-ad440ce9c0f8,戏剧性,戲劇性
85df7e79-08e7-c8a2-a7b7-912fbde76da5,胸罩,胸罩
85e13eb3-0a28-49ba-a826-2499c0de17f5,答复,答覆
85ed52bc-2851-4a9f-8a22-334c49c04994,练,練
85f0fdc2-65d3-3822-bf9e-837ac937f3bc,提取,提取
85f4d7a4-a632-154d-85a1-1809eb1a713d,工作者,工作者
86002ea6-55ae-03bb-fa12-93a551766a18,疗,療
860185ff-0649-5a95-56b9-f72c975d6714,军,軍
8601aefa-d0ea-7828-6168-fa7e912abe3e,正值,正值
86035448-ce86-471b-9e4c-f0cbda62129b,所谓,所謂
86072a3d-f15d-4c08-88d9-ed0c7d04ef1c,命名,命名
86072a5a-d0a3-4220-8309-dad75baf4cb7,鼻子,鼻子
86079aa7-4291-541a-0837-fec8e05ee39f,冰淇淋,冰淇淋
8607c8ad-97d6-47ef-8f3a-141267b2519a,胶带,膠帶
86087d57-7c71-44ea-b7e6-9491212a31d3,强劲,強勁
86137abd-d85f-9c57-a0b1-9927bfbb92b9,低收入,低收入
861cfaf5-fb88-49e2-bcfe-c2935a81aaa6,捐款,捐款
86300ad1-6a63-4033-9962-997dcd5bcb0f,浪费,浪費
8630b784-d177-c6e0-eed9-65c93f68f99e,前锋,前鋒
863325bc-3916-775c-b03a-4b157e1f90c6,讲故,講故
8639ceea-de0b-4f23-b507-c42d6271f086,会见,會見
863a8bcb-8cfb-3974-8914-b19d47fd0b28,肠,腸
86451dda-acc5-462c-83a2-3ccf85c9f7bd,难以置信,難以置信
864e31fb-50e2-964c-64d2-913d745dae03,美军,美軍
864fd9b6-80d9-41b9-a193-5ce434e344f7,股,股
865f2566-dd1b-43f2-920d-681396e9c1a8,内部,內部
8662034b-2979-486e-8deb-873b1be42cba,刮,刮
8662c645-b32c-4189-b324-18e6125a8b9b,专栏,專欄
866ad442-50a1-b693-960f-3eeab20f2573,竹,竹
866fb252-d06f-b0f9-1b17-2c610363cee0,经纪人,經紀人
86717146-c488-4fb9-a44a-006a27403c30,面红耳赤,面紅耳赤
8674fb3e-4614-4509-8229-5681193a5e38,汇,匯
8682d58e-005b-4403-b68f-a48526769db5,探险,探險
86835635-db94-b8e6-28a3-0d8406ebbcf3,怀特,懷特
868413ef-94a8-4a2c-9d7b-6a56ec710656,永恒,永恆
868bd2c4-f4c6-4fc6-868b-227e6cfb937a,穷人,窮人
8699c89e-538f-4e50-aeb0-b3d372dcee85,对付,對付
869aecab-6891-6a84-d2dc-9cdf8781f8a0,苹,苹
869f53f9-cc64-8150-031c-efc3535dd0b5,进驻,進駐
86a14eb8-5978-39ac-1808-acf7e4cc3d57,首选,首選
86a3cc05-2879-c303-84a8-7259234bddbb,中弹,中彈
86a4c178-f32a-4b8d-b2de-d9a8f42fb30b,彩虹,彩虹
86a84f3f-f684-1708-ae14-15bbda9774e9,名叫,名叫
86a8f3c7-1745-4c75-a28b-b7e271a61a65,一路,一路
86b4a100-4407-de33-6640-4b9bd03b1e88,把握,把握
86b9da04-4aed-4a90-8fb2-ecf99000b2c8,高度,高度
86bb96ac-7b92-4c36-8c5f-3785d4006612,泡沫,泡沫
86bf323c-982d-4c31-d7c7-1c0c298f51d8,种族主义,種族主義
86c04cc7-16a0-dca1-aa55-00756fab084d,认罪,認罪
86ccbc2e-fd8c-fc6c-b1f4-db42b422b30b,返转头,返轉頭
86d89ac7-4545-440f-84f0-5371e17c026a,睡觉,睡覺
86d94bb3-b012-4b9a-715f-ce1e4b529c9c,抗原,抗原
86da41fd-6bec-ee4e-0ca5-f0d3b16d2b41,悟,悟
86dda5fc-3b18-447f-a052-c3afcacf0959,动物,動物
86e3d0fe-22df-416a-873c-58773c2a626e,理解,理解
86ef0052-68ff-4d9f-9eaa-a3167d64f38c,状况,狀況
86f96adc-9acb-4c20-befc-bbf91bc55dae,捍卫,捍衞
86ff8061-a3dc-4e83-ab07-760c114e236a,意味着,意味着
87018abf-e3c3-4702-a875-41c9ead23d4f,危机,危機
8704c970-bfa8-0a35-044d-b4d4806a76a7,摩羯,摩羯
8712fe4f-a46b-2ffe-997c-6291322e98ee,保证金,保證金
87136c9b-3174-8c1b-9897-f66cce060a52,受损,受損
8718638d-34da-1423-9829-aa2e667d8ab9,觅,覓
871ce969-2ab0-2850-4038-d8765a69eaf9,左右,左右
871e961f-66b4-405a-8ae8-5cc7a7689d59,气味,氣味
8720e65d-5381-4d5b-8a4b-be1237fd4fc4,揪,揪
8721b6a7-261c-4e9b-87f2-9d2ce9f5e64c,对于,對於
87357e24-e913-47df-bef3-aa9efff4eace,坚持,堅持
8739338a-685a-50ae-a0a9-123b64dec09e,揿,撳
873bdcc0-9635-498b-a2a2-91fe20a39a57,法律,法律
873dbddd-178d-4660-9d9e-e42ff63eeced,犯规,犯規
87407da8-9f12-47b7-b5a4-4d19e0e27d3e,购买,購買
8741a758-75a7-48bf-99fd-bc265aacc15c,报答,報答
8741d49b-1f7c-4a24-a411-77ab637019fb,无非,無非
87470359-7518-587b-1e6c-4f59360861a6,女伴,女伴
874bc177-2b94-4ebc-ab1e-e2aca0a8a678,占据,佔據
874f588a-559c-4ff2-8fb0-21650cbf39b7,外婆,外婆
87520ff1-7699-7ab3-961d-c2492a04ebf0,船票,船票
8758002c-6a9a-46ae-aff5-b20b0e2b8bfa,客运,客運
875b9d6a-8633-42d9-a427-457f36605dfc,动静,動靜
8760d325-da0e-50b3-57d0-c93a6d70f473,扎,扎
876a77bc-ed5d-5ca4-3aee-89a341a911fd,边个,邊個
87721d77-4760-919d-38e5-18c0a886b925,抽筋,抽筋
877861a5-30f7-444d-90cb-62ebc9ad98e8,饿,餓
877bb4c4-0df8-40ce-897b-95f111601d2e,菜,菜
8787dc07-b9e6-55c9-25bc-deafc796130c,龙虾,龍蝦
878c738d-53b3-493c-897f-3de84f2a2a17,怎样,怎樣
878cb5d1-0f4d-4169-3764-40e52ded4628,复仇,復仇
878ec333-b82b-4e76-bb20-e28d582d9d81,麻辣,麻辣
878f68ad-1309-f262-f085-3f4dbf7fa637,回回,回回
87903828-04cf-4405-80ed-3fdd70bc9d3c,端,端
8792ed16-5d37-8735-c7e7-bc0d7c299af3,日渐,日漸
8793583f-7aab-f7a2-52fb-6ffb78595171,毒气,毒氣
87955a43-962f-64c7-3648-be74c7893557,大风,大風
879cfea5-223f-b72f-c565-884e6ea0aa9b,沼,沼
879ee9e2-2c25-657d-17a1-b292e5102fee,听讲,聽講
87a27a5f-e115-4223-a872-044bd1dcd994,桩,樁
87a48513-2056-4d6e-9a6b-4461938989fc,书籍,書籍
87a4bfdf-0483-4201-80cb-b4da7bc892d8,民间,民間
87a4c061-e86d-4e86-b80d-e970ec5edfba,投,投
87a83324-385f-4d9b-8b7b-e82f75f79cae,当选,當選
87a97701-72bb-57d6-ec0a-bd36f6bcdbb0,大便,大便
87ab2647-42e2-4ebb-80fa-f2e4a503c4d4,烘,烘
87ad3c99-bae7-5fcf-1339-b67d27a1bd2d,认真,認真
87ad8595-1dae-4495-9621-02b803881070,听取,聽取
87b5aa11-a344-2d30-4e70-0f8f25d8a7bf,滩,灘
87be60ce-2bd7-9b08-da34-c74d3c4b5bb7,雕像,雕像
87c34a13-3e9b-423a-87bf-5d5d5c50807d,偶尔,偶爾
87db1de2-ee4b-38af-8c17-7f5ae071b499,经历,經歷
87e0e4e6-bb98-b353-df40-8d2959f08038,试问,試問
87e43610-7fd8-4f3f-b9d1-dad4a47eb67a,招收,招收
87e4c6e9-41e6-4603-9c12-51f4acf8d052,选拔,選拔
87ea07d5-ada4-8c86-e0f3-ee41ebc38873,全省,全省
87f1405e-98c1-a307-cdb8-4fc964f73bd6,竭,竭
87fc0747-81c4-f6d0-d46d-2a529bd4b7a6,主机,主機
87ffb888-1e36-498f-a747-7aa679123385,变化,變化
88018069-c3f5-4b90-a757-9f4ac5eacb36,倒霉,倒霉
880319d8-d0f2-4bd0-a0d1-8116f58fd132,对待,對待
88054631-fc98-08b3-b17d-83dd1403a8e3,血腥,血腥
8806b9ea-c8ee-6fa7-540c-3ee00cb937f0,漫漫,漫漫
8808c0a9-3f60-321d-c806-c05e6d252d40,捣,搗
8809f70e-0154-5075-e0f9-03a6971a8003,嘈,嘈
880bd6a0-e4b5-724b-3b44-e79287040166,慧,慧
880db389-8744-c75e-2a56-aa38b24e182e,走动,走動
8820e076-b2bf-4e5f-9f98-2ba2b850975e,国外,國外
88213652-76de-48e9-befd-61df44e0608d,确切,確切
88260be2-cbfa-0530-2f98-6283b9adc47a,下调,下調
8841e856-e33b-4720-8ac7-041d6d0825b1,特价,特價
884c9f19-eb78-fc0f-e039-a72f4427b261,舌,舌
884f0281-67e6-be90-0537-ab8fa1afc77f,庭,庭
8850abd4-6cac-d6a1-5e4b-63be95bb0aac,儿,兒
8850af2b-8a8d-4b77-9c86-e0725932ed6f,泥土,泥土
88546be2-3ebf-4889-b6da-61af751fbafc,喜悦,喜悦
8856e94f-3796-4f91-8342-0e99870824fe,部长,部長
88573fa9-0c52-4c3b-9910-cfc60a0f2e0b,上当,上當
88594a6e-9df9-4d0c-bb6e-6cde88702407,毁,毀
885b622a-c073-461f-b669-a8ea138cb3e9,躲藏,躲藏
885bd7fe-db86-6273-90b3-66a9a4336af6,嚟讲,嚟講
885ebbfe-32d5-4b12-f617-be724b42fc15,老将,老將
885fecd0-7171-d05c-fb09-b7dd8209a7c0,姐,姐
8865ae9b-80c4-0572-90f1-486c8b095e51,有限公司,有限公司
88677c1b-1372-9b4d-353b-24a83e4cef67,闭路电视,閉路電視
88695428-27d2-44d2-b487-4b9fad4954a5,包子,包子
886b82b2-f053-4c08-bc6b-0adeca77bb9f,痛苦,痛苦
88717551-20e0-4f03-b3c8-3f4212437369,住宿,住宿
887f34e1-d82d-7a55-4743-8bafe590c78b,威尼斯,威尼斯
8883e98f-da72-456b-8d61-9efea572027c,压力,壓力
88873f1e-2a27-63e7-dc2d-aca155803c2d,屿,嶼
8895a393-1753-5b3e-a208-df000d9a7366,肾脏,腎臟
889968e0-5368-4242-93c0-aa16bb090e50,一线,一線
889cce52-0430-4b3e-b0fc-f9c990181330,注册,註冊
88a6f2cc-7d8f-4d4e-baa7-e5a1d93d8293,内外,內外
88b3337b-6be7-d3a7-3878-d7dcb0f19368,姑妈,姑媽
88b36040-59b7-5271-99b5-9ea7b3620685,陕西,陝西
88c37aea-b3ce-4ada-8638-6544660cb5a0,悬念,懸念
88c4fe06-15b8-41f6-a34c-50d4403354e0,咳嗽,咳嗽
88c69962-1bd0-41eb-afdd-2641074614b4,掩护,掩護
88c8d6f4-664e-924c-f475-ccaa9b92ca3d,身为,身為
88ce55cb-f68d-0097-a8e6-efcf0330ff49,纳粹,納粹
88ce978b-58d1-b944-986b-fcbde44bec32,老爹,老爹
88d5b684-ba20-0429-73b4-a778123b65ca,上升,上升
88d657c0-01f7-49bc-8e82-5c528a67fd7d,疲惫不堪,疲憊不堪
88e034ef-43a6-461a-ae68-a670d82f93c6,拨打,撥打
88e4bfab-73bb-409a-8fc1-9baa2f6f87c3,船员,船員
88ecc704-5173-468b-bf1e-39f0926ce8cc,体育馆,體育館
88f049b2-51c1-6ed7-bed2-bd1cc4574c6e,有期徒刑,有期徒刑
88f29a2c-0451-43e1-acdf-d82971c3e820,没劲,沒勁
88f39b96-b9a5-4400-bffc-fdd8008ffe9d,可惜,可惜
88f62c87-e356-9ee2-c1c0-a34170d8341d,不怕,不怕
88fc1c31-ca09-43a4-a9eb-785725c641b0,纱,紗
88fc97db-e67a-4842-9f51-6b9c264d2319,越,越
88fe8cc7-4c18-4781-a2f5-2245b090695b,收视率,收視率
890d0374-ad74-9a5f-e0ad-dc3f79b5bcea,艹,艹
891725ce-04d9-fcba-9451-c35e981a10b6,农夫,農夫
891b44e2-51fd-5a10-f61a-493473606c2d,涛,濤
891b76e2-b194-4881-a311-33f059803a0b,厌倦,厭倦
89202eac-3f22-ab30-fdf0-56085d27c181,厂,厂
89207357-deee-4052-bc7b-a607bb10acf6,人身,人身
89270fee-edf3-40d1-b08b-b62dee41d7fa,上网,上網
8927e968-b98a-5e51-e89e-39240bbc221e,习,習
8928c059-340e-4244-b780-0dd18ca33d0b,其实,其實
892b673f-8749-5d60-5f18-bdd2188ac95c,发球,發球
892dd40f-0228-a40f-1a45-4efdd4ae03f7,卒,卒
892e4063-e207-8c64-3175-687e0c290cea,茶餐厅,茶餐廳
892e411e-5331-8ba1-6a44-c84921e59f5f,管理员,管理員
89367523-2fd0-4193-8535-b284e47dcb39,友情,友情
893ca0b6-bae1-4c9e-8f9c-3b2d87176e4a,对话,對話
893d7320-e86e-454f-944b-a53c091e634d,重要,重要
893ff934-1e72-d15c-8deb-c489c0c6d2f4,单子,單子
8949fd83-a876-4e21-8f6e-6853f2b9aaca,迷人,迷人
8953b51c-fd03-5f49-95cd-7f089e99ecb2,袭,襲
895ac34d-0700-9fbc-9cb2-282d3f8fa2a6,增殖,增殖
895ae84e-12db-3cfa-2ac2-4a5312054f23,食饭,食飯
896106e5-77fc-c8c7-83a3-d79265000981,间中,間中
8968fdd8-12ff-4252-beb9-087452d65840,查看,查看
896dfe27-1bc0-5862-563f-8fc05f28d7f4,靖国神社,靖國神社
89710ff3-e656-7732-1108-d58c10c026cf,喃,喃
8971fad4-f815-ef12-a817-58584c19c00a,办到,辦到
8971fde5-1899-8c91-2cb0-4fc1815ace19,秦国,秦國
897e3ff1-39f7-4bd6-b14b-df0731e2bfea,黑色,黑色
8981a769-a664-4d32-888a-5f027c3b891b,影子,影子
89863cf6-15ab-7abf-9bd5-e7ae3dd05ac0,点知,點知
898f71ec-b64a-da7c-7c15-e9b2c2bc7be2,斯坦福,斯坦福
899b9628-9083-ddf0-1303-6c4f00f8f894,弗,弗
899f1e4d-340f-4443-b4bd-3aac6f20ae4d,锋利,鋒利
899fdb2c-e9a6-4931-865e-2bbd094199f7,潜艇,潛艇
89a18009-dbdc-454b-8a6d-fb13a0f98af1,治愈,治癒
89a4aa08-cf09-4329-b592-11ffd335543d,全,全
89a4bb4a-f2d5-92e2-2094-d09ddd63af0a,区间,區間
89a5987e-0504-42a0-b50b-0ccba2e66482,马车,馬車
89a8b06e-e3e0-415b-b938-4a3ed6b9e9c1,弓,弓
89ab1b3e-d02e-4ffc-aa03-a4709bbf1188,厂长,廠長
89ae46ad-aa1e-49b2-bb58-764b0f878628,递交,遞交
89ae62e8-1f02-4bbd-8063-183970ce1c1f,主持,主持
89b2fcbb-d693-4a45-b226-c59e86022f23,借用,借用
89b5482f-b3c9-fa50-3dc1-c431d23cca23,智,智
89b917e4-10a1-4346-9f3d-84f23a4abb88,叉,叉
89ba51f6-b8e2-0b5b-48f7-66e9f7a7cf65,鞠,鞠
89ba81dd-d214-ad6a-00c2-9f6fabe7c544,旋,旋
89c7155c-bd2e-8378-1344-93022d057f3d,症,症
89c87fbd-bc25-3c85-e437-476c8e43e8d1,拖车,拖車
89c880cb-6bb3-473a-5c05-a930bdfe238f,凯蒂,凱蒂
89d0da46-61d7-466a-8984-208b20460c33,抵押,抵押
89d30f56-b4f5-47b3-32cd-fcd3540c079b,羽,羽
89d3ddb0-2822-8d38-f263-7a6004b636cf,读,讀
89d9e043-8261-4cca-b134-dfc06b4a62a3,总数,總數
89e040d8-25e3-487a-af37-626501371b14,种子,種子
89e550e7-1023-419c-ac64-274830a9966b,多,多
89e9064b-5a92-4f80-b827-ca4a0b966ea3,逮,逮
89f3b0bd-c9a7-fc55-192a-671be8bd8edf,枯,枯
8a0872de-f9b8-4188-906b-a83ab4f01454,便捷,便捷
8a098070-ea67-2761-4172-86a26a344238,朕,朕
8a1454df-c6fd-45c2-adce-254574e04412,拿,拿
8a195bf6-0788-4b6b-97b5-f0873d93db83,不仅,不僅
8a1fc6ed-fbcb-468b-afb3-a3fd9cb5a42d,辜负,辜負
8a21608a-62b0-4cd9-8dab-a213748c5498,大规模,大規模
8a282f41-d1d4-72cf-9d85-c00d65fc7f7c,党委,黨委
8a2df1c3-be93-b8b5-75b4-872507023fe7,忠,忠
8a3b4007-280b-4571-848e-fe62fa746e09,好评,好評
8a469504-f677-d928-c19c-019ad52c93d7,前门,前門
8a5f8e8a-22a0-4f56-85eb-788cec5db072,神经,神經
8a60a580-22a0-4f91-a02e-3bc06e28e0ff,在场,在場
8a62b3c3-ab02-a587-827b-5c0a556305b5,惧,懼
8a6a6108-28eb-43b4-9a30-bd9ff6d8b466,检讨,檢討
8a6e8abb-6e0a-45b5-8563-fb917de21630,花样,花樣
8a6f1d09-6bc9-4cd0-bae8-549f7b72eeeb,录像,錄像
8a7aa8e4-2c15-4948-a0cc-a2fc4a593d5f,人民币,人民幣
8a7bb1f1-a2b4-45d8-9ce4-84020a3a8d0e,平等,平等
8a857f43-3ace-b39a-5654-739d7ce7b296,溶,溶
8a8df0bf-2d2a-421b-900f-41b2bb732284,被告,被告
8a8f36b9-02eb-4ee4-9ecd-a9e2ee004601,帮助,幫助
8a9ce003-aed9-435a-baa2-08fb3d5634dc,堤,堤
8aa60528-26f1-6a3c-ccd5-35dad2023808,北京大学,北京大學
8ab109b4-52ed-45b8-b011-93dee8a7c7af,手工,手工
8abe3664-ef25-4519-b916-1fb511f00e8c,续,續
8abf0f3c-878b-40a5-b701-ef1530fa16e0,诸多,諸多
8abfd2d9-7484-4d23-8a03-f668b01ac7a3,插手,插手
8ac296b4-d0e7-42b6-b1bc-2115781e3b47,勉强,勉強
8ac8f4b8-d471-ead2-6ce8-ca8cc37e4298,绕道,繞道
8ac9e22e-f869-4c12-b34a-4e146726b2b1,成熟,成熟
8ad2ec70-a7d0-472b-9f80-b8730b353511,游泳,游泳
8ad6df03-860d-4911-9d20-811dab3c03ad,传达,傳達
8ad8c686-2957-dbea-8ed9-453f77af4187,湾,灣
8addc80d-40fc-4c8d-9ef3-43f62ec22d86,回信,回信
8ae308b4-2d9b-4e10-b1cd-71c0597f8495,家族,家族
8af042d5-35e7-413f-9a78-ca8a3e569afa,大惊小怪,大驚小怪
8afd6510-20b3-43a7-8ad7-ba95b522cbac,终生,終生
8b01906a-5190-48c4-82d1-215781ad0dea,廉正,廉正
8b01a550-259c-47bc-a1fb-009a053071ed,向导,嚮導
8b063bed-35ad-49ae-b6ce-6e90c5dece42,分辨,分辨
8b0845cd-c8aa-707f-34f7-84df52166e12,贰,貳
8b0c8ebb-dcc0-51a6-d064-3c515405ae46,讲真,講真
8b1665a7-2314-9040-cc4f-26cf45611fe1,总能,總能
8b1960a4-d820-42cf-ae52-b8ed4c2f4586,尽量,儘量
8b1d7001-c255-4c6a-886d-e383d32a0483,下降,下降
8b1fada1-b2b0-4a77-ae6a-e275e62a4a8d,休息,休息
8b2adecc-7ccc-3cc2-9099-dd68fdc8a57b,广州市,廣州市
8b2e469f-526c-4c09-8b8a-5ed631852043,出手,出手
8b34f969-5b7a-df91-393d-cb8f99968f29,面前,面前
8b3e7d19-be14-4d35-9227-24cd7e3f658c,灵活,靈活
8b476622-5d79-91ec-f7eb-6e4ba2fa70cc,师奶,師奶
8b487b18-02c9-477c-b211-631d458666f0,法制,法制
8b4feda9-7728-37fd-56b4-033e3e124dfe,农历,農曆
8b52424f-e35e-48f7-ba44-341c9cb9bd59,使得,使得
8b55df36-aaa9-0ec1-1962-f2904ea31357,入睡,入睡
8b5bb145-db46-4040-9896-537d09671475,身体,身體
8b5dfd37-5a78-4aa3-a342-e72250ac9c75,晚饭,晚飯
8b70b7d7-417b-812c-ccfa-2b1a8d32e1bd,堪,堪
8b71f1e2-8e93-4123-b2c1-36dd1c2d1999,说起来,説起來
8b76f38b-36cb-43e9-89f5-b7e863915525,博物馆,博物館
8b7939de-fa54-4d05-ae8f-511c519b8fb6,突击,突擊
8b7cdbda-30d4-4bdf-b5a0-f3114f36b82c,开辟,開闢
8b7f70af-ce78-45d3-9d85-65ab220b1c74,怨,怨
8b803b94-a495-96e1-39ca-0836601a748d,行开,行開
8b815310-5eef-44c2-8276-328e7f08cfac,租赁,租賃
8b8268ca-a750-437d-9132-abd3079df48d,帝国,帝國
8b85d9cb-74bb-3339-35dc-65296fe943e7,可以话,可以話
8b8d1436-4791-484a-abbe-1a65cf94d241,足迹,足跡
8b937be3-f88a-45e5-bd16-05eb876c24dd,中年,中年
8b95fd9e-8bff-4055-810c-dea18fbb827f,帝国主义,帝國主義
8b98d04d-fc84-db4a-46d8-fc60b0505c9a,社会化,社會化
8b9d1425-3154-4839-9ca7-9d1d40961850,开车,開車
8b9e5845-1915-4f64-986f-8d313cac8007,确立,確立
8b9f9a97-b4cc-b6df-9bec-44fdc99a9e9c,死胡同,死胡同
8ba20d81-47e3-4f26-97a7-831017ef5255,觉悟,覺悟
8baa9601-66e8-7e70-1522-ad4811163046,美国,美國
8bab8d21-04d5-b6e2-cbc1-1361152a86de,枫,楓
8bb4c3d6-1c13-3a62-f9ea-79ddd61685a5,社会科学,社會科學
8bc054c3-2ec2-cec8-0351-4b2372aed140,直销,直銷
8bc9877a-7919-662c-7328-6b0f9dd283df,大头,大頭
8bda1803-8d78-4a0d-a504-240dcf7988bf,编,編
8bda8524-b97e-432a-bb03-8d73c6e322a4,二手,二手
8bdca5b2-be9c-f6d9-48a7-33f8309e459d,牲,牲
8bebffea-ee61-a13e-4229-5b9e038817c2,宜,宜
8bf12c19-7f01-43e4-f966-211e1370503b,联,聯
8bfa4ad2-82e4-5878-6371-86791dc4b16e,讲咩,講咩
8bff270d-8c48-4209-85d8-5c1550145411,降价,降價
8c010606-5807-48e9-af6e-321e9be62e30,学科,學科
8c01c70a-54e8-4d06-91fc-1103edcbe714,有利,有利
8c053b9c-03d9-4f91-8196-f1d114a27008,中外,中外
8c13fa29-2601-46e3-b61d-6718b21837ab,认得,認得
8c1daa96-7014-448e-9365-7f7a5344b773,沼泽,沼澤
8c211d4b-e487-6865-3830-204ea9aa681c,幸,幸
8c2179af-8843-9e84-e632-bf45fbfa8440,断绝,斷絕
8c259487-b2c8-57c9-20ae-1975c34e494f,不可,不可
8c2836d5-75ff-4748-8dd7-16090c30874f,宣言,宣言
8c34a303-8890-aa00-15bb-d81b683e834b,熄,熄
8c4f2707-ac3c-4120-9885-027f7ff48968,落后,落後
8c51c635-2022-4728-b7e9-3f0b0f3c38f2,荒,荒
8c52a5f2-e69f-4a34-ba84-ed7e98a3380a,意外,意外
8c53af65-ab32-c19a-aeaf-6a75190ba0cc,鸭,鴨
8c5b47ad-e91d-8af7-1c45-b8c2bf1be704,一,一
8c65ee28-8ce9-4c82-92fe-59ab0c757856,鉴别,鑑別
8c65f97f-a14d-378b-d3ed-1d442f8f10d3,公牛,公牛
8c683cf1-844c-403c-a403-c85972fdb327,身份证,身份證
8c6aa93e-3e7b-4658-9f89-336fd6ad5bf9,手里,手裏
8c6c7e2c-f0bf-4de9-8a81-646064946fff,出丑,出醜
8c6c97e7-bce1-9720-b493-6ac516092f2c,宙,宙
8c6cfa13-8e48-9e38-3fa4-3a04aff786a2,大叫,大叫
8c72b235-778d-61bc-604a-6dd59ff9313a,责任制,責任制
8c824fe0-26fe-42e0-99bf-226e6fca9dc1,各地,各地
8c843c60-6087-400b-b381-bfe099b03fea,政治,政治
8c86d82e-54a2-4f68-afdb-de245adaaba0,骨干,骨幹
8c87abea-6d97-447a-b877-037f2664a8f8,环绕,環繞
8c894bf6-b7d3-0b1a-4e31-3290115f7374,浙,浙
8c986a72-8f57-4175-47fc-89313421f349,有一点,有一點
8c99220b-0726-25ab-3df8-f8c09b7881db,几千,幾千
8c9da602-9f28-c77f-66d2-2a78bc501be7,夜,夜
8cac55d3-8a2b-519e-7a7e-571a12ce9f63,取出,取出
8cadb836-7614-402d-a7a5-a4af805a4aee,争夺,爭奪
8cb32531-8f62-4849-bf77-d976ea3b8767,担忧,擔憂
8cb9e2fd-bbed-48a3-8f77-b46b25476796,失眠,失眠
8cd4708d-7b6a-092d-f217-75f3e2d77c68,叛徒,叛徒
8cd4da5c-4ce7-4927-9e45-b28d79ec320e,这时,這時
8cdd5e56-0b1e-42a6-99f1-ebdb654395b0,牧场,牧場
8ce59be0-2857-466a-8baa-b828ae6540bb,立足,立足
8cf2a121-8696-0de0-1e2e-4e552e058893,匙,匙
8cf2a8c9-5701-0207-e99c-2761bdce3908,上尉,上尉
8cfaa3bc-106b-2026-627d-3ff87cdf72d3,爵士舞,爵士舞
8cfcb5da-ee3d-7e5f-08f4-5be8389c0172,声,聲
8cfd69cf-d1bf-4f27-b0fa-e7ff25894ace,地道,地道
8cfd7561-b49e-4103-b5bb-7caca253c300,构造,構造
8d0d04c5-2882-4ed6-a1e5-881ddc7a4072,领袖,領袖
8d0d4a69-4d34-5631-e78f-484d90ff61e2,人民法院,人民法院
8d0df0a5-1844-4df6-a11b-7e067fac78fa,宁可,寧可
8d0e9caf-8e16-3c67-20ef-300bc77fb7ed,斧头,斧頭
8d10628b-64ea-42ea-a5f3-a7a8557e5aff,半年,半年
8d10da23-d1eb-49d7-aff7-998bd036a261,船,船
8d163ae8-d60a-4c5c-bc9c-892a3a558bd0,无知,無知
8d16e950-a6bb-617e-c6f6-1c6884358055,垃圾箱,垃圾箱
8d187210-3307-49cd-a94e-6027160a5a59,所有,所有
8d1a9a27-03f2-30d8-da5e-7816fc9b983a,多达,多達
8d25b987-f6df-34a9-987d-7008903f4bb4,全民,全民
8d2c0494-8c4c-49f4-ab2f-d1ce4a516e7e,广阔,廣闊
8d2cef5f-f804-451e-9dbb-97ddbcc59ee9,许,許
8d2d2b76-1ac1-4a46-8342-69f353cc4518,数据,數據
8d2e2122-cbe8-4e82-9618-2b2b4dc82193,航天,航天
8d2f6e7e-ec1a-43ed-810a-4bed37083524,口,口
8d369c46-29c3-6fbe-eeea-88832a7d074d,不乏,不乏
8d3bcad3-f048-4f97-9750-4e079de17483,旅途,旅途
8d3c1c09-307a-f0e5-6a26-02300bd9d583,的士,的士
8d42d40b-81c2-4d98-8abc-3388c9c569a2,饭,飯
8d44f2e5-86f5-229f-bccd-9582e6758dff,矮子,矮子
8d46bc8f-4bbc-2ab1-b3bd-0f16b829907c,雪橇,雪橇
8d55ffa5-3d1b-4e3e-86c8-4a42ed2a9c90,提高,提高
8d585d69-b3c0-58ca-e0be-d1da0af36cdd,不一,不一
8d5c9943-9520-a4ec-4410-bcd66d9a0f6f,队,隊
8d5e9f02-bb7a-44a9-b17b-df661d055d93,来访,來訪
8d5ef173-d03c-4d1e-924b-48ca617062e1,灯光,燈光
8d603845-3e3f-4b02-8588-035ce0b39adf,理所当然,理所當然
8d6148f3-4a7b-7e76-f5f9-ec5d034dbde4,音乐家,音樂家
8d65c18e-f001-41b1-83ed-6b42d40d2424,遣,遣
8d67cba4-c26c-60f5-0f2c-38ccb9554b76,廿,廿
8d711fbe-e8af-43eb-3f19-315fcd280916,薇,薇
8d766afe-036a-40ef-894d-add5cc1c31b8,无辜,無辜
8d7e291d-7e7d-48bb-bfca-c4add733aff8,将近,將近
8d811837-a2e0-4261-b1a7-fd512240c00a,虚假,虛假
8d8270b6-91b1-fdc4-d42b-856b9a850555,三国,三國
8d835564-e60e-4371-b416-492c5dce8d2c,办法,辦法
8d8cd68a-25db-0d4f-c64a-cfb92fabdc63,前人,前人
8d9314f3-a6c1-3ea2-c15f-f513f65b8686,独舞,獨舞
8d94d0df-5ba5-7b84-6d95-89028ba6ce9a,教导,教導
8d977a9f-30b7-47cb-aeed-d9dea76c7d97,自卫,自衞
8d9a12aa-00d6-4508-ae6b-156077cbf639,葡萄,葡萄
8d9fc0bd-c38e-459a-ad11-2e8a7766ca2b,外贸,外貿
8da08025-8263-c86b-40c4-81e429ebf186,地产,地產
8da3ee96-e91a-4f18-9aab-85af2c7bb2b9,高尔夫球,高爾夫球
8da85bc7-554f-4f1f-992d-9f38657f2026,行程,行程
8da9df74-dfee-6e5f-fefe-37cf718609e8,呻,呻
8daa4fd7-b9d5-47da-b0a7-693c57320f73,足够,足夠
8dac132f-662b-4767-21d2-ea4c6b08c901,邓小平,鄧小平
8dac71e2-c029-bc56-0902-7c5999768aaa,宵禁,宵禁
8dac9674-ea42-8613-a0a8-2b8cb3128e74,西藏,西藏
8dacf603-d3ac-4877-8d04-9a0e49d2a8ed,要不,要不
8db78dc4-4b52-c448-6e27-3d5bcd221ec5,瞎子,瞎子
8dba1099-6681-45e7-8fb4-ff9f6e5036ea,归纳,歸納
8dc71e7e-b531-4b64-9299-373c30c3d1fb,经历,經歷
8dd3d831-63b6-0962-f557-e481f1de3d5e,咪又系,咪又系
8dd90f0a-ae51-4011-92c6-dba126b2e94e,口腔,口腔
8de4a0e1-2362-49fb-9793-964597d5e746,检测,檢測
8de5f86f-20a1-6226-2c6e-c89d9179dd8c,股东大会,股東大會
8de63676-2d39-433b-a8a1-df86dd53263c,命题,命題
8de8e1a7-6b28-4668-9660-b4572e820ce1,投降,投降
8de9506f-10db-3d2d-0c38-bb402c7288e4,山水,山水
8deca50d-3516-4eaf-bcca-2e317c0003c5,增大,增大
8df2290f-dcc4-5b18-9e0c-e8bd030a75fc,笔者,筆者
8df5e7dd-df7b-4e8e-b8dc-831decb1b91e,修改,修改
8df6737d-a8ec-4663-ad5f-a684eb3a1a52,大小,大小
8df96484-3f2f-ad75-93c2-60a46e400705,侍者,侍者
8dfe6dff-40ef-1136-70a7-f30fa78a541d,长虹,長虹
8e02653b-fc2a-fa30-d2da-a532bd0b68ad,渝,渝
8e0b8f0a-fd7f-a706-9ebd-31e3c22351d8,轿,轎
8e0fdb3f-d1f9-41e2-98d2-cd9a2bf50b97,西瓜,西瓜
8e115f46-180b-448a-abd0-e0859d401916,承受,承受
8e173335-21e6-aba0-725c-dc8e8156536c,萨达姆,薩達姆
8e1849ef-6bb5-4272-9615-6f105a92f370,改装,改裝
8e189ac0-524d-45fa-b084-16f81323e15e,窗户,窗户
8e311782-f690-4d69-8737-83e0101f9340,充满,充滿
8e39f92c-a9a5-4006-8d78-a7c38cf54f1c,交易,交易
8e3f0332-64e1-e137-fabc-e2383c1ff058,门前,門前
8e452608-9513-6159-e09f-24f29780591e,蝴蝶,蝴蝶
8e48f61e-52ba-4b52-b584-8de65e31f5ab,丑闻,醜聞
8e4c685d-be56-a1f4-b303-0dc5404ee4fb,妞,妞
8e5022bf-f978-0889-9fc4-962e11995dc1,生还,生還
8e5763e9-dec4-48d6-be84-fe6efe7d3337,无效,無效
8e6042f3-22a7-d7a9-fb09-583f56776c38,羞,羞
8e6093cb-3526-4779-5e3c-93b0aae503c0,高中生,高中生
8e6be6a4-5ac0-1c49-1899-a7bd49f0247a,买家,買家
8e7374a2-af99-62e8-e387-d62bc9f7219b,散播,散播
8e7402f2-0e80-49ed-8138-49bc172226a3,跑,跑
8e752650-2bfe-dbd8-e476-66103e3f62e0,俏,俏
8e76eb2a-a922-4eca-1da4-487ef61546dd,电缆,電纜
8e775b7e-25cd-243e-d967-acdbcdc41b20,姑娘,姑娘
8e787012-dee9-4e79-aa4c-38b36209b173,白天,白天
8e82070b-4a4c-d165-6b8b-8e06f2e4b7c3,死去,死去
8e82b546-2790-4256-8e05-1f7273fbbfa5,口味,口味
8e862624-37a4-a45f-4c13-802cac397d25,唔知几,唔知幾
8e875590-8770-42a4-ae54-1a81253a6525,大不了,大不了
8e87639a-f50d-798b-d46d-e5b338fe8de4,嫉,嫉
8e8baec6-0acf-4cd7-b049-35d62100b2ce,储蓄,儲蓄
8e8bc93d-9ccd-4bad-984d-82ed7cca6061,扶持,扶持
8e91d7d1-01ba-1405-59d9-365a4dc8815b,仇,仇
8e951309-1837-6662-f845-6aa7d1ee6f9f,渠,渠
8e9542fe-d3ab-8f56-135d-35d919a9325c,一等奖,一等獎
8e9cb2ec-8ba9-450e-83c8-a923f8fda930,失恋,失戀
8ea7de37-a792-78ab-10b1-e61eea78ab12,抬高,抬高
8ea9311d-9cac-4677-88ca-39c2871e5cd4,戴,戴
8ebff5fd-90d9-ee07-f1f1-4ce9ffa32fd8,戏院,戲院
8ec0d36f-9428-14e6-7a3f-9b1e67b1ff23,探访,探訪
8ec5ed75-ed95-83a2-800c-c84022b96ddc,不好,不好
8ecb5cff-419c-4272-86e3-36f8dbf008cc,尽头,盡頭
8ed0586e-1b3b-483b-9854-319eda8a5c02,豁,豁
8ed0911f-d7b5-45fe-a015-f860e5f1954d,拒绝,拒絕
8ed7ae04-0ce4-4623-8487-43c5a7651875,打畀,打畀
8edcef0e-a134-4039-8d85-bc1c3dd9dca2,无缘,無緣
8eeac92e-c5f6-4cba-b126-1c107553f1ab,小人,小人
8eeec536-7ddc-40a4-9958-0d45a0c8d6c9,限于,限於
8eef7555-f7b1-422a-993d-39000e7952de,方向盘,方向盤
8ef08455-5214-f1af-edb6-89c805ade924,龄,齡
8ef106dc-1c1c-fc43-5919-019f239ee71c,听,听
8ef4bd03-fa60-487b-a799-d01d1a32ce60,不止,不止
8ef5f0fd-f906-4b15-9219-a8f710b163e6,能耗,能耗
8ef8bb5f-abee-d7f4-1659-92a69681d83a,只能,只能
8efca102-7241-69d5-e1bd-7f36f018a081,中转站,中轉站
8efd0297-30c0-44bb-a2d6-fb7f15c4d41b,分裂,分裂
8f088acf-46c4-4866-80e4-b1007816ff33,选,選
8f0b8c26-c01f-4681-9d77-f62e19983178,一贯,一貫
8f0d69c5-7d40-41fb-8047-ff77a3f4689b,它们,它們
8f121bc9-ef7b-45f9-a27e-d5ab946dba08,作物,作物
8f159867-ae4c-4ab6-96c8-afdb8dc293ae,严肃,嚴肅
8f18ce04-a317-7eb4-5998-1e96bb47f416,精神文明,精神文明
8f19be44-0ffe-4ad6-a5b8-020c077dcf9c,增长,增長
8f1c7535-896b-77bc-efaa-2a2b1d025016,首届,首屆
8f1f83c7-f235-48fc-9c52-98cc75e50628,摆放,擺放
8f26db6a-a34c-4b19-9cdd-cb40ee3c5a8b,试图,試圖
8f27ba6a-dd3d-4f74-82ea-af85f6839d2d,举止,舉止
8f280416-1c46-44e2-bb86-1a073878d5bb,重伤,重傷
8f2de376-8b9e-4b35-b9a2-446443caf975,尽情,盡情
8f35ef26-dd92-4038-8e29-4e32e32f153a,繁华,繁華
8f3b26ff-33ae-0305-2272-845d45dbaa33,姚明,姚明
8f3f66b7-8108-46e6-8045-e37b9fb70add,挑剔,挑剔
8f4b2681-d59d-4ec3-bda2-36010d55a0e7,妨碍,妨礙
8f4ce250-c458-35c3-03ba-01ae706addc1,未婚夫,未婚夫
8f523f23-7474-40b0-b03b-669443fcd452,接连,接連
8f605541-fd3b-ab6a-782b-636bec33d5dc,甲板,甲板
8f63dee3-edde-ec5e-4991-38068905c3d2,足协,足協
8f676f49-94c6-495b-aa84-198066043bea,下来,下來
8f6d9604-4eb4-4d62-888f-106a724c9175,化,化
8f6ef984-1159-4f62-87d4-8f2a74f6fe80,摘,摘
8f6f865b-4e82-40b0-b875-49a41349ed73,宝,寶
8f73d2e3-12bc-4420-bbf2-ff71ed812bec,通讯,通訊
8f7c6830-85a5-4748-f4fb-b1070ead78c8,余,餘
8f7e7587-9344-4a72-bd8f-24115d0fdc66,建筑物,建築物
8f83300a-dada-4813-99d5-4baa1762ffdf,俊,俊
8f868459-deb0-e069-54b6-51f90d88ad9b,越狱,越獄
8f893444-0d9c-48e1-9e51-5001d3d02ac0,克隆,克隆
8f8cd50a-1a38-43e9-86a2-73e8ae534a7f,顶级,頂級
8f8dff4e-b6ac-4e56-9e57-d5ba5492f2be,灌溉,灌溉
8f9afd7e-681c-fc7d-dc95-c50b12ef268c,匆,匆
8f9ecf7e-669b-2e45-59b4-6c4ba3be60f2,拐角,拐角
8fa56872-4b28-474c-845c-d5c3098358eb,果断,果斷
8fa89431-bf94-4a68-a777-c8e4aab66067,试用,試用
8faceb33-c3ce-9efa-9993-980abdde6335,紧要,緊要
8fb14ab3-2ae1-8bbe-1150-e2b125b69984,光学,光學
8fb30755-22ad-40a2-b711-46c35d31d7f5,咩事,咩事
8fb5fac0-567e-4b24-88fe-d3b0b1c95f8e,同等,同等
8fb5fec0-71ed-47d5-b00f-f234cec4994e,元,元
8fbcd633-1490-404f-bb8a-f083257acefb,责任,責任
8fc4c723-8ab0-ce2f-4afb-312b1647cd6c,驼,駝
8fcbf8d6-351c-466f-bf28-5796f8eb4e94,风格,風格
8fd1ca1c-b5bf-48b3-8d3d-019403e70d34,致力于,致力於
8fe109f2-6d54-1fb5-b5ab-2ff746cec9b5,预谋,預謀
8fe2ec52-398b-7ca8-bb48-fe45eb9fc1b1,甫,甫
8ff218a3-028b-494c-b7a4-3326fefba744,无耻,無恥
8ffbc058-42ef-4321-b15a-33e2a4143804,跑步,跑步
8ffe6bde-3853-4053-8e1d-00f3c9fac8b4,球队,球隊
8ffe7779-c654-4727-8279-a5084648dc5c,半天,半天
9001dc18-efc8-460e-a2c1-b787ef710477,熟人,熟人
9002e4ac-38d7-4544-9fb5-8a3260528001,竟,竟
9007676e-b911-46c5-bcb7-14ba33567c08,顺便,順便
900821e1-ce66-431e-af0a-27e145ca3177,从来不,從來不
900ff815-fe28-45dd-bffb-19c1673edc9f,初步,初步
90190ce4-955e-ade6-bbe8-a6fe836bddd9,老友,老友
901b766a-a88c-99bf-a726-3601efa74a84,惧怕,懼怕
901dd44b-b2fb-6452-17f5-3f0edf1b7f7f,针织,針織
901ee166-4a6c-424c-8195-636640e147b2,阵地,陣地
90217623-1797-4029-ab26-c7ab633b0191,餐,餐
902bf532-cdba-6c47-4fde-85cab1e7b287,绵,綿
902d9af4-ebef-4e57-887b-c2db80f6672a,长大,長大
9032b42c-6345-4df6-91c5-c6b88be1d557,星座,星座
903e46c4-db61-03d4-3b14-96b91d818fee,娱,娛
9041d76b-93a7-4256-8543-5c44210458cf,天使,天使
9043b2b2-47c6-0b21-1e1e-387801e304ba,晃,晃
90478846-2f0a-3da1-31ea-1ccfd38402ee,思,思
90499fda-dd7c-4f94-9ad7-ac2c03ad5f22,干旱,乾旱
904d0812-a01d-4ccc-8c8b-ab026e0425ae,迫害,迫害
904d7f31-7ea7-a234-1951-b55f70736139,鞋带,鞋帶
904ddf4e-8086-434c-a573-b4aa70cb1bae,猜想,猜想
90524cdb-44ae-6be7-9667-c8b3a03bf257,苏打,蘇打
9055a48a-4678-d466-1f0a-77c0ce5c9bd4,疏远,疏遠
9055f91a-4962-68dc-89d6-7842132873e8,鞋子,鞋子
9057ddf1-e7cf-b23d-a6d6-dcf815315bd2,流出,流出
905d453f-e08d-4572-8441-ff787077e3c7,剧烈,劇烈
905df307-5bcf-4bcd-987c-b342dca7d657,医学,醫學
905f5320-4674-49b2-85bf-32e385dd5a3b,艰难,艱難
90636ee9-bf94-48ef-8bfe-5b8a695edda2,优化,優化
90637f9a-51c9-4460-9594-a91cd06b52cd,纯粹,純粹
906395d4-80ab-43c6-8e94-fd431ca8ad70,灾害,災害
906791b5-5f97-543c-bd78-b31e4ead121d,多啲,多啲
9068d55e-7ed4-4d3a-52da-7d8cc1690a82,地处,地處
906eec58-ad3d-19cf-acb7-3ee1b97a7b52,辖,轄
9071b2fb-9258-c3a7-1d0c-ca781f2d6d44,澳牛,澳牛
907a2468-efa1-4507-972d-770f1a490244,雨水,雨水
907ef989-9067-40af-b443-7be8d8e2b605,不好意思,不好意思
907f0917-5d70-7ab7-c889-d81d2788946a,喵,喵
908828cc-2367-4a77-98f3-bf833471ae87,八,八
9091f74c-ff9a-4d98-99ff-4f2f22afd673,住院,住院
90936038-e3b4-4a4c-93c3-73c4ad1865d5,理会,理會
909aac10-5090-f064-41f9-2924de8ffa85,殿,殿
90a0a40f-d2b4-f743-9423-b2298336b9a5,耀,耀
90b8d106-5d69-96a5-ad9a-35c54533bff1,到家,到家
90be3e2b-a453-9389-2763-d6e89099e4e2,乘机,乘機
90cf01df-cb9d-d8de-b0d8-bdbb6ea25001,伯爵,伯爵
90d30cf5-58e5-3515-6156-32311523135e,赛季,賽季
90d45f70-128a-420b-a31e-ffb6074ca2b6,粮食,糧食
90d9d10f-cb5d-fa1f-a5dc-df06b43cc658,手提电话,手提電話
90dc386f-7522-54af-db48-60f3e0b656bc,潜意识,潛意識
90ea712d-73ce-5385-763d-eda1cc009069,呎,呎
90ed8623-82f2-4154-82f6-dad7b17317d8,年纪,年紀
90edd535-3977-490c-b361-d9be33a2439d,钱包,錢包
90f0a144-766e-7d04-a23a-225b11fb3b5b,舍弃,捨棄
90f488a8-1f17-e58e-389f-8fa8d01b6bb8,稿,稿
90fba0f9-2ded-e2ce-e5ea-4f5eabc62676,杰,傑
9106969b-8d82-1aa9-6e16-121ded8e1323,复杂,複雜
9112efc0-22e5-0a64-c1af-e0b9e442c0cc,脉,脈
91157270-10d0-4aa4-b7de-68f506b33862,药店,藥店
9115afd4-fbf7-e9c3-55eb-431ddd49cef4,娘娘腔,娘娘腔
9115b798-fb63-b04f-225f-8cf3a87c80aa,幸运,幸運
91196100-027c-4814-afb4-7c27015f080b,坛,壇
911bf1bb-9ca0-4e19-afd3-02800901587a,受,受
911f3c5c-368a-4618-8231-65544a42b203,尊贵,尊貴
9135d279-f73f-0b2f-a6f8-ebdd469dc906,辽宁省,遼寧省
913630bf-ef9a-9f08-bc8f-5b11ef290fd1,魏,魏
913d0dc4-7a77-cbda-3092-c55b40bd00a6,巷,巷
913f8199-1cf3-437a-8fcc-31ed3ca64422,侵权,侵權
913f8e45-3d78-4366-6a14-f981e8b54c22,小米,小米
9142d4ad-b191-439c-bb30-30545a603efb,见识,見識
914756bb-3e85-407c-bce0-a62eb4bc7229,礼仪,禮儀
914a24dc-d604-4435-b077-bead8b94bbbe,机会,機會
914b7622-7903-2aad-a16f-85138f787b19,网,網
914d8e6d-8ff1-4b86-8b9e-1770a172ee64,朝早,朝早
915ae32f-3185-4330-a30c-f5db74ae09c2,丢,丟
915bb0ce-a74e-4d6b-8c4c-f9a3103fbe2e,冲浪,衝浪
915f43a5-eb66-a6f9-99d2-7ba054a2d674,发病率,發病率
916061ad-f5be-4257-9db5-2ca56c1364c9,违背,違背
9169902c-75d7-46e3-8043-b1dfe23a5957,票,票
9169dfb2-dfa0-4cb6-ac9a-49e6f76c338e,统筹,統籌
916eb804-a1d2-42fd-9fad-d070bd4f5a64,列车,列車
91733a01-0527-123b-0a36-92b2248f616b,鄙,鄙
91758f97-521b-c952-61c3-84a928d04ebd,场,場
9175a732-2bd4-4d7d-8227-87ac2671aa37,动身,動身
9177a6fe-0c9b-b6d7-f9cc-16047bed4ae0,雅,雅
9178e112-ee6a-47f7-8a65-a56df3e06214,未来,未來
91797598-49c3-4b4a-b324-7c6ba1e3e859,披露,披露
917cae32-89c3-46b6-7232-67794d4e95ae,单单,單單
9182c81a-e019-4a48-bea2-902c592a4a79,在家,在家
9189fdfc-eb62-48f8-973d-5e2a40e41442,再次,再次
918a2e34-bb17-be08-a324-e9bdba8cb3f7,可怜虫,可憐蟲
9197df24-3468-4991-812e-ea5ccc02c842,知识分子,知識分子
91985fa4-5ea1-4134-8e53-b0d14998a374,病人,病人
91a31cfd-4fd2-cc6f-4061-3d3d981c23ce,高速路,高速路
91a4104f-614f-1d91-2bee-b6089ace1491,罐子,罐子
91a4eeaa-9502-2fb9-ccd2-89778139d73a,捽,捽
91a764cb-280e-0e5e-018f-9a11f76db150,马厩,馬廄
91a8342b-e929-d83d-6447-d4867c9ce903,励,勵
91ad9b9c-826e-41c0-9981-5d8fe04c7fb7,商务,商務
91af1907-dc77-496e-f357-af05dfb8ad81,荷尔蒙,荷爾蒙
91b0a868-32da-4bc2-9441-c2cb1b119a10,越过,越過
91b22cdf-56a1-5983-d6db-541bd55e7eff,哋,哋
91b47876-126a-5b2a-9afd-a3a9b798ba30,犯,犯
91b5ea14-38b3-4da4-a487-c5c2acfb1fab,虚构,虛構
91be506e-ef76-07bb-1b58-41bb707e8dc5,两岸,兩岸
91bf857b-bece-4144-ea97-ff4b42f42e59,承包商,承包商
91c54753-64b6-f8b2-092c-0580668c7add,贱货,賤貨
91c60a7e-197a-e6c2-8115-f39a966dc285,居然,居然
91cd2611-9f8f-ead0-e9ad-24fe94f39f90,营地,營地
91d4b3e5-7d68-7168-fa17-0ab955129da3,马戏团,馬戲團
91d9dab1-48ba-488a-be0c-ab3b57ff86ee,实话,實話
91db4d25-5e9c-ef22-6208-9b4bfcc2d519,道别,道別
91e18140-6507-41f5-a185-bacc1967206e,符号,符號
91e44de6-5d57-3366-1625-c04c29a91317,四周,四周
91ed2e56-db42-c48d-ed67-54ba711b8e53,重重,重重
91ed8bd7-1303-4370-a614-80509915c9ef,字幕,字幕
91fafb0b-e623-414c-8e52-3578f1fb28e6,全家,全家
91fefad4-5a07-99ca-65c4-356e1526faf1,童,童
920a4c1c-35fe-dd0a-c66c-9844019e1ec5,宵,宵
920db27a-c988-4f8c-b988-1c2230cf2340,亿,億
920f74fa-6252-3727-78e4-cc7cd87106e8,杂种,雜種
92132259-8aae-7cf2-feeb-fbb1d4cdeaf2,隆,隆
92174515-73bf-49f0-ba3c-e357d1181b0e,推开,推開
921a8964-f268-2453-9d29-4b917d302ca4,卷,卷
9221e91f-c9fd-7f51-f08d-d5da8d1c0a2f,合,合
92227edb-0c50-4a6d-a921-4954b32f4def,多次,多次
9223da53-d16e-4598-b0fb-6170cc75490b,硕士,碩士
922c9c84-78ed-4cf0-2a66-8e63a1f31e43,二手房,二手房
9234a4ff-3a5d-4a30-cf56-be91fba7fdfc,折,折
923a3a9d-43aa-6f47-d88a-b2120ff32be3,真是,真是
9242a1fa-ccc2-4e03-9bdb-0ff883c57c87,体操,體操
9244a4ac-a33e-278e-55f1-61ae96943248,大钱,大錢
9246c06b-9c41-41b7-9c80-6362fd8bc85f,教师,教師
924cf64d-29f5-4b61-6316-d5b74a24997c,索,索
925015fb-45a5-4938-b328-82b9128e7b62,评价,評價
92520659-5928-236f-d427-f2c90551f077,乐团,樂團
92562190-605f-3878-eed5-47373ef39b83,翁,翁
92611ed1-a0a7-ac9a-f17f-36d2a857ce1c,泳,泳
926510d8-7800-b146-01cc-31967c7026bb,毒性,毒性
92683c63-3104-47d1-9bc5-222a33d913c6,帽子,帽子
926e9e89-4302-43d0-bae9-64f7e392a86a,成交,成交
927247bd-8907-4bb2-6044-19011f82f86b,锣,鑼
9273b5ce-9433-4b2c-b807-8fa1359ce6d0,南北,南北
927631cb-3d0b-b5e5-0ed3-3c707672da52,录音带,錄音帶
92781b5e-f65e-2747-5cf2-2b7b924a3fbb,己,己
927f97a0-ec94-c229-3ecd-8d068d63b094,不由,不由
92847ce6-c9fd-7a8e-dbb9-2b28d6042477,挣扎,掙扎
9285619f-34af-4e16-869a-74e4c2767cee,瞄准,瞄準
9288346c-48b1-42dd-94b8-2a15d28a3536,拎,拎
928b9b1e-09e1-469c-b810-04ff8c439191,公积金,公積金
928cac89-58f5-f95d-65d1-d56753c92182,意大利,意大利
928ed7f3-1acd-8b50-df26-1d0aa6ff248e,长发,長髮
92ae0f16-5af5-ea85-04c1-4148085bd0cf,菌,菌
92b6fe41-579e-ca9d-9fdf-6846090e71ba,枪支,槍支
92bc6550-c167-276e-2e40-c8e3330ada34,劳伦斯,勞倫斯
92be5969-259f-5d6c-ef13-d4edeca88f7a,药丸,藥丸
92bf0885-f6d1-4d8b-9818-e601dab56aa7,谋生,謀生
92c9e841-fbe8-4108-bfd8-6dad42a08ccf,地下室,地下室
92cb7375-a1f8-2c18-b524-2639df179fec,特登,特登
92d396bf-17ff-7068-77da-33603ec30c5c,应,應
92d5740d-3d7a-4eb5-b0a3-5f57af14c8aa,搭配,搭配
92d6b03a-a107-2c7b-5964-db3d72fd8cc6,赌徒,賭徒
92e16408-365b-4baf-6914-6769f47fb7f8,之余,之餘
92e2fed8-6dfe-3076-0f47-a8499e2d7923,沫,沫
92e47937-81b2-02e9-01f5-dd63d0acfdc9,华,華
92e7958b-87d4-4276-92b2-f346938506a4,奋斗,奮鬥
92eca491-ebdc-4492-ad03-93b0c0025f1f,切除,切除
92ed371e-1cde-0c77-fe08-0c29553842cc,荡,蕩
92f37e27-6f8e-ea02-7f6b-16f3d1c6bbcf,分子,分子
92f80351-7253-0c5b-6a04-0342f77613cc,星期六,星期六
92fa564a-11e3-473a-8240-cd041975f35c,故事,故事
92fec2b0-81f6-4091-a4df-b635497cea04,频频,頻頻
92fff287-87cd-7675-fa8f-fe447552fe2c,人家,人家
930e0033-06e3-4b08-62e4-5f391dcc8be9,貌似,貌似
931712d1-df63-43f0-bccb-41a1d34a551c,除非,除非
93197257-8407-bc2e-6ad3-eb35363d2938,玩牌,玩牌
931c79b1-0f03-33fd-1806-eeee2a43fb52,嘅,嘅
93226186-3dfb-4966-ae90-3cd541582f6c,随意,隨意
932456e0-2ba5-1086-33c1-748bfe1c91c1,小偷,小偷
93365bd2-585e-445a-9511-3414d6149e4f,来源,來源
933a5a8c-5a4a-36d8-e5f4-e786221017b1,逊,遜
933aaa94-c69c-47b5-9435-fe24244afb32,好转,好轉
93415e95-e858-00ce-baca-ef450620faba,劳,勞
9342f73f-1406-4660-990c-3ee0b546e6e7,助理,助理
934dc643-6f41-e016-47cc-b86bee5e1af4,跪下,跪下
935691b4-de9e-c469-cc1a-4a4204eab1ac,停,停
93570626-f0e8-4e50-9dcd-ad4c79d26012,心血,心血
935758ff-6087-c532-026e-97dc97b9b453,日更,日更
9366b90e-bf89-4d14-9b08-767610faa2de,大多,大多
936b5f03-5db9-4991-9aab-7dd0b3de18f1,激素,激素
93738232-c9f8-ceb5-0fa6-72c81d8d68f4,除掉,除掉
93758e1d-0302-0417-b9ec-ace000c2b37a,校规,校規
937f0422-7050-4abe-a04a-74e0d6320193,裹,裹
93812bb5-c8bf-2065-d127-2808ef364a46,祛,祛
9381b6d2-753e-4578-bc4b-5a5401b29d82,个子,個子
9389f665-8d7b-c51d-bfad-297c98df021a,中国银行,中國銀行
938c8bf1-0893-4258-9447-5c92e5579901,以及,以及
93903d0b-79a5-04e1-fc2f-9aa365ae973c,最先,最先
93923410-acd2-6580-4fcb-e3d4b03f6c3f,种,種
9394cef7-26ca-4ea4-39bd-0b2f71800096,贝尔,貝爾
93960e52-d3f8-4138-adf3-1f7124c83ec5,地震,地震
939b81b4-889c-4e78-ad15-53f8d0fc28ae,巧克力,巧克力
93a13548-62ad-7334-e60b-6e7b5f7fa241,负荷,負荷
93a53f42-12a6-45dd-b82a-aaa4a99053ab,间隔,間隔
93ad4005-9c1c-492b-8432-bcf58772c667,腾,騰
93afc594-04cd-4445-a9c6-65902ccffb45,谦虚,謙虛
93b1e1fb-3387-4b78-ac8b-5c833d3f8129,准时,準時
93b530ac-adc4-4116-a31b-94b0e5af2236,营造,營造
93b66ec8-583e-75f9-2d0b-2ffc3d5b0a10,骆,駱
93bb6253-b0e2-afc0-8b7b-f7526b186492,咖啡因,咖啡因
93cad189-1c0c-4753-b479-471f620e63d6,线索,線索
93d090cc-8b39-4f32-9320-04fd6a69c14f,可能,可能
93dadacb-7a3f-4b7a-b1a3-408dd34cf2dc,尽可能,儘可能
93dbc855-c28a-49fa-a5df-9786d448b1b6,瓜,瓜
93e710dd-c92b-45ad-9ad5-9c360065f04d,杆,杆
93eed4a5-af64-469a-9184-304582d54fac,招,招
93f133b1-813f-5e95-bc4f-6330e18a6e6a,新泽西,新澤西
93f286ac-b3da-479a-aa51-e673745d8874,针对,針對
93f2dd38-9598-4656-8084-568c3042b346,受害人,受害人
93f74275-a3e2-401b-831d-bd63ece71fa4,部队,部隊
94034f3a-234b-6644-5358-35d316202803,暮,暮
94140d30-5a09-7535-1131-94722cf90c47,集成,集成
9419b64b-a83c-4c0f-b3b5-1e28e716003c,安装,安裝
941bd4ec-9b4a-4ec6-a286-2f82432c6a7e,动画片,動畫片
94212ef0-dfa4-de48-44a8-56a9381eaf50,杜,杜
9422b53e-9405-0ed2-0268-6fcb30fad05c,孩儿,孩兒
9428df58-a1c4-fe85-72f6-c645e9d6660e,档,檔
942e5d3d-837f-48f1-8e81-cd4660ed6675,夸张,誇張
94301078-15e6-9a00-30e2-2b77907a29e2,嬉皮士,嬉皮士
94307b2e-feb3-1856-f9b7-9b181688e526,所有制,所有制
943c2258-4761-ad09-4bdf-6e375ffed197,法宝,法寶
943d6b03-b640-4973-a1f9-bf36715d08cb,闹钟,鬧鐘
94476fe4-bf08-547e-eec8-7215f7ae6f45,挞,撻
9448576f-a9cb-08c7-d218-711b01c16e97,头先,頭先
9451bc01-8f55-4cec-a3e8-cdc8ac491dc0,共,共
945460b5-0145-4040-b8cc-ad9d9ea6f0fa,末,末
9454c3be-87f3-4413-853f-346134c027fa,机动车,機動車
945ad73a-97b3-49b2-ae20-676beb589ea2,西边,西邊
945d5a77-7841-4906-b9aa-0752fe3004b8,品,品
946224f6-418b-4e91-a61d-1cdde027b527,存款,存款
94673b5e-d779-cfde-b900-2e98fdedd764,梅毒,梅毒
9468e2bd-1725-a528-89a2-0ef58cbe75f2,意思,意思
9469652b-5c9b-4d3d-9958-2f1e712b6f24,横,橫
946e3229-15ed-0bd6-b25d-4afaee0772d5,数,數
946f49b0-ec29-4e1a-89c2-570224722b6f,学业,學業
94775054-9e0a-d8c6-1c55-54fc83bfaf00,妹子,妹子
9477f608-4f73-06bc-b441-8aaab13c7c00,头目,頭目
9478b4ea-01b6-40aa-8b60-dee504991cba,一些,一些
94794c69-5bd7-4217-9787-40ffba6b8511,高峰,高峯
947a0122-cf69-2927-31dd-499024277732,拉里,拉里
947b1123-b282-4da7-9160-daa4172c7e13,诉讼,訴訟
947e87ee-ebf1-d35f-f7c9-f99e37efb786,醒,醒
94831cac-b236-5c3b-1daf-daeb58e440ee,钝,鈍
948bb4a2-41ed-4260-824a-5ba60e621729,强大,強大
948ef3f3-51a2-48b2-b107-bd161b62caf1,万能,萬能
94908939-8e27-4f5e-a5cc-eb499e89401b,柜台,櫃枱
9497969e-2379-3cbc-454f-387b5a3b9b1b,睇落,睇落
94984dbf-343e-4403-8c76-95f2a52a91de,锡,錫
9499f649-e13f-4b03-9886-5eb697aba39c,在意,在意
949a0669-e64d-107f-2c31-130371a8e26e,效忠,效忠
949a1065-b60b-4cd4-bc23-9f580d34fc36,防止,防止
94a950e6-7d75-8498-33cc-8a6f6d251291,竞争,競爭
94b8273d-3b59-6e0c-27e2-6a00fef29219,教皇,教皇
94c14d1c-fbf6-4c59-999a-435c16d940f7,网球,網球
94c1750f-8544-7359-a7ef-c8b2804c75a5,凳,凳
94c796ad-278e-c8e0-2f25-760f2d2ec826,扒,扒
94ca406f-9137-ec6f-4300-8acecd6efdf0,做乜,做乜
94cc425f-c6af-4316-a5b2-be4fec90fd90,狂热,狂熱
94d691d9-75a1-4a7e-a395-29f50a28e0e7,人间,人間
94d6b5c6-1ec2-350c-7f25-807f729f852c,老外,老外
94db876c-c91a-a7c4-9a03-5534a8afd19e,年青,年青
94e17526-30a3-4b91-9f02-1540b67fe17f,编号,編號
94e2f8cd-3a81-48b4-8d0f-b604e5f994bd,能够,能夠
94e33968-bfde-4fcf-9b2f-66706bd71e6c,热潮,熱潮
94e5fb03-617f-46f2-892e-aec8b5bca99e,禁止,禁止
94e9bfa8-286e-a241-b98b-a849c98b058d,在座,在座
94efed16-fa62-4b6b-891f-b87a957de4ea,传统,傳統
94f82d2e-4f74-5c56-5632-358ff3a23a6c,沪,滬
94fa65f2-1486-2031-0c3c-e011ad67bb13,仓,倉
95072d5d-fab7-4917-a026-6cf7b26f36a3,出血,出血
950abcdd-df45-f857-f1d5-fe981f3e63df,只系,只系
950ed110-fc8e-4c70-b63e-523c0dce58a9,性感,性感
9520eea7-5ad4-40fa-9eb0-db137f7bf02d,邮票,郵票
9523dba9-f0b1-4d0d-908f-f4b02dd9e408,台阶,台階
952760ff-7fbd-956a-2537-da7a24d95226,扣,扣
95277dbb-57b4-f5b3-19dd-6f183d0a4766,阴茎,陰莖
952ec16e-6e87-443f-9305-75800957c9ac,观察,觀察
953254e4-1150-44a2-9285-9110b458df01,贪,貪
95333900-8478-86a5-45b1-dda4712773c3,董,董
9535ed34-f51d-486d-ab46-f9c0a6035288,县,縣
9537d4fd-a7f7-416d-a8ff-a8ae9b98155d,关于,關於
953eecdb-2b34-b79c-3add-cbf933cce978,斗,鬥
9545178a-ec06-ab14-e2f5-2917836d546d,马来西亚,馬來西亞
95469681-db1f-487d-9a30-cff41ad86867,对手,對手
9546a20f-0e2b-7948-b7dc-d9c645627ff1,十,十
954b2bba-9eaa-4ec7-b3c5-1a3d5bbd16a0,受过,受過
954b4cc0-9282-4ae9-a22e-a9bca40a6eb6,锁定,鎖定
954db79d-580e-4d6f-8923-9504e65d4239,下令,下令
95500782-5275-4c79-f238-9afb00a5e041,香槟,香檳
95526531-ccaa-403a-aa57-4dd00beda44c,新生,新生
9552d7ad-3a2c-15e4-39cf-c867b3297188,大屠杀,大屠殺
95530353-a1d0-4778-a3a2-782e4dd513f5,侧面,側面
9557be6f-5195-e751-e665-65cafe111a06,豫,豫
955e7acb-7665-3b52-a58c-a903f2840a1b,作证,作證
95641d58-9b73-4069-b592-6f85c024168b,火热,火熱
956ce506-2127-4ea4-96b1-5cd051a2fa92,组织,組織
956f79e8-b4a6-9202-8d5b-9e63275a4a42,路障,路障
95702f01-65e2-426c-a70d-603951775ce0,杯,杯
95714940-387b-16c2-ad04-6c8db9040d1e,病例,病例
95725ec6-a5d8-4b07-8d53-a450585619bf,太平,太平
957292be-70cb-41a8-b8df-74239170e9fe,贡献,貢獻
9573a39d-68dc-cfaa-cde1-3610fdf9794b,居,居
957e0d04-ddef-4d5a-a58a-5adc748b6771,若,若
95835161-efd9-14b6-4375-4ffc99b2c50f,会同,會同
958779ab-3476-4a53-7e1b-3ee67872bda7,玩,玩
958d4a93-0b1e-3b9b-3e2f-602fac1d304a,溶液,溶液
958e518e-ad91-3db5-6e19-9b240ea608cd,大大力,大大力
95933273-c5f3-48fe-9bce-e6569bc67f3b,赌博,賭博
95997c00-5023-4d4f-bd2c-ffcf2dea6f99,甲,甲
959b987b-5992-7cd5-f2be-5fccfd4cf4c4,帮派,幫派
95a69b4c-38c0-4c06-a121-b884db5f7e57,繁荣,繁榮
95ab2019-708b-6385-2107-4aba9e532b4c,你好,你好
95adac0a-d0db-a971-daf2-2952201bff33,广东省,廣東省
95b55478-9784-4479-9f52-b65585a287b9,多元化,多元化
95b751b4-894d-455e-a59b-34e8087982c4,追逐,追逐
95ba2653-8d00-4c27-8edb-88d2b20ef42a,附,附
95be4563-bd30-4a4f-8b91-96ff6bcb11a8,栽培,栽培
95bf301f-43cc-4a1c-9e0e-5c785413c1cf,加紧,加緊
95c0a740-e7e7-62d3-b058-3c77cddf58c6,咎,咎
95c6aaef-b534-4c56-b9c4-d54c8dd20339,休想,休想
95c7a506-b1ea-34f2-900b-564b76fbbedd,青,青
95c87bb5-aa4a-4253-af03-15cb0d7485e8,别,別
95cc169a-0328-4eea-adfb-1a285f88a54a,重视,重視
95d7f6f2-d0d7-4ba0-9c41-d991cddd4367,榨,榨
95d80906-addd-af5e-9215-4d87906a7300,臀,臀
95dbfead-3ce3-c5d7-f16b-c225ad7d7cd2,切口,切口
95dd8baf-67cb-4fbb-ad0f-c22f582fa8d0,揭晓,揭曉
95de5245-5e1f-4159-938b-a984ae6d1937,怨恨,怨恨
95e04e44-75f3-187d-785c-931f6521b2e8,垃圾堆,垃圾堆
95e0ee94-5a6c-fbee-3c2c-267307b56990,囧,囧
95e1790b-0f22-49c2-96e3-0b8f56a08162,颁发,頒發
95f3182b-157a-4300-b8c1-4a77e94bb61c,直,直
9606a76e-5186-39df-65b5-a889e6260d92,好清,好清
9608cf41-52de-4e7c-9f9a-196abe446223,盯,盯
9611f549-230d-9d37-a103-2e68aec2c561,桑德拉,桑德拉
961443d5-e435-4bd0-94a4-c5b59f56a5c1,香,香
961db52e-08af-422c-925e-d35af8306046,得知,得知
961f92f8-4236-451c-8aa4-184138b07698,活该,活該
962156f6-0360-45c2-8085-62d20d6427a0,修理,修理
9621c748-3e79-4894-9ac7-c8fc5a34c30f,层次,層次
96238812-7dbb-4807-867b-66d5b269a41c,能耐,能耐
9624724d-d6d9-47e7-f8e7-f1adaeaed743,朝,朝
962c6097-6b64-42c4-a146-0fd661489ab5,床,牀
9630c53b-b214-4ae2-82e1-d9c32ab446fd,半,半
96327ce9-507e-a3a1-c9c6-ccec35dd392e,台,台
9646313a-4322-9b83-6116-bbb27f790644,庇,庇
96468c29-fc05-8832-bc90-94ad4f6b31de,上扬,上揚
9648db35-9e62-4aaa-8006-144b1a5956f3,大自然,大自然
9650895f-4afc-fc7b-d790-c3c1846528f9,契,契
965547f9-833a-468a-b069-2fc3c1cdf2b6,披,披
9660313a-8fde-51a2-7e17-1eb500ea8309,客场,客場
9664f3ab-05d5-4376-9337-a320eb536ddb,远方,遠方
9665171c-5223-d53d-6390-8840ef03e2f3,尊,尊
96652fd8-d2ca-ab04-c546-761fd319fd33,嗰度,嗰度
9665dc03-ee02-4760-a24b-ffa4b0bacabc,亲,親
9666fee3-ed1f-be63-cacd-603b6fca8124,感觉到,感覺到
9667f7e8-08e1-4ef2-ba50-1061408f7da3,频道,頻道
9669c085-6015-4ccd-98f4-7627e6c56aa1,木材,木材
966a2695-5e7a-da74-6a16-48688f504427,咭,咭
96784fd9-5f40-97cc-2065-25921d8959a0,表哥,表哥
9678748a-783a-42b7-82f6-5e433108730c,敢于,敢於
967dd3e3-5369-ae0a-ad27-81e432bc6112,拘留所,拘留所
968bda85-b1de-53d1-f757-0929ec004915,纵,縱
9693e80e-097d-4c19-9822-75bfd2d01e11,下属,下屬
96980ffc-4b27-44c8-bce8-e7f0f978a18c,根据,根據
96991a1d-a06c-eadd-d87a-020fa6fa62ee,今铺,今鋪
969c32f9-86e4-4ba3-ae4f-abde5b77bc2f,阴暗,陰暗
96a2b187-7cce-46cf-83b6-c50fc821ea54,残疾,殘疾
96a517cc-941a-3878-b232-6066390cbc4d,郭,郭
96a8786d-d522-881e-d105-7c1562ff710b,热销,熱銷
96ac391b-f4ef-46b5-bf95-edc244595ee0,实质,實質
96ad4597-97e0-4e3a-b35c-2676dfdd20d3,上方,上方
96b312e3-8dc3-494d-89e6-b382fe17ed26,待会儿,待會兒
96b3a544-17c9-4a9a-ac1f-7bdda9264017,上去,上去
96ba122e-3a03-40f9-b9dd-5ef3a3df9c13,或是,或是
96bc6a54-ea31-bec8-60b5-6bbb18dd598c,谋杀,謀殺
96bf4857-2772-4cc4-9ee4-26656476e2ca,放过,放過
96c1b4a8-c5a3-21d7-ff1b-a71dcb2e2fc6,蝙蝠,蝙蝠
96c1e124-2a9e-894f-f3f8-8045dcade7f3,施舍,施捨
96c898a4-8d21-4cfe-b1c1-e0c89032d92e,凸,凸
96cab7aa-5bc5-47b5-8b9f-87c8bceb18bb,冠军,冠軍
96da15a7-e817-41ba-a468-b33d980d8fc5,着眼,着眼
96dc5779-e564-46a0-8a5a-2191505b8a4d,平原,平原
96fb8d4b-e173-49d7-a060-f76914b5f919,有名,有名
9706bf0c-5e90-4c1e-9cc2-c1f59ed59ee6,擅自,擅自
9709afde-f895-4f9c-a02e-8491ee46aa81,答应,答應
970ddbf1-49d8-3d4a-12ea-16a0d987fb36,发射器,發射器
970e3af2-19bc-f874-db53-70faf751e7db,取悦,取悦
97110c37-7650-44e2-800e-7e8213a7fbb9,行政,行政
97117df5-8324-4b07-8929-4745562d690b,对外,對外
9715b767-7ee8-c13b-10c5-7d6f8ae8ebcd,女巫,女巫
9718a144-80e8-49bc-a7b0-dd2da0ee67cf,过头,過頭
971bb0b4-e76c-4662-8cb4-06f395c195a9,演出,演出
9725cb70-28e3-41cc-a337-84a00479968d,纠正,糾正
97280847-e7f2-4598-aa52-a075cb9da33f,购物,購物
9730925d-5aed-cc29-da55-61806713ca20,感知,感知
9733886e-a3ed-ddc6-69c8-3527ac111821,好友,好友
9742e7ee-fa01-4c31-af12-493b711083a0,转机,轉機
97553f06-2090-45f2-a4e4-9c2487e03288,兑现,兑現
975e8b53-9ebd-4cb7-8495-04a136ff232d,或许,或許
97614bd0-516d-4fd5-b362-4fdc7af67d7a,达到,達到
9762f314-0581-419c-bb80-2110226d1633,搜寻,搜尋
97779236-aa9c-4cb7-82f3-f6f452974b14,唔觉意,唔覺意
9778da65-a469-428b-b841-39c7c1c6740e,顺路,順路
977a60be-e674-4d35-b98f-c3a9317465ec,国会,國會
977d17c5-ed3c-4e28-a4f7-6bb075c14d96,游船,遊船
978250ad-b811-d106-3683-6776c8990e29,婚前,婚前
9788a580-2ce4-48a2-8cb5-abb8a376469f,转移,轉移
9789a6f8-0f8a-9c77-8fed-e95c688a7461,先行,先行
978e5bd9-9a67-436e-bc98-e724e659ffb0,上报,上報
978f9c3f-2aef-5072-d28f-3fa7cac60538,杖,杖
9790e5b5-e58a-43f7-8525-df56251781df,配偶,配偶
97937871-613e-6e33-5ece-034c63744b7b,牵连,牽連
97a0d320-ac15-407b-af53-5bd0014140b0,迁移,遷移
97a19e28-7dc0-4d0f-82ee-9595fe4aef69,沉默,沉默
97a81b87-4353-f606-2d38-d07afc77b558,开庭,開庭
97b26d94-f541-4081-92c4-7bb7e53b5a13,偶然,偶然
97b8d45c-5de2-43b8-9f7d-504e6faa48a1,公车,公車
97ba5c0b-6a55-49de-8786-de43c4884562,确认,確認
97bad3a8-4eb9-65d4-2864-bbd31f36e39e,夏日,夏日
97be6646-543a-a4c6-32b2-1664a735ed5c,裔,裔
97c4314f-db65-40df-bba4-d9eeb60c18d7,盗,盜
97c85a89-84ed-6df9-b01e-c7e9156e6744,水位,水位
97c9cad3-2bcb-51f2-4900-23dd08dc4231,变态,變態
97ccd4f8-a3bc-c430-ac43-48fa26d6bac6,触,觸
97cd0640-a17b-89e6-149b-be3fc163e837,好话,好話
97cefe09-6ae1-498c-8cb5-b972f0324264,勇气,勇氣
97d85ee7-1edd-708f-1ce9-f8a84df7b0b4,创下,創下
97d92726-7ff4-4582-b83c-80b7c1c23f63,罕见,罕見
97e23c3c-0a24-46e2-a08f-6f8f48dedebe,风光,風光
97e6459f-684f-4d72-a1be-3872c412a389,幼稚,幼稚
97e7100c-35dc-4c84-9ab7-de26e8f89723,狠,狠
97eb565d-c84a-72b9-0179-13673d15aced,亲戚,親戚
97ec91f3-1699-2670-b0a1-75651949d56e,刻薄,刻薄
97edfba5-635f-4f86-a170-383e0a0eb8fe,衬衫,襯衫
97ef26e2-dd42-462d-8bfd-33710654ca34,民意,民意
97efdabb-030b-4050-8904-ad1a76ddc8fc,反思,反思
97f4917f-7f0f-8612-f6b4-db6a0fb69875,农家,農家
97f80b2b-1117-4988-99f7-25c5221d0da0,听说,聽説
97fa6607-d54a-45b4-a383-3320ee75563f,停留,停留
97fcfcaf-d010-91b5-cd5b-cd328b04ba98,不必要,不必要
97fdf4e5-71ec-58ab-13a0-c988fd92de9a,尾,尾
9801d0d4-7201-46dc-a9c3-9b368c543e9c,鸦,鴉
98050b27-527d-4c3e-8061-83e6d4140969,离婚,離婚
9806b362-d2d9-4532-8105-f3c5e244f9c4,强调,強調
98072500-b039-4235-24b7-16010fe0bb09,残暴,殘暴
9809e06f-36d7-4729-b023-98dbdf27811e,丑恶,醜惡
980bb96a-41b9-8925-482d-a07cc1831be3,周日,週日
980ef113-2a2d-405b-84a2-d04c82684a3f,志愿,志願
9813ed5f-3697-49ce-6178-eea50a49bee8,单词,單詞
981458ab-716a-4991-b06c-35874d2a153f,略,略
9819eee3-9f4e-40ea-b54e-423ba78cd15e,保持,保持
981a0781-8576-4c44-a268-3bd27554172c,疼痛,疼痛
981e6526-5b60-f71d-61c9-3fec2e36626a,西贡,西貢
9830ac6b-3732-4d3a-b5ae-407d2249264e,化妆,化妝
9835fa37-1ffa-b701-8c6b-71de588a47ac,合理,合理
983b5fc8-6583-7c65-dff2-449292726fb0,下一步,下一步
983e5f5d-1a4d-4312-b4dc-bf5622daa180,缓解,緩解
9852edb1-512d-196e-3600-176472d16318,华尔兹,華爾茲
98530b9b-c21e-64a9-c6e1-778e0d206691,深感,深感
985e9b2a-7d3f-4530-aff8-8a85865304aa,以至于,以至於
98664e22-1088-996f-2122-a67a9043e397,老年人,老年人
98666dbf-32c0-4063-985b-ddb93ddb3e2e,牵,牽
9867ac87-a49a-0145-89ca-71475c791c4e,奥迪,奧迪
986f6ab6-1ea7-473a-a237-742efb59434f,荣获,榮獲
987045cb-71c2-49fe-a443-fb912b60e0d1,无敌,無敵
987323a2-e92f-d40e-540a-4b217f063a84,辱,辱
98751dd1-5887-86ac-e7e4-1270e6b5cc99,不舒服,不舒服
987b7b67-2cbe-f609-75db-6fa03d5b1e2c,车窗,車窗
987d90d1-5357-ecf2-6dba-dbf416ef45ce,动议,動議
987f6bea-17fa-4037-9dea-4076e072ba47,快乐,快樂
9882742a-2592-4796-8e38-f4b1efea8cd1,看病,看病
98839de4-699d-4ff3-aed8-7d82e5dfd1d8,有的是,有的是
98842240-00ad-4d0d-8458-e0f74eda6147,晕倒,暈倒
9887fbef-9c69-40da-92a6-75c7b477ab39,宣读,宣讀
9889a91d-d65e-47e5-b8ad-fa266513eea4,靠近,靠近
988a2d91-b2cd-6e96-4611-ca0af1def027,因子,因子
9892d1f7-a2aa-4279-8893-fecc2c1f89e9,反倒,反倒
9895466d-93f7-90bc-a0a3-5c650eb5f107,科学技术,科學技術
9897946a-2643-eb25-d794-325f68fb2119,云,雲
98986a1b-164d-4cec-8637-26b2b487b708,一旁,一旁
98994047-6547-4872-9256-c8efda3be4d5,显现,顯現
989b9d64-0c63-221a-3841-1dceb6ef7528,欣,欣
98a09c37-b15b-79ea-ea05-0e0d8ae8deaf,喽,嘍
98a0dc59-6d0e-4b76-9064-dcab955c3200,寸,寸
98a3d79c-00bb-485d-cb69-3252341808bb,阵,陣
98a3f8d4-b90b-41f8-9efc-b652e67d77c0,别人,別人
98aab2e5-cdf2-4bd7-a816-c9ecdfd568a1,一行,一行
98aec03f-e2cd-78f6-0184-23db3269a1dc,棒棒糖,棒棒糖
98b17ec1-eeca-3aac-733f-8c5ca66f1fc0,文言,文言
98b91dc0-82f9-4be7-8625-88f7b31c7d77,外边,外邊
98ba1a4e-f2c8-446e-b548-8ae6dab31574,打印,打印
98bc46d0-43bf-b31f-9ad9-43bc21b43d79,全国性,全國性
98be1431-6c5c-4c22-8a0b-a390eab1cdc8,假冒,假冒
98c310ff-3739-4c4b-90bd-b94d85a4524b,追求,追求
98d02bab-e7bb-2266-2423-6e593ba56972,周恩来,周恩來
98d13bb0-bc2e-2018-e972-ca1c14bcf1c6,流逝,流逝
98d6dc5c-34ab-4aa9-9fd7-c0710769321e,设计师,設計師
98e10025-57f4-f204-f110-2b71d0269adc,工作室,工作室
98e2a6ba-c115-446a-8b29-46802ccc9969,列为,列為
98ea477e-0ee4-4abc-a6c5-2c45f37415d1,价格,價格
98ecb008-2e49-4681-a901-c929a85eb888,像样,像樣
98ece550-93c2-44cc-9301-929541df626e,货物,貨物
98ef9f26-c870-1c82-b435-8cd274cb0435,倦,倦
98fbbc0f-df85-4633-970c-25979461c0c7,提,提
99006531-0974-7767-c830-da393c1a4d1f,理事会,理事會
9900790b-23b7-3bab-a2bc-2eedd99c4dda,小事,小事
9900e336-3302-370a-510e-11cd4fba76b4,奸,奸
990ea88e-bd1b-9aaf-c648-24c37f2e1340,韦伯,韋伯
9914906a-58c7-4f5e-b0ec-9d3bfa96a068,纷纷,紛紛
991840bc-a00a-7a58-b218-dda827828415,想问,想問
9921aefd-8130-4003-b87e-4590214ff8c1,池塘,池塘
99263dd5-20b8-44ae-8fe9-32c7b7d3d9c6,权力,權力
992dae00-51cf-41c6-b590-7449efce8743,功劳,功勞
992ee4a7-1401-7f10-7490-44871e6b09ab,呜,嗚
992f314f-e005-a527-8b9b-ca16296d22f7,抖,抖
99313ca4-12b2-1718-7f39-891f614a3eef,硕,碩
99344f3f-ffc1-42a8-94aa-8c19d67927bc,思维,思維
9934883e-1d88-c881-74f9-0e9c4af149f0,屠夫,屠夫
9937974c-967f-040a-9acd-4ae89545621b,饵,餌
9939eb96-0173-c25b-34a9-ca5061dae8a2,男孩子,男孩子
993a86c2-687b-4d01-a619-4cee23b1961e,护照,護照
9941d9e0-de76-493c-8c7e-d9822bbd2d88,名牌儿,名牌兒
9942efa8-f570-49d5-9395-0db4f5ab6410,零食,零食
9943de68-c9fa-4107-9974-74ae4c0f70b6,到处,到處
9946db8a-ef08-d616-789f-bdb2e7f28dca,密室,密室
99529864-0080-4c16-ba3f-d7f9f344fd74,但,但
9955971b-f2f9-4d56-af8c-e8081cd62809,振作,振作
995890a0-d355-4b81-8356-42c58bb2d727,赶,趕
9958c29c-a932-1f85-b9bc-53137b0907a3,坦,坦
99595554-c34b-0b4f-47ec-98d1d739f4e5,身着,身着
995b355f-5e5a-46ec-80d7-e82d0052ce33,拉开,拉開
9965a490-5fb5-83aa-d6f1-35a26504c08c,肌,肌
996d3699-fce3-451b-a43d-f777dcf30d49,宝藏,寶藏
997263ef-e3dc-b51b-0d96-04e1c88c5ed0,大家,大家
9972ef23-280a-4748-a431-816fa5883752,分割,分割
997b0f8f-19f3-e9c8-17de-176e3a116135,油田,油田
99804b15-54d7-4aec-a2c1-8340cbf5e4a8,徘徊,徘徊
9980b680-dc84-4e2b-89b8-2f1b2ba24391,各位,各位
9980d794-17b8-0b59-44da-241d20ec4b9a,央行,央行
9982bfb2-80ff-46a3-9393-e2788ef8202b,储备,儲備
9990eb61-f7f6-4a66-bafa-b7c875a1db13,长远,長遠
9993c4ea-7610-ed90-9b30-2e086d708f77,矫,矯
999973be-2923-4553-8949-ddda45119319,本,本
999fca89-f8f5-40fa-915b-7280306c5f24,指导,指導
99acbabc-ab0e-7b8a-0823-6e6cf6b89025,管闲事,管閒事
99adae14-cea3-ef14-b5e0-61a26c7784c2,愉,愉
99b72922-3746-4a33-98cd-a5a2ce936f13,呻吟,呻吟
99be57b4-9b7a-496e-1eb5-9487f6c563a3,派出所,派出所
99bf7f46-5d2e-4bd6-b6ca-835958f2319b,灌输,灌輸
99c4869a-64cc-0d91-a752-2f0695e39eeb,事儿,事兒
99cd6fbb-00b8-4201-8199-756966b1f088,察觉,察覺
99cee71c-a7ed-46f9-8d66-f35fe450149f,慰问,慰問
99d26472-968c-aad8-ae7e-c3dc80825b7f,帕特里克,帕特里克
99d409b6-aa84-43d6-be26-56e1ab27a565,点心,點心
99d935a9-5272-ed1f-454d-ac141107a8c6,白人,白人
99e55ceb-611b-41b4-a18b-ebbce4a2752a,父子,父子
99e7ba50-c378-4a28-bf9c-bf3baadb0772,团结,團結
99efa697-8ab0-44d1-bb63-42907daa71e9,公款,公款
9a041786-74b5-4b12-a8f5-7415799430f3,猎犬,獵犬
9a05819c-d2c7-4e30-acae-f2ccce58619d,墓,墓
9a164076-8ce7-4870-b817-82d1870b16ca,男性,男性
9a17b9f4-e15f-8599-f645-be121057d545,振荡,振盪
9a27db61-1b9a-ca86-cebb-c05791ce2820,讽,諷
9a336fb6-7caf-9497-4d84-1f2f57ac3463,棋,棋
9a389785-dc84-7cb0-e7ea-4e684aa89bed,师,師
9a4115cb-d809-4ec2-b6c9-07966323e14d,遵守,遵守
9a49bac5-d778-4ec5-b184-0800d888d5c5,活力,活力
9a4b73e3-bd84-ac6b-f124-60ad91230790,秃头,禿頭
9a4fc1e4-6a9e-41bf-862d-37ad9ec9e037,赐教,賜教
9a567756-696a-bb99-e4dd-45704db2a273,原油,原油
9a58754e-7e25-432e-8261-474b0f7f9c0c,保鲜,保鮮
9a6400cc-ada6-bdb6-8d2f-faa282ea0297,大国,大國
9a683a00-4640-43cf-b812-8a53824a005f,木头,木頭
9a6d1567-c928-4b90-aa31-3fec806387bc,有人,有人
9a78ad9c-8a8c-aae2-4fbd-e51af05d4801,常客,常客
9a7b5847-48c9-4982-9688-1d1f33c5de25,港,港
9a8f5a9e-b3f3-c214-17d5-8275a042bde1,县城,縣城
9a9348f2-b146-4c91-90cd-beaa10a816d6,评估,評估
9a98455e-60a8-86ff-52cd-7d288024f22d,勇,勇
9a9a4f30-cd20-409b-8e44-5bb6d991970a,榜样,榜樣
9a9c69a4-8ad6-6c21-4aaa-f9df3fedad36,蚀,蝕
9a9ec6d8-2340-a6a0-81ef-686a519c24d5,的而且确,的而且確
9aa12062-2f93-c1f8-32bd-b00a6fed2a84,法拉利,法拉利
9aa5be15-09cd-443c-b98d-e4c555c574dc,约束,約束
9aaa7e28-d367-4c8b-ae0d-d4e5d26e2040,形容,形容
9aaad4d7-f17a-4b7c-b8b8-60a0af5d3223,酒鬼,酒鬼
9aab3cf5-13a0-4c50-9fb4-14c8a2763fcc,回顾,回顧
9aac51f8-0cf3-46f3-ae40-8e0355c5e836,出卖,出賣
9ab597c2-7382-419c-bdde-0c69e3b538ae,僵,僵
9ac5dfbc-4b3c-e656-6a8e-cb4a359c307d,坤,坤
9acab0f6-9342-6620-3600-69bc2ca7ffa3,啖,啖
9acac5f9-8450-779b-6f72-cb45af6d6f81,尿布,尿布
9acaf65f-2c23-0fa2-bb01-65aa224841d3,凌,凌
9acb950b-70e5-9266-b9b4-cc226c20f101,金刚,金剛
9aceae79-e9d8-458c-8108-99ad2d1ea842,升级,升級
9ad5170a-ab80-bf54-e84f-465fa8e07fc7,驾驶员,駕駛員
9ad640cb-3022-5fa0-13c5-21c8569e5191,打嗝,打嗝
9ad79d79-1088-bc8a-62b7-f42ec226b556,秀,秀
9adb0740-96c4-3e7a-f32d-3a1fe45e08f4,关押,關押
9adf9c39-5c6e-438d-985d-a683f8ca1b57,块,塊
9ae5ec5a-1e53-92e1-5b03-6cbd3255140c,当兵,當兵
9ae65fa8-fad8-45bc-b19e-044f0a12efb5,打仗,打仗
9ae7f136-a026-4b9c-bf26-87cca652292b,理论,理論
9aeb43fa-7a49-4d99-b893-0bd2ae850cd6,吃亏,吃虧
9af0225c-dc11-43b8-b4d8-8f3d34ee0c19,规范,規範
9af2f7dc-45a4-4e5c-8364-bee281afe05b,模范,模範
9af352f2-0b2b-493d-ade0-9c50117b5c0e,合适,合適
9af588f8-7b0c-255a-4a3b-ac0cc8ed31ff,送货,送貨
9af5c453-f508-4a37-a32c-8c6b36bb487a,在于,在於
9af7fe7e-d59a-444c-ae30-4d06f8575a69,似是而非,似是而非
9af88fea-d310-0ef5-9c68-db658c89fb3b,步枪,步槍
9af8beac-63d1-45e1-a3f8-443e14f7c8a6,皇室,皇室
9b003538-a893-4b19-ad01-026862f0c0f0,可不是,可不是
9b0481b0-3001-4c6a-a2e7-1f51f470966b,由此,由此
9b07dfe1-f48a-4c06-881c-396a43fdd22d,素,素
9b0be11f-7975-4b1c-8c98-b8017dfc8e6f,北边,北邊
9b1461f2-786a-4b28-be0a-e44659d383a0,绷,繃
9b17c3bc-19ae-4d18-969d-d12d64338e16,粗,粗
9b1c5c9e-4529-4148-966f-82f1fe66d66f,分析,分析
9b234ab8-cb6e-47fe-892c-155d839bbf84,没,沒
9b2459ab-2c3a-425d-9839-7b4a36728b67,后退,後退
9b27b729-f3b6-6929-2d0e-0a398676f2b4,擅,擅
9b290518-9825-4d14-b0f2-733149228c30,魔鬼,魔鬼
9b2bda86-e33b-2d5f-68a2-4fbbc7d3ae93,布鲁克林,布魯克林
9b2ea5e1-f02c-816b-2c98-8f60913f9764,涅,涅
9b2f8521-b5b3-4808-936b-a99088abbbd0,沟,溝
9b3f30b9-6b07-4d73-8168-112aedff96d9,历来,歷來
9b428895-f717-e3a4-472c-0dab4ea6f25a,篮,籃
9b53e427-d885-4e3f-c6f7-3d7a378dc775,弱项,弱項
9b5b3aaa-4fbe-e9b2-8db3-748b96c0d6cb,髀,髀
9b5e134f-e194-1df5-b649-8a02fc5ef67b,又再,又再
9b5e867d-f3d1-4b42-94d4-aeda8cd1565f,违法,違法
9b62662f-faec-42b4-960a-c52a5e579c4a,忠实,忠實
9b73fcf7-c839-4796-9cda-da2836b43d06,把柄,把柄
9b775003-1c62-4bfe-b54e-d815af7ffa16,娃娃,娃娃
9b7f57b7-0043-bbf9-be40-5dd3d47ebd86,门户,門户
9b8d4f00-9244-c7e1-a169-846ab2c95f52,陈,陳
9ba2b6ba-2466-7de8-330a-2e799e449a73,芬兰,芬蘭
9bb10bfb-5b68-98da-7d75-cb822cb0f15c,骷髅,骷髏
9bb23f13-981a-40ad-a49c-b77f3211925f,箭,箭
9bb7114a-ff67-42c9-8eaa-833be8acfdab,技巧,技巧
9bb8bd99-6303-4cd4-a99c-a477ad1d4b6b,蜜月,蜜月
9bbb861c-7075-9764-59d0-0ad106cb064b,企业家,企業家
9bc1483f-352f-0a2e-6858-3c664586760d,第二次,第二次
9bc1f332-37a7-f607-1d6d-1f03684dafbe,埋去,埋去
9bc39e75-6b59-4736-81bf-22b4b2ccdca0,招呼,招呼
9bc5935f-0bb5-04fb-d6c1-8b2e31c0329e,辰,辰
9bd24178-5592-4600-bc14-486b2899ecbd,紧急,緊急
9bd69fe6-e561-f840-fda7-4684f294b620,周杰伦,周杰倫
9bd7f34d-cce4-4da4-9ab5-6efccf45348f,石油,石油
9bda0290-250d-44e5-b7aa-760062248335,腔,腔
9bdf9abf-47f9-4b3e-9341-e5c3643589e0,人造,人造
9be3c7cc-eb6d-4437-9945-c831d56fc0c1,反复,反覆
9be77606-35c0-471b-8979-f0fe21861bc4,当下,當下
9be85282-3deb-c3cf-cdf3-e29d0f14a4bb,米奇,米奇
9bf0305e-68b7-42e3-bc36-7006a1854112,欺负,欺負
9bfb2ecb-7935-4e37-8ec6-fb30284b84e9,精致,精緻
9c02a0a5-95ad-9cf9-73a0-95e8c901e902,铲,鏟
9c07cc28-e2c3-425b-aa64-1cc907ce2a1f,肌肉,肌肉
9c0bd252-b768-46af-bb90-c54b8d560b25,专门,專門
9c1bf011-f9e6-38b9-249c-d9f4cccbb385,饥饿,飢餓
9c27e3d6-a79f-4510-820a-0a71bec3f820,操纵,操縱
9c2e3279-44bc-4eb8-8269-dbb7a4eca48f,疼,疼
9c2ed7be-6d58-44ec-b140-65255a463131,时代,時代
9c33921f-b6dd-41d9-9451-ebc4129a57a7,漫画,漫畫
9c35ef5f-af05-4994-9863-64d7da5ac4d1,看好,看好
9c3a6956-f2ce-4182-96fb-04088cfa5612,贯穿,貫穿
9c3e1061-6e39-4b2c-92f2-adf27137c7c7,红灯,紅燈
9c3ebe84-db73-ff88-da66-2e72e5e4ed52,忧,憂
9c4e7693-7a42-6746-fe1a-ab6be89ca29d,孖,孖
9c51a8d8-d53a-13b9-6858-767912652e1e,成立,成立
9c56b15e-7448-7915-dd2c-3ff0ddcdf778,计划经济,計劃經濟
9c58a9d4-b9bc-c24e-9a1b-98ff680ab6c6,自首,自首
9c5919ce-ca3f-4c3d-857a-9b81dd6f8652,干部,幹部
9c5bfa1a-0050-940f-3d39-e5327c9d2c8a,检疫,檢疫
9c60b2a3-a80e-4380-8913-3a1cacc60bfe,凭证,憑證
9c700397-03ee-4925-a040-95018f30efd1,消费者,消費者
9c72f9a7-7aee-4091-bd55-2371354bc48b,开放,開放
9c73d12c-dc96-4ed6-9296-dac85f27e03c,罪,罪
9c76c0ff-7562-9274-73ed-34b19fe73537,之但系,之但系
9c79c742-b459-736e-af03-adf88379b0e8,影院,影院
9c7e3328-2707-4cf3-af5c-697ab6ffc988,实体,實體
9c7ea224-8ded-b9df-22b3-6161a580d375,自大,自大
9c7f1462-cf41-2a5f-380c-f676bcbe6068,遇害,遇害
9c80c28f-fbcf-de40-3d35-e7f932667e0e,喝酒,喝酒
9c8a04e2-7a3f-ccf2-1d57-a8817220d07d,就,就
9c943dda-00b8-4a4b-8e5b-cf75d0df8314,疲倦,疲倦
9c9476df-9e90-6165-4e23-7b61da6ca3d2,氖,氖
9ca1836b-440f-47d2-b431-d5fe6094cbc3,验收,驗收
9ca2674f-eff2-425b-9cac-bce848a2dffa,有,有
9ca64eed-1f68-4876-9fce-7f3c411a3e24,本领,本領
9ca7f7c8-1a07-4de3-7784-b768470d4ead,旗舰,旗艦
9cb06b65-7b90-4ac6-8b59-25ad8f729d23,街头,街頭
9cb07f20-f261-4dad-d0fd-bdad83207775,度,度
9cb3dcbc-68d3-ba40-e56c-07bb7a9def89,一日,一日
9cb95946-7a96-4b85-9548-82bfc8044bab,连接,連接
9cb9e271-5ac3-1be8-400c-5b48358242c4,布莱恩,布萊恩
9cbd3f2e-2a6e-4102-9e87-10442dd29bac,现行,現行
9cbec4dc-76d9-d782-7c51-a9695bb426b2,不稳定,不穩定
9cc35f62-7bd7-4aa4-b11a-d9e8cc624309,扩散,擴散
9cc56a6a-7923-4b73-b848-960baa602ca1,唱,唱
9cc60694-ca04-4803-a340-3e76b678bbad,区域,區域
9cc70206-61c5-45ca-8855-00b841e26be1,天堂,天堂
9cd3ceb9-d7f3-4082-3ff4-26f59a51ba98,大部,大部
9cd7b8cf-d9c9-499d-a683-f4480b5b4956,友善,友善
9cd7ff94-874d-4c68-abe0-960dad22ce67,始终,始終
9cd98230-5d13-4c06-900d-a8fefebea5b0,排练,排練
9cdcb44c-32b5-4aeb-8130-77f8813461d0,栽,栽
9cdded58-9317-481e-b1ff-a3f2f33a0daa,检验,檢驗
9ce13f54-f791-4422-89d6-69ba38b6f2a1,传来,傳來
9cebb74f-5b13-47c8-83b4-f016e3337088,传输,傳輸
9cebe79b-6d13-433f-9762-dd58e71d0afb,广泛,廣泛
9cf08694-255d-4b6f-9693-89356795bc78,定向,定向
9cf18f9f-9922-434c-b322-dc5e5c42986d,码头,碼頭
9cf80bd6-86f7-44b4-b5a6-da821c0d3a39,品牌,品牌
9cfd223a-9279-4fea-ad6e-6944a796cd97,比较,比較
9d023af0-bc7f-ab8d-de7d-640751008afc,嘢食,嘢食
9d149d1c-eeea-405c-b2fc-b7e671f894e8,影响,影響
9d2e07cc-4bf5-33e2-0699-a8a40306b3ad,朝鲜,朝鮮
9d36ceb5-12b7-47a4-8fd2-ced4c2e65e23,嘲笑,嘲笑
9d38ebac-6936-44a1-a0a4-40e1b0aa4972,窜,竄
9d402c27-b1f5-e99f-d70f-cab189c012b6,臭味,臭味
9d414b0c-1bf9-cf83-ae35-0f3723d7cb7f,图案,圖案
9d41d7e7-9bf8-47bc-9c27-fa94e346e18d,维持,維持
9d44c1f4-04f5-418e-b5eb-f42cac891808,合理,合理
9d461fac-0983-46ce-bda4-1cba2709c5d7,应酬,應酬
9d5308f4-bae4-7aaf-5467-4b3fab3e424d,恶人,惡人
9d5b10bd-01cd-8bb8-7915-4f6fcf3223ca,瓦,瓦
9d5f5e29-cfae-1c5f-f082-6b162c3558f4,杀人犯,殺人犯
9d6a97f2-da31-47ca-b6da-c701b6685c7f,风采,風采
9d706fdb-2504-a7b7-4000-abcd1d54defe,姿,姿
9d72b86c-db74-491b-b2f7-97aac870be21,内容,內容
9d773daf-ec81-4b96-8d33-716c9b51838f,美,美
9d7e84df-1d99-4605-bca9-ec3c9fab15b1,欲望,慾望
9d81e1db-28d3-263c-1b66-93cea2debc98,冚,冚
9d8636db-304f-452b-8387-3d3d19896353,迎接,迎接
9d89521f-4cf7-513a-9bd2-34cf7f527e69,乜嘢,乜嘢
9d8979da-0f14-4df3-83ba-063cd1ee1d53,免得,免得
9d8b7d40-b3ba-4e1d-b2e8-ea6d81136823,闻,聞
9d914a5a-950e-4b6c-aba2-de9ca3864b9b,小丑,小丑
9d92ae84-e3b7-f760-f97c-36bd78ab1161,质素,質素
9d98f7da-ab30-4037-a1d1-89971594f30d,说道,説道
9da3ab30-fcf5-9144-2daf-38235b41503a,污,污
9da67a0a-2160-29da-7e17-e3d573639dd4,滤,濾
9da973e1-69ab-415a-87cf-06b292afd334,拜访,拜訪
9dab0cf1-fa22-45b6-99e8-ed9cc7cd4ace,生活,生活
9dabf8c1-55da-6a22-ea1f-54c7dec464af,板,板
9db01ff7-45dc-4578-9187-40c277e61b1b,信贷,信貸
9db0e1ad-5eda-4d87-9b6c-538f4edc7499,局限,局限
9db741f1-6ca3-4f27-b1f1-23cf426b5545,黄金,黃金
9dbff095-8b7e-c0c7-31c5-f1c9c81931bb,园丁,園丁
9dc379cb-b28e-4723-888a-bd16ee8a7659,音乐会,音樂會
9dcba78b-1ddb-97c2-6e0f-8ea1a86e859e,出声,出聲
9dcd3a8c-5ea8-ba85-a163-e2f7a9e6121c,挪开,挪開
9dcd4780-91d2-4f98-86d0-1933c3bec3db,冻,凍
9dd0e6a8-8f00-42ed-a7e3-b66979cd5e89,打电话,打電話
9dd1473b-29d3-4399-bfaa-6e43bbafb5f2,师傅,師傅
9dd2c4d4-e2ea-4437-f05b-ea967fb3a88f,每个人,每個人
9dd467d7-0880-4f5a-9c81-93e5434e2457,跟,跟
9ddb2e74-8117-4edc-82bd-2cefcb0ffc03,新西兰,新西蘭
9ddebc0b-93c7-d443-5202-d2cf597529f5,熊猫,熊貓
9de07d4f-a4b6-2bfe-720c-66472df089e6,可言,可言
9de7a83c-e7d5-49a0-ace1-1edf9b61c641,期,期
9dedbc52-1e66-48b0-af0b-66e24c63fa1f,上涨,上漲
9df0f550-c4a3-451e-a71a-793b7aaf71c3,南方,南方
9df84768-966b-cbe6-5215-bc0943f6e8e6,应承,應承
9e00dcd1-8ae7-9d56-c4bc-b1632d2a8cc3,伎,伎
9e022e47-1703-4ba6-b63e-397671eafd4e,刚刚,剛剛
9e032f86-fc87-4725-a007-9f7921af6afe,笑脸,笑臉
9e080e28-b3ff-958a-44cd-0bc367d2527a,唇,唇
9e0b8e10-c75e-9842-12c6-81060d449131,小镇,小鎮
9e0c755f-327d-98ea-480a-6b18f76f3903,师兄,師兄
9e131f0e-fc20-f06e-7794-81efee61c6c8,公文包,公文包
9e144702-c9cc-4a09-8fd8-13f15cc827b3,群体,羣體
9e15653d-6418-418f-b7a2-36c126a83e45,隐蔽,隱蔽
9e17705f-919d-4381-a3cd-a16b2066b21f,吩咐,吩咐
9e2a78e0-6afe-14a7-3c49-d7f7d056df49,鸠,鳩
9e2abf01-c8e8-4990-86aa-cbe6ae2da560,正好,正好
9e2ed899-e1bd-4e73-b92c-f3e9685345c5,创办,創辦
9e3478a0-b592-5e63-44c9-b81484d2ded4,青海,青海
9e352d0d-1a57-406c-84fe-4ad26533ebaa,光临,光臨
9e3d8730-8947-47e5-9de9-a071f809f162,往事,往事
9e3e5130-7994-b809-43d5-eaff4a4bbebb,苔,苔
9e3ea939-35b1-4af0-ae2a-0705cd4335d6,人手,人手
9e4686b3-ee00-4a0e-a82e-c2c737e3c011,打动,打動
9e52d04f-8e3e-472e-9f49-196836c26547,争,爭
9e546e7d-a274-4e37-8645-034e5b5acfbf,脖子,脖子
9e56797a-bbe5-edae-cfbe-118b849e3728,送死,送死
9e589fc2-2be3-d2f7-8ccb-a3e64e87b28a,威利,威利
9e5e71c1-9e31-5c81-3a60-b31e41ed9008,死刑,死刑
9e6edfda-b434-47e2-9338-d75a95c47e6e,亲热,親熱
9e6f93ab-45a3-4203-895f-c3b87de5f1ca,附近,附近
9e71432d-fa11-4a66-8794-ed9f50134216,委屈,委屈
9e725879-18ec-408f-ad82-146add5cae26,金属,金屬
9e74f267-a563-3648-41bb-f13368a57f7e,慈悲,慈悲
9e7b69bb-9c7b-dce6-2838-0a3a4737e7de,上皮,上皮
9e7bd0f8-e8e0-49a4-aea7-ca558d4f6669,为人,為人
9e7ef435-650d-47b7-85a3-c7fb7a31a080,失误,失誤
9e8f09db-11ad-42c6-9c6c-eae1b8a6dfc0,剪刀,剪刀
9ea43582-9d6f-7ffa-e497-d70768b5b1ae,坐标,座標
9ead07fe-9ae5-34ee-a409-2573a74566a3,南非,南非
9eb0d91e-09cb-4a4e-aadd-20ff9a05fb84,全面,全面
9ebf5393-00ba-4619-a1f0-f79325f1381e,风趣,風趣
9ec84f45-3bbf-4855-9fa0-3aae795e5a0d,触犯,觸犯
9ec901dc-f065-9c0d-fd31-9a984f067741,被害者,被害者
9ec943fb-de66-45e0-88d9-3ce07fcb849a,耐心,耐心
9ecad1bd-d25a-42dd-9fcb-7bcbbf431ad6,着重,着重
9ee323a8-d1da-47c3-b883-d2317843b0d3,事件,事件
9ee8d02c-e98a-f26c-f7dd-effa3f294984,全国人大,全國人大
9eeaeb82-0b7f-a808-4b80-c41a8cda273f,棺,棺
9eee1b7a-d4d4-aeff-0a2c-81a57a5b0421,慰,慰
9ef382f2-1f35-4d28-aa60-a0a5587236c1,表示,表示
9ef3ceda-bdfe-7474-763c-7839a5e16a25,钗,釵
9ef8e958-1b01-eeab-e046-36dfa0fa2e7f,不下,不下
9ef8f311-3bd3-4418-b15a-20d217f44ba9,不少,不少
9efbd7e7-f597-0585-6066-7453275c5277,取向,取向
9f045cb2-56b6-48b8-9221-fadaa5e5d9c0,难道,難道
9f0bf9a7-0b2a-4b84-9036-cf061d67463b,性质,性質
9f0c0d9a-1a37-41b1-a4b8-13bb6d745764,响应,響應
9f0e25d6-3a7b-48cc-8a03-829dddea4704,胀,脹
9f13f562-b993-bbd0-28bc-7c9407bc8ef7,油菜,油菜
9f144c14-476e-bfa0-1431-6b1abc958d94,坨,坨
9f19bd66-d0bb-805e-9f97-63648e217455,碰面,碰面
9f1e5f4c-1f72-eb85-8c20-e9da8205f2c5,孽,孽
9f255873-7f7f-42c6-8bb6-5cd5f245a743,基因,基因
9f27674e-82e8-4d45-91d9-b424bca43f20,驱逐,驅逐
9f27f720-d66d-6b08-047d-9209ebf7c65c,民谣,民謠
9f28d6e9-c37d-d3c5-bb28-33bad5773f3a,颅,顱
9f28da7f-9b54-9336-0184-19faf7d6c816,九龙,九龍
9f3146a1-d28c-8cfb-3426-a9e6c17b3424,胡萝卜,胡蘿蔔
9f3c87f1-d715-07e2-c26d-2751d3fc55cb,伊,伊
9f3d25b0-edb7-4436-bc12-9e9da3febd3e,幅,幅
9f3fc6c6-7b66-dd4a-8c40-c9d3db07be2f,打的,打的
9f4bc597-7ffb-8e58-26cf-18ee8ddda7b3,色,色
9f4cfb72-8799-b871-8f86-3d0b6bedba18,珠江,珠江
9f4db9b1-3321-45fc-9595-5fa6a8ef5e4c,歌星,歌星
9f56c81f-7947-4a4f-8795-ec9eab378f02,抽烟,抽煙
9f5886f3-2886-4895-bfcb-8c0c8684215a,捐献,捐獻
9f6025bd-acfb-4e47-a91c-69a7be7f71ca,募捐,募捐
9f646a68-d45c-f4ec-87d5-be1e9dfee269,匪,匪
9f71c6ee-f99a-7751-6c20-52c1a9810cf6,二者,二者
9f71e5a6-32e3-4dde-a7de-c839585810e6,密度,密度
9f72be65-b16b-dbda-7b71-906f53beeda3,半月,半月
9f8283a0-06a7-4c36-8917-d3745cc94976,度假,度假
9f8520d9-1e0b-4fc8-870b-423387db4f8a,非得,非得
9f85a88a-80d0-1720-aa70-53839251ce17,奴,奴
9f895a32-5d63-47a3-9466-b83605bddb5c,教训,教訓
9f89c3d3-df25-47f8-91e5-6979b98cc9f2,福州,福州
9f8d7cb0-f2dc-4d48-bbf0-c62be08af9d0,贱,賤
9f90c367-22bc-c8d9-9d3a-cb93f6a02504,恐惧症,恐懼症
9f91dbf8-1737-4dbc-ba2e-8bac95541119,哈,哈
9f94334e-5079-4f49-8679-f352f8c65372,无可奉告,無可奉告
9f95db70-c52e-4368-90f3-839c69b8e88e,过程,過程
9f97f8c7-30ff-4303-ae80-63454586ab0d,教材,教材
9f98818e-0561-d0d1-7ec8-c131a5ffeb8e,源自,源自
9fa4e804-d948-2dd8-e23f-cfdcea195235,搜,搜
9fa6bf70-e9a9-56ad-6ea5-60dbb7fe98d1,地主,地主
9fa77b2c-f8e8-4b54-85cb-a51d5ae5ed0a,水手,水手
9faa82bb-c746-452d-88df-3677d064eb67,服从,服從
9fb80adb-e2ac-4acf-b075-f2a79f1ed794,辩解,辯解
9fbc92e5-89df-48b6-b95d-5e4bef7b2f6d,卷入,捲入
9fbdc686-fb57-4a2b-9711-5cd4030a471d,美术,美術
9fc389c4-9df6-4d50-968a-8b5db7a4178c,预感,預感
9fc41f2d-80f6-42b6-b829-0e69ae175977,疯狂,瘋狂
9fc6f486-8afa-46cd-bd0d-9a7e51a3cebe,保,保
9fc89674-019a-4571-8cfb-d48d2583b652,村庄,村莊
9fca6bdf-f902-486d-9d23-9f833e007072,大笔,大筆
9fd2fb4d-1d4c-487b-960d-3460755644a1,情绪,情緒
9fd55af9-1339-d086-ebbf-dec1b3a426fa,同埋,同埋
9fd84694-2120-4d99-a420-379d5eab0ff8,版本,版本
9fdbf6d1-378f-410b-82b0-4f2b0e19534d,死亡,死亡
9fde0bb4-dcaa-75f4-d062-9b7f8667ab22,啤,啤
9fde8cab-2bbb-be10-83d9-c8704ca90213,看透,看透
9fe4e197-8c94-410b-9037-3c990c2fdb02,出演,出演
9fe54f9d-1d03-2872-ebd2-b19c720e7137,毅,毅
9feb540f-c39a-45e4-b650-247c6f947f79,扯,扯
9fec5c11-3edb-d972-0861-0a96f3c16b49,青山,青山
9fef1168-1cfc-485a-a25d-ce2124084225,面积,面積
9ff1eb40-15d3-168e-5157-6dc00ed3fbf2,选购,選購
9ff6e1e9-a968-4b83-a0a4-ddfb9a767c9d,眼看,眼看
9ffd04c4-7653-75c8-185a-07feb78fb0ef,骨髓,骨髓
a0056300-74e7-4fc9-860b-54ca466b7705,志愿者,志願者
a00850e9-8f34-915a-531d-5484e2f14c6a,至极,至極
a00f4966-a37f-43b1-a1cb-8a13f484883b,忍受,忍受
a012c8f6-ca4b-4676-b52a-99c0be879b1b,光线,光線
a0198cad-45ac-4b28-af7d-42ed214a7dd1,公益性,公益性
a01a389b-c05e-4ea6-9eca-553685ec187c,通风,通風
a01a3f19-58d2-44f5-8fa9-dc41e63509fc,思念,思念
a020f3ce-f547-45a9-925c-ccca78a74aa2,个别,個別
a022eeed-8fdf-44df-92dd-948a69866a77,吸取,吸取
a02c8651-0860-47f8-af22-ea8d44185f0b,瘫痪,癱瘓
a02d5717-6ac5-7911-6598-975769cc94b3,流星,流星
a02fce0b-cebb-4444-1b7d-26df39b852ae,裁缝,裁縫
a032b19a-9029-4a90-b08c-13801e7404bc,锻炼,鍛鍊
a03b8d57-0846-8abc-83cf-03875938da1a,篮板,籃板
a041d1e4-ec48-8a3b-1eb6-a49777aba641,中新社,中新社
a0428293-7f24-41e1-9ed9-a9b94e94366a,酒吧,酒吧
a0437625-5fd8-1414-aed7-61e34a736c49,权斗,權鬥
a04393d6-7759-b145-a294-e72c472b2df4,老兵,老兵
a04df1eb-1c3b-fa0d-54b1-e2fab3358d41,掩,掩
a04dfafe-3ad2-47c6-b3b3-5b671859a073,格式,格式
a04e80e3-3763-83fd-ce1c-c32af7cbae15,侧边,側邊
a0596153-eb86-9ebb-d502-a94cd7cbabe7,坎,坎
a05b564a-c740-4fd6-9e2b-509b2cc039eb,之,之
a05d9c46-5d17-4938-86f7-40698cbb1f7f,水产品,水產品
a05e8b53-89fe-48e9-8a3b-8ffae43d2324,完蛋,完蛋
a074c9d5-c748-4fb1-918c-2f6092d7dfd7,亲切,親切
a07ab2b0-9dc9-418f-9776-abf2d1dc7b49,散步,散步
a081b2cb-b75c-42b0-9e64-2926206a5f4c,暗示,暗示
a084fed3-8fda-1751-4c10-70c06206d3ed,没戏,沒戲
a0859f3e-5c5b-4580-bd71-c5f95b928dbb,归来,歸來
a0875f97-2285-82c7-89ed-2ede1cc7bce6,卖出,賣出
a0885dc0-4f89-4349-aac4-5df6825e55f8,冒昧,冒昧
a088bbfe-c736-4b56-ad59-c80560317335,组成,組成
a091b88a-b88d-db89-075a-96f749b8a017,经销商,經銷商
a0985733-d267-4e23-a4dd-d91495558c06,兜,兜
a09a4b06-af1f-44d9-a854-5607835805b6,搞好,搞好
a0a67a39-33da-4e84-910a-807f2bec8df6,烫,燙
a0a7c369-b9bd-4b17-86b0-5d86338aab7f,空前,空前
a0a8a0bc-34e9-1672-7319-d1e369fc8aa2,白兰地,白蘭地
a0b1798c-c5a1-dd0c-e5f4-8a744a40646e,猫头鹰,貓頭鷹
a0b7dec7-c002-4f14-9d6c-11f0687def37,否认,否認
a0b8205c-eef3-4530-88d0-26f7bbc4d03a,上游,上游
a0b8dfa6-d6f1-d2ff-2981-de26e37303d9,夹埋,夾埋
a0c3b53b-a97e-49cc-8e2c-f151ce6e579f,敞开,敞開
a0c62fb7-dcc0-df83-1e27-9aa4a35ab72f,后面,後面
a0c646d0-b26d-4738-8792-38b6586f0cf4,鹰,鷹
a0caaf7e-2148-401f-a43d-4978dead032b,辛苦,辛苦
a0caf8ed-baf8-49f2-b4bc-88a16998300f,展开,展開
a0d212a6-d8b5-48b6-b8bc-a7c664f4ae78,通话,通話
a0d2a29c-18a2-4e03-945a-9749a887d19f,再,再
a0d6341c-dace-4e62-5fcc-ab712baed2e9,文科,文科
a0db50e0-83a5-9a0b-daed-fdbd54159f20,一月,一月
a0e4860e-9e56-44c9-a9af-983fa9d98239,强势,強勢
a0ec48f1-cf88-40f9-a2b9-d2b2c7560f40,菜单,菜單
a0ee57d2-ba92-443f-8d70-e9728ae8cd7e,拨款,撥款
a0f0d692-bc36-8eaf-9aec-c0054c47c285,上前,上前
a0f3182e-3314-0772-41e5-415269f5acc5,打赌,打賭
a0f82cbe-49b5-4864-24ba-8c455d426e4b,自动化,自動化
a102e997-e57d-8de2-c4e6-127036acad91,啧,嘖
a104200c-4e80-46f1-b9be-2e625ba949e1,描写,描寫
a1067933-e9fe-4518-8c64-a43c3a474eea,牵涉,牽涉
a10b3085-f296-43f6-867b-7aee8a1ffafc,退学,退學
a10edba2-deff-4e0d-8e74-ca6f394b9e82,出资,出資
a114a288-d5bd-2728-3ce9-901a7a2543b9,茬,茬
a11620a4-3487-4ed3-8df6-13d6333b2b6d,瓶,瓶
a11c2fe5-c451-42f7-a426-5ac8f48f779a,预算,預算
a11cba66-694f-4c4d-9c1c-4f46f9012693,协定,協定
a11fa726-cbca-7b3d-64a6-6f81ace664e7,限制,限制
a121a743-2f0d-850d-d178-fb096c7f3fd1,案,案
a12a30f5-999a-47b1-af3e-8cf7973d2294,上课,上課
a1319c4f-13e8-0df0-9550-2d81b583c53a,滔,滔
a13270a1-f45e-41b2-8152-d029b5b0162a,节目,節目
a1346d29-a6b3-7c3d-619d-484d1860bd34,中方,中方
a13642e6-806f-b6a5-deae-c60f8f600892,返嚟,返嚟
a13a9ad6-df17-47e5-a4fd-ba8f14d296fe,土壤,土壤
a1447db1-fd2a-44f7-9af6-1096c2b88e65,垫,墊
a144d087-a8d0-4035-aa91-6787f454e723,机遇,機遇
a145f04d-f320-f305-09cf-d3889975c594,悠,悠
a14e018b-2d7c-436a-aa4b-310afb1660cb,太阳,太陽
a15190eb-bf48-89f5-8f64-bb6e443dff8d,一如,一如
a1537ce0-88be-e92c-4313-2e8756af61a0,怎么着,怎麼着
a1574900-a470-5029-6314-0526134f1600,冇乜,冇乜
a1577c7f-b093-806d-0b42-3a4379100e1a,旅,旅
a159ee84-43e9-40b8-bdd0-f19fe4b905c8,订单,訂單
a1607c43-818a-4d6c-8cfb-828bba8cf4c0,一边,一邊
a163788c-7885-5506-611d-01e2f441c5f4,出入,出入
a1646014-7f61-4300-9811-264b596edf67,刚好,剛好
a1689c1f-22b8-8af6-de78-e52773fa81c6,家先,家先
a1693a97-42bc-4b94-a74b-12d2a12c2130,假设,假設
a16abdb8-4343-4d54-84c0-b8f6c463e51c,原本,原本
a1736785-d431-2975-a23c-0fedb6eea67d,草率,草率
a177cb43-b16c-42f1-89b5-e8c68a815e8f,丰收,豐收
a179c92c-aa58-f286-7f0d-4412dd4a3e23,咁啱,咁啱
a18503cc-c15c-b9bd-e64e-f4abb46f6746,转头,轉頭
a18d6f18-55a2-4e00-96c8-a94a35268681,找出,找出
a192258e-8b86-41f5-9ba3-e4a358ac9dff,寒冷,寒冷
a193beba-d95e-660c-a084-9aab5f08f73f,失事,失事
a1971452-ca4c-b135-58a9-4858c72f97f5,过瘾,過癮
a19d2e26-3888-ada6-26e8-382e01320ce3,眼见,眼見
a1a0afe9-d114-2767-ca1d-90d7aa4009a0,拗,拗
a1a6ac9e-29f9-1262-9995-54372dc07304,同屋,同屋
a1ac0439-b8ae-9524-4a6d-1f1dd13680c5,坞,塢
a1acb112-614d-4461-91ad-afe38a9381d0,戒,戒
a1acfa9f-4c48-6723-deac-8e727edd999c,到时候,到時候
a1b0f6b6-bcca-4766-8a7b-872e26bc449a,品尝,品嚐
a1b356f8-ed33-4436-b3a1-d0c9f23161f4,请坐,請坐
a1b7e0eb-7cf4-4795-862a-306c9062563b,宝石,寶石
a1c12543-6411-4482-bae0-98d84e607312,跳伞,跳傘
a1c4ddac-2bde-4fc1-a9d5-c25c6a413511,科技,科技
a1cdb436-47ec-b8f8-a547-bb61a654246f,愧疚,愧疚
a1cfb1be-7b7c-4393-91c9-dcbee3784a24,分组,分組
a1d2b30e-316b-7852-cb25-9e0007e9cf42,咪就系,咪就係
a1d3a3d7-5ea5-457b-bf5c-1742c08bdef2,乡,鄉
a1de9450-1081-48d7-a554-6196d5f44049,通告,通告
a1ecb4a2-539c-2957-ea3b-8d4b6e6b07b2,唔理,唔理
a1f08f88-6302-939b-6d1f-f4f100be2f9e,入去,入去
a1f4d6b9-ddcc-47e0-b7b4-270e8f792dfb,委托,委託
a1f7a3ea-d301-4cd1-8abf-57a67877bc9a,竞赛,競賽
a1fb44e4-95ad-4fa8-9ac8-1c1f2692256f,中学生,中學生
a2024dfe-b643-4e89-8d95-3f5bd97415ef,事务所,事務所
a20261a3-baff-4397-a38c-970d4bfd2560,陨石,隕石
a2028c52-1df1-4d6e-bd92-2bb98f5575b5,此事,此事
a2059d74-1019-4cf8-b8d6-1448abd62cd2,老化,老化
a211af4e-36fe-04f0-5045-d533c22590e8,帧,幀
a2183195-e9aa-845c-0721-18977342b9e6,无缘无故,無緣無故
a21e60d7-5d20-4c96-8c46-124ed9ed7194,车牌,車牌
a21fc699-7c6b-4fa5-8ace-07df59866a7d,炎症,炎症
a22383a4-ce2e-46ba-961c-27c7d61166d7,天地,天地
a224acea-dd48-4538-e7c2-015ca75aaec8,初三,初三
a236a295-7346-4136-b403-91b69e3b039f,规格,規格
a23a1d27-4df5-1bfb-32cd-68a8551d7048,潭,潭
a23e73d2-2a61-4326-bc4a-6e577eabf3aa,附加,附加
a23fc2db-ee0d-3fb7-4363-f6867ca996cc,氹,氹
a2442140-3c21-4ac7-917f-7bdb1ed32e44,领导,領導
a24a1394-979f-697e-507b-54ff72feec07,你哋,你哋
a24a37f9-2eb0-d398-dee1-e2e7c53510e1,冇事,冇事
a256da29-3b72-44b3-8ed9-e5454dc9d4ac,服务器,服務器
a25864a2-d545-31d0-1b2e-347c3d1b35db,别无选择,別無選擇
a2612fae-3178-4867-a866-3f56d2a96faa,打败,打敗
a26b4615-45e1-4104-8a84-86f15cb29763,电动车,電動車
a26b66fe-3cba-4fae-b459-3e9079bbbdf5,肥皂,肥皂
a2704a03-5c7e-4d95-8cf7-f9931042c75d,讲话,講話
a27718f8-63d3-41ae-96d7-d531bf32abad,关上,關上
a27f8d78-a414-d2e2-64ef-bda733bc417d,膛,膛
a28b6913-1901-49ad-94a8-dcf6d81ee9d3,伸张,伸張
a28e823f-5845-410f-b9dd-b85fa005fa11,飞翔,飛翔
a29160b2-fb15-436b-8e8a-9b4e57386267,防御,防禦
a296f774-7e36-8fe6-e27c-2f7e14a9b1c9,阿仔,阿仔
a29aeba1-cc81-40e7-af48-3b5ce997be71,启动,啓動
a29c52b2-d464-4dad-a93c-dcafcc7d987f,春节,春節
a2a1ae6a-e58d-9ec8-fb8b-4f1c2d8d68db,胡扯,胡扯
a2a4cf2d-54c3-3ab9-0538-ced0b415bb87,洛,洛
a2a68359-c369-f8e9-e5c1-6739b28390e0,士多,士多
a2a7452a-1622-45c3-a950-560bffcbfd08,宏观,宏觀
a2b295e1-9323-44db-bfa3-a39ce04b32bf,之外,之外
a2b41357-ed9b-99e7-e9a4-e7fd4758dc64,杯,杯
a2b7545f-a333-fbf8-d42a-8d17b17b8afd,拼音,拼音
a2ba5411-4da9-48f9-a31f-9270e182511a,蜡,蠟
a2bad2de-7327-e7e7-c052-8c9242ec07fc,小牛,小牛
a2bb452b-371b-46ef-b546-2a6fc7b84b10,大吃一惊,大吃一驚
a2c011db-ca47-7cd5-50ed-5fb7970ffdcb,遭,遭
a2c1e6d4-9f68-6037-5e2d-ad4d53af1fdf,粗口,粗口
a2c26f5f-975c-4f35-a66e-cfd25c36d0f8,灰,灰
a2c3c66d-3667-4c98-b0e6-ecee95c42309,不然,不然
a2c5d574-b7f8-5dde-b1cf-1ea570eb04b4,每天,每天
a2cb048c-76f8-4d6c-b2f6-1bf6c2085dd8,争取,爭取
a2cc9608-8389-4d91-a05d-457eae8c2e4b,言语,言語
a2d3291e-77d4-42ef-baa7-1c27233e5462,想方设法,想方設法
a2d677cb-cd82-9359-a8e0-ae6c97795fa4,踩,踩
a2e652be-9b99-dd60-fdfd-6c49409eb257,黑帮,黑幫
a2e6a2aa-3dff-9703-6ec3-daf2a96ab385,邻,鄰
a2e7e767-3f04-4926-fce9-f0b24bff4587,本土派,本土派
a2eca0e4-34cf-4745-bc0c-6a738a644fdd,特长,特長
a2f0dd0b-78e1-4442-bfee-16e107e18a24,氧气,氧氣
a2f3e96d-23f5-480b-827d-b6044dcc4f2d,告知,告知
a2f66ce7-5105-463b-89db-425ce3513deb,擦,擦
a2fb0142-bfe9-2efc-c57c-5b4d95e909b2,任性,任性
a2fdc579-6b00-f80d-c474-e575d4274c80,收埋,收埋
a2fea387-70db-43d4-9906-c4c265825569,弹性,彈性
a301ffe3-26c6-9e90-7a02-03a12ccc77bf,默,默
a30a6254-e572-2d40-b7af-b1bc6c8b7611,边会,邊會
a30c4c22-cb89-49ee-abe9-5c897daaa120,上岗,上崗
a30da1c9-6ca3-410d-9c17-b44a7358de2c,好比,好比
a30e606d-f18b-5105-cd1b-120e4257569d,类固醇,類固醇
a315c808-2a16-4e70-b1a3-79ecad176357,公园,公園
a3189e51-7de6-4e83-aaa6-72bf8b909180,这就是说,這就是説
a318c2b2-bed7-3cba-93f2-4ffc48b1272b,逍遥法外,逍遙法外
a31f4bbc-a42f-d16b-0480-3780fd022acf,欢笑,歡笑
a3316d01-4b0b-20e8-f0ca-7318a7d81fc6,嘉,嘉
a333ca82-ec47-4a95-a9d0-030c64e14488,欺骗,欺騙
a339d796-da9b-5253-5784-48985de8d63d,港人,港人
a346d4f5-e5aa-4940-b5f8-d7c54a3b85e9,西南,西南
a347bdf2-c237-b077-bce3-846163eb8333,窦,竇
a3499b41-91ad-4d96-8eb0-f6d2bb795fad,眼前,眼前
a34f0ba0-a8eb-4430-b974-8debe4093167,生死,生死
a3526f79-a5ff-4493-acf4-d7887787ef28,事后,事後
a3546bc0-2149-2fe9-a82c-db87ac981144,乃是,乃是
a35ca7c6-6b37-4369-a7e4-937c85e2da95,番,番
a363ec0d-0a34-4f66-9b03-7bde679f4c06,延续,延續
a36b1605-8fa8-9d76-26a2-ab98bb6fa818,座椅,座椅
a36b91bf-c36f-ebc1-0d32-79dad9fcb3fd,交易所,交易所
a3783c87-edd3-781d-e39c-325c7e9c326c,栅,柵
a37eb61f-29fc-15db-7f13-77900c384b09,中新网,中新網
a38231b3-abb0-404c-a331-3191478dde81,花费,花費
a3831b9a-c4b8-40b4-8d20-1d0713f98083,吐,吐
a3861f55-dda9-46bd-be4f-2fe4fc4290fb,弱,弱
a3894be6-86ee-41c4-b9fd-c98d688d2713,大部分,大部分
a38b5a31-be62-416d-be2e-8dc105248363,一口气,一口氣
a3951127-6fc1-4214-99d8-c0a2fddd0ab2,诚实,誠實
a39bccf0-124d-4a3a-9f4c-d76eebf6144d,访问,訪問
a39c5116-0440-b783-af0a-4facdbb3e9b3,控诉,控訴
a3a682bd-445c-443f-9a8d-f2e6560f3bc8,积极,積極
a3bd500f-31e2-43b6-b078-68dd8f7477f3,期限,期限
a3c0a33a-ab63-4b73-9675-3df8502cc002,处置,處置
a3c79b85-76ce-9a9a-0a32-748c77dd8fab,玛丽亚,瑪麗亞
a3cf92ac-8fb8-4c17-bf37-22c130769bc3,仙女,仙女
a3d0800a-c52a-42bf-9d35-67115ddac7e4,故乡,故鄉
a3d2a8d4-b875-43e1-b609-857b52223722,永远,永遠
a3d3232d-209d-b4c4-9cc8-52af78dc5299,搵食,揾食
a3d41294-6704-43e8-b087-9b5a2e7965ef,喜爱,喜愛
a3d72407-510e-477a-801d-88e0062e2338,常识,常識
a3deb17d-3680-4241-bb66-d433a87f4ba6,弘扬,弘揚
a3ec095e-39ac-4eb2-a52e-3aed5ddcb39f,吸收,吸收
a3ef4ac1-494b-492f-91bb-dc3592be368b,十二,十二
a3ef64eb-07fd-429f-8482-dbeae6ed2aa7,见面,見面
a3f25b60-6c16-406f-b716-7e9d2f156cda,具体,具體
a3f4c8c5-beed-440e-9974-c44ff18d49cf,劫持,劫持
a3f8cb89-0a27-47f9-8b5b-2372f009fa23,庆祝,慶祝
a3fa102f-c735-40ab-9097-7987331eca7d,节日,節日
a3fb5a1f-acc6-49ff-ace1-8706c24498d5,假定,假定
a3fdb046-6a17-5438-ad85-db1db10dc4ab,金钟,金鐘
a40441bb-eb90-a9b9-58a2-9c4af4a2b94e,混蛋,混蛋
a404b107-8448-c077-0d1b-1a080bd4dd17,可否,可否
a404f651-537c-4b9e-8822-087d51cb6330,艰巨,艱鉅
a409d119-bd53-4b60-b341-6d58b126092a,捅,捅
a40bab9b-35aa-4ccb-8294-ddb1aee76b1f,口径,口徑
a40dcbdd-ab84-2886-1072-c981f77a73fc,增高,增高
a4114ce5-295a-9747-f6fc-5206fd82b7e9,主场,主場
a4166e89-fb28-416b-9957-55f6ffcafd10,险,險
a41cb38c-7d33-476a-7dc9-1d4b8e6c819f,压轴,壓軸
a4203159-6bf5-4691-b0a5-0825f52a116c,斤,斤
a425bbc1-312a-ff6c-83aa-8391c502ba1f,丈,丈
a4269eb1-32f3-029d-081d-d208488ba6c1,省,省
a4315eef-355f-a147-1ae9-b57819a22c04,酶,酶
a4374e6e-711e-24a5-6160-9a6cddaed8bb,售,售
a43d67af-c319-d488-2239-e2ff1589110b,处理,處理
a441bbdc-8171-4a03-93b6-2b10f7d9ab4c,尝试,嘗試
a44e05c0-a86e-401f-9fa7-3efb7de94678,罚款,罰款
a45449cb-5bc4-49ce-88ec-ae0d38545291,孤独,孤獨
a45a9455-6900-4f67-ba79-58f69a96db5f,口袋,口袋
a4606d70-ca1f-447d-8c90-a5ea2ce42bf3,手脚,手腳
a46c1e4b-44e2-4449-a676-7759d1743b03,阳光,陽光
a46d36fd-a439-84df-a9b3-782213154f1d,佑,佑
a46f8aca-c1cd-4c48-aabf-2903821242da,心思,心思
a4706393-9915-ab85-2a49-d41871b187e0,满嘴,滿嘴
a4710472-9adb-4277-b831-35e4feb91706,定期,定期
a4718f50-1925-4230-a4bb-e5c7a48ce3d2,请求,請求
a4741b6c-54a9-aec3-5cb0-9b183b99ec7d,印度,印度
a474f4dc-fdf8-94a9-c8ed-40ccda6eef91,唔要,唔要
a477bfb3-ded1-125f-f9ce-015bc0c82aca,仲有,仲有
a479eb45-4416-4a11-899b-d878b252df25,驯,馴
a47d7e28-39e7-3930-b34a-4ecd3b466f86,硅,硅
a47e0cf8-2d02-49bb-93e1-4b3a29e74a3d,第二日,第二日
a47eaf9a-6780-4f21-b516-95ccb4427bbf,转换,轉換
a482cb0d-08c0-4bb3-9936-475674cea8fd,玄,玄
a48c5be0-24f4-4824-b779-b6c37fa6f68b,问,問
a48e2a27-3d85-4df7-9f03-d7e4b09775e6,欢迎,歡迎
a492411e-9ac2-7dc4-baa9-207f24b91ae2,安徽省,安徽省
a4942759-88ea-48b8-8754-2ec292f7fcbc,隐私,隱私
a4944a93-2876-a636-61f5-8f000e096dda,老弟,老弟
a49450ec-3669-4737-a5b4-1c8702d0a764,呛,嗆
a4977ec5-b77e-4b97-966a-6386563ba541,客车,客車
a499a01c-59f3-f3a0-5c9e-180a52423871,注意,注意
a49c2133-61f4-4a32-a642-1d1b689b7fca,瓷,瓷
a4a01544-313c-435a-891a-b993f869ff3a,丸,丸
a4a79d9a-1309-409f-9d86-ad04faf2fa07,至,至
a4abdf08-1e30-48a6-9826-82a220df0c5f,老实,老實
a4af417f-159c-dfcf-01d7-e486502f7b4a,神经质,神經質
a4b0d043-b93b-7179-a6e5-65df09a2e1bd,参选,參選
a4b3d02f-b7fe-418a-818c-a8ab893b5384,米饭,米飯
a4b7adba-b96a-4fa3-a7d9-9f5dfb05fc4f,面临,面臨
a4baab6b-8b78-2463-3488-468d0d0f9e36,嗡,嗡
a4cded0f-00e2-47f2-b4b0-9f75b91ba073,酱,醬
a4d059e0-6e14-18fd-6e83-a32877177830,极大,極大
a4d166b5-53c3-4303-8d41-f6a03340a89b,下旬,下旬
a4d268bb-9421-4ef4-b4d6-3b3ed1b407f1,标签,標籤
a4d6d083-0754-43c6-ba04-f9c87bb2da6e,掀起,掀起
a4d933d7-dd5a-4ffd-907c-5d83c02c5c7b,还是,還是
a4e211f4-1f87-f8e1-2899-4bbe6cbf1ef4,信托,信託
a4e7a759-6e76-4c16-9d83-cb3c797e9648,敲门,敲門
a4eb729a-dd5d-45c5-b419-4c8465f9c9f9,畏惧,畏懼
a4ec22a4-40a4-c486-19cd-4ff5fc8bb299,挥舞,揮舞
a4f3bb7a-d16d-5869-7b5b-4e3afa063f5a,控股,控股
a4fc5f2e-e461-4eab-a40b-79e523c47041,绝望,絕望
a4fd4ea3-7010-c021-d71d-94f55ff5f028,勉,勉
a4fe57f7-ba7d-c49d-cea2-0e6a92ce36c0,星期二,星期二
a4fe61e8-0d32-297a-2a15-d38a0de53165,柯达,柯達
a50382d9-cf78-4951-a927-bdf993554238,除此之外,除此之外
a50432ec-2f8d-283c-3ee2-8499be7e6688,春运,春運
a504d425-482d-4e25-a97a-ef48dfac5aba,预先,預先
a512ae0b-8634-43c7-a8c1-afde5ac02661,指挥,指揮
a5196bad-3f10-42e6-923e-893843d74aa8,发电机,發電機
a51aabb4-4195-4402-8db9-7e26700d3a69,烧,燒
a51bd369-a250-86a6-aac6-501b98ee690e,送礼,送禮
a5235aa1-a671-4b44-b122-97db26c444a5,属于,屬於
a523f9a9-7851-478f-8f9c-5a646881c077,棉花,棉花
a5252a6c-577b-4665-854d-67c4cdff3ad1,打发,打發
a5262a71-b51f-493e-b9e1-952467546c52,摄影,攝影
a52643b6-88e6-501c-8fa7-b40880907dbe,产权,產權
a52895e3-14ef-4921-9150-5f9c72c1d8bc,摇头,搖頭
a5387287-6553-4fc5-87e4-3c308c30cf48,黄色,黃色
a543dace-2f18-415a-875e-a373f417c112,天真,天真
a553a813-50fe-450e-a034-a8ecdbc950bb,士兵,士兵
a5561a42-c5ae-4646-b196-aff012e3f8e8,私人,私人
a55c15dc-4688-782d-aab6-4dba1a4c407a,冰球,冰球
a55ee61e-4b8e-0b85-8aeb-f8d3ba7a3d1e,屯,屯
a562a207-1a0e-4d59-9b35-9a5a55cef2a8,燃料,燃料
a5649bd3-1c3d-42ee-b3ae-a36d1e50fec0,圆形,圓形
a5654651-48f1-4ba4-898f-722f489b5396,联盟,聯盟
a566f963-27a0-4093-a131-66b64063e09f,伺候,伺候
a5677b6b-24d4-4f19-9181-002130d198f9,介入,介入
a56aaee5-858c-2d71-2c5a-69101ce472e2,港币,港幣
a56b83c0-96c6-46c9-0272-1a62a2a050d2,差啲,差啲
a56ee6f1-1376-4b63-885c-6f3448021ef0,砖,磚
a58471a2-48e2-48ce-a1d7-4044dbe51d90,细,細
a584d523-5388-40a9-b94c-43b71f6df4cc,惠普,惠普
a588da23-adfd-5fd1-7562-3867b5ad3223,妓,妓
a58cf2b7-cce5-4a5b-8fb9-f389ccc1e03f,课程,課程
a597a8f9-9150-4446-9ddd-2cbcae6e0d4c,开口,開口
a599a477-a083-4c6a-977d-de55116e7566,继,繼
a59d2a26-9fbc-738a-7a8e-5c8fa475932e,更为,更為
a5a3547c-af2e-49f7-1038-07c7d6b17967,小鸟,小鳥
a5a6f06a-784a-4e09-ace2-dba3e308d251,浴室,浴室
a5af3021-3047-44f1-85f9-aa197c448529,开业,開業
a5aff808-4a64-f080-a704-4e7bd5fa48bc,急急,急急
a5b0704a-0c02-b8d4-0066-69a5c2b55fec,之际,之際
a5b144a3-cd82-51e1-b5b1-77a1fa0fb157,痕,痕
a5b3a3fb-6262-49c1-9fd0-1370861b66c4,失灵,失靈
a5b771b4-3513-46b5-bb2c-f87998a3654e,改编,改編
a5b79342-170e-468d-aa9d-029098922108,遮,遮
a5b8332f-b620-4499-8d81-6a39b7898366,星期,星期
a5b8fd57-600b-4a35-a657-83ff0bc700db,受伤,受傷
a5babf1c-4c3b-4ff9-9ce2-3dd909779a92,预售,預售
a5bbc4c0-13dd-ce38-6850-52fce7dce5ea,温家宝,温家寶
a5c20272-4748-54fc-f026-45bf39835e95,第二轮,第二輪
a5c518a9-3594-dd86-f358-204ae960b21f,来得,來得
a5c52cf3-e578-4c19-23b2-dac6b8bad833,桥,橋
a5c53abe-2b17-4c40-938e-43002ebdcb9e,几乎,幾乎
a5c601b5-0087-4371-8eaa-1498cca37b40,证,證
a5c63b1e-64e0-4b8e-8767-25d63feda8e1,标题,標題
a5cde558-e2b8-ff38-9e7c-e1bb9f7cd09b,油,油
a5d458e1-b22e-41b9-a8bd-586df28b69de,代替,代替
a5d94d0b-b56b-74e4-eae4-2643cd3f14e3,暨,暨
a5da09a2-2194-e19b-1386-0065bcf139aa,籽,籽
a5db8d27-9800-4a91-b210-023f5b3b7c29,接收,接收
a5dd14ab-9b02-0a49-a047-05d098bc40be,凄,凄
a5e20f7a-50e5-4c9c-a8cc-4e032015d72f,这会儿,這會兒
a5e26705-8307-45c1-81d6-5bfed1fc94c1,水管,水管
a5e62fcc-8bdf-7f47-63bd-41f45f56c23b,娶,娶
a5e7a8c9-42ca-8b62-b299-28cc4e75e075,通讯员,通訊員
a5eb3b77-1f68-41e4-be8a-b48936e2d6b7,战术,戰術
a5eeff11-d52a-423c-b750-2f99767db587,结论,結論
a5f13167-94b3-7c57-0975-c45bf285d15f,抗旱,抗旱
a5f194b1-bcdc-97df-db4d-539d2f379543,省级,省級
a5f33b38-bf67-47eb-b5f3-1a7803c25990,艾滋病,艾滋病
a5fd1b30-a4b8-1b28-9789-da457e53d2d9,兵器,兵器
a5ffebce-f5fe-8ae6-f31d-4b17ef03f775,不等,不等
a6034f95-5fde-44f1-ae09-18518d2c4146,解雇,解僱
a6057d18-2b51-4543-9700-a82a196ef563,德,德
a608ec92-6064-42cb-b18e-bf23823e2d3f,堡垒,堡壘
a60dbf63-76dd-4d77-b95f-4d90935f3a85,危害,危害
a60f5c42-a184-7e3b-3917-a1f3782f596c,胡言乱语,胡言亂語
a610c4a8-09f5-4c23-8bdd-c0a3bf4b56ef,不禁,不禁
a61a0647-127b-6fb6-e28c-ada412011615,大雨,大雨
a61e5397-b4dd-466d-8384-d317b0ca5b20,伤势,傷勢
a61fa807-3f06-dd37-0c19-2ef4dd5bd62d,肃静,肅靜
a62389e5-9d14-215a-55c3-70a1239f6049,啡,啡
a6247f43-72bd-414f-b31c-763a14109f15,传授,傳授
a62ac36d-fec2-5fd9-d5dc-635234228e28,凝,凝
a62f3da8-6571-4688-88c7-9c8adeed42da,失踪,失蹤
a630a49a-d5d4-b01d-5f29-8222f17af3e2,公屋,公屋
a636488e-6bc3-4025-ad1e-77d7bf58d963,新型,新型
a6372f23-076a-c6a1-f6f4-3d217dbdfff6,果,果
a63eb095-b448-bcdc-fa6e-62b98331ff2a,梦境,夢境
a63fac94-ffc0-4243-8d5b-14c91a62a14d,频率,頻率
a643aa51-8f7a-44a0-88d7-dcbde951163c,演戏,演戲
a643c944-e2e6-48ea-81f2-25153e27f7d7,可耻,可恥
a649b278-0ebc-a84b-f193-a1e58c1594af,壳,殼
a64a51e2-9962-4d19-9dad-5751c184ff57,适应,適應
a65924ee-dc99-99b3-8a3c-3249324d8b5d,慨,慨
a6628cc0-ca59-4e4c-8ded-b3da2060eaae,角,角
a662fd79-3f48-4282-9f33-15ba7eb42771,里边,裏邊
a6631df5-7168-9add-ad6c-e3e913df5fc3,格林,格林
a6659b5c-35bf-61d3-6cdc-a466937cc2bb,上海,上海
a6728bea-be75-e29f-a193-7d6b724fc18a,异教徒,異教徒
a67d9c46-e9a1-45b7-b453-dadcab0778c9,赞赏,讚賞
a6875836-3ba7-47d6-aaf2-aceda3a25e90,全局,全局
a6895226-70df-4396-8fc8-bb5e914e19e9,知名度,知名度
a690236a-6cf2-431c-b700-7233abc00f00,裂缝,裂縫
a6958108-ee5f-40f3-bee7-b9adbdfdb94d,养生,養生
a695edf9-d34c-451c-bbe9-71a6e18a8221,解救,解救
a69b7340-1081-4d62-afef-9280180a0c61,措施,措施
a69cc6e0-6970-ae72-a5d9-fc837fb77086,系咁,系咁
a69e4ae6-9dd8-78ed-032f-97c9bf19a9fb,扫地,掃地
a69e7ad1-3b3a-4bf9-8984-2e244bf5d9ca,闪烁,閃爍
a6a557d8-1683-45e9-acdb-e1ae261f4eca,原地,原地
a6a55df2-2e1e-4fe0-faf7-a2508559f38e,重演,重演
a6a7d2c6-549c-4887-e292-614ee140865a,到,到
a6a8cc6c-fc8f-46ee-af59-623272a28d1b,权益,權益
a6ac7f69-1e94-4ef0-8749-204d05e1a3c8,避,避
a6ad3830-4d52-13a4-59e5-680e8a75081f,囚禁,囚禁
a6afbdc4-1e44-388c-f22c-6b03b1f8a40f,秦,秦
a6b29ed4-8efe-480e-ba6b-ee223f61072c,孙女,孫女
a6b5c145-924b-4f85-863c-f834e51a3c4e,大家庭,大家庭
a6b79e97-d5e5-3581-0436-0bbb579b96fb,鬼佬,鬼佬
a6bb7129-6414-a82f-79c8-ba6afa253abc,太空船,太空船
a6bc551f-4574-5a35-a465-f0e59b990604,各级,各級
a6c0a55e-9d20-4434-8d66-cef514e379dc,上个月,上個月
a6c4b389-0e05-4bb0-96ca-2e791add5097,角逐,角逐
a6cacbeb-9494-2c4a-ad86-8e8039112910,页面,頁面
a6caf28f-1931-4f1e-a6e3-7972c40bccc1,武力,武力
a6cf5387-d036-45e6-b7f1-de990187560a,搞,搞
a6d14eae-9b44-4089-a7f5-09acf2408da6,树林,樹林
a6d7d06c-d6ca-4ec9-9d1e-e0167290849a,能量,能量
a6d90e29-087a-4e2e-9277-c7a8c2707f9a,秘诀,秘訣
a6de5106-beb9-2a1f-78c2-72f34caa4054,十分之,十分之
a6e5cb8e-39af-4849-8772-4867dfe3bdfb,复发,復發
a6f67a90-20fd-2c23-0182-75c4b8c664b4,有请,有請
a6fe55d4-6ba2-5ac0-bf76-6f5b9f902f2e,徐,徐
a7015c1f-4c30-458a-b3b4-406b8aeddd26,上楼,上樓
a704b9e1-a336-42aa-fa74-955cd0091d87,散热,散熱
a7057652-31d2-4bfc-a163-e27d6478b01a,高压,高壓
a708d0e9-556f-36e4-1d62-2aba7ffd7ff0,便宜,便宜
a70b7e13-599c-4671-b39a-6cea77efffb9,注视,注視
a70b9f67-8e66-4561-b1ac-56b87a007252,黎明,黎明
a714d693-9f6c-459f-96a5-7eff5ad5ea30,敬,敬
a714d9e6-851c-3930-31fb-1b33a5ea5fd7,脚下,腳下
a71c5ae7-8f82-485d-9715-0689141da258,全力以赴,全力以赴
a72d10ff-f7c4-b1df-3efb-ea931ba5b848,学家,學家
a72e190b-707d-478f-83e5-b9a612860d57,良,良
a7304fc6-d26f-f56e-cf64-fb1d4a7a89f2,嬲,嬲
a7316021-8cf6-e817-5b82-c45cc5347a1a,厮,廝
a73225aa-1f24-c94f-b5ca-5d3985b65ced,够胆,夠膽
a73270d6-da0a-f606-36cb-e26519e789d9,今时今日,今時今日
a738c493-5d03-7843-5d4f-1105d949967a,蚊,蚊
a745409b-fd96-9ac3-c850-d3a08bb6caac,鳌,鰲
a7483f37-fb90-6cf9-6a4b-53fb1407dbdc,落车,落車
a748f504-a528-4b5b-86a5-f414bac41d85,增收,增收
a74b724c-779c-21f7-804a-a9f0a79f7711,稀释,稀釋
a74d0342-85fa-44be-84b6-dd4bafa5c84e,扩建,擴建
a74e3673-1591-08c3-f33b-7db87722ece4,家人,家人
a7549764-54be-a31e-f631-f9692b0eacc0,咩呀,咩呀
a75520e3-6b66-406b-8ab7-1a6a5807c4ad,实行,實行
a7554717-aaab-41f4-bd1d-437211f1a918,脑子,腦子
a75780b5-35c8-4750-9b3f-9881f9aa1a4c,趴,趴
a7583ecd-19e8-47c1-bd19-535a268f5570,按键,按鍵
a75ffed1-4e20-bce1-99ae-8905fd32683f,纸巾,紙巾
a7618a7a-945f-748f-e292-1b5b2f5534ad,来着,來着
a761f9e7-5382-4fca-8316-7e484e302af3,采取,採取
a766ce9d-e6ca-b77d-3368-f90f083f2399,政治家,政治家
a769817a-90f9-c0ae-5520-8adbab3c7e4c,具,具
a770e73d-ec88-476f-991b-845d342ef89d,清醒,清醒
a772d3a8-1d8d-80b4-5e96-0722b0a512a3,中环,中環
a773e4b2-e132-420c-afa5-56603b7211fd,顺利,順利
a77f9c8a-917a-4d37-ad15-ce9b9b3ccd29,算,算
a780be11-f1e4-d467-e725-882f6efae50a,另一,另一
a783f2a7-2322-8044-4ab8-74507063f536,埗,埗
a7861672-c586-18a6-c118-86838cf2fc32,画,畫
a7916dcf-d208-4857-8ee7-433062933277,婚姻,婚姻
a792e638-3e0d-2a1f-ba93-cfd73830c88b,吟,吟
a7a97994-6f4c-9f2d-c75e-a8ac6b5a3c40,报价,報價
a7b24d89-594a-143a-c65f-fa1473b7f9f4,雄,雄
a7b82226-58a4-4f31-adcb-d4c08871e1bb,事物,事物
a7b92b46-def0-d3c7-c55e-864a117c6a76,跤,跤
a7b9306b-114e-47f2-8cd4-f6fcb2623f0f,延期,延期
a7bb96c7-9c43-7dc7-a113-351aa532fe19,股指,股指
a7c02886-2863-4c9b-b6a6-aef1efd286fd,逃走,逃走
a7c58f8f-8f92-4038-8d93-e5455d8e08a6,烤肉,烤肉
a7c8b559-c8a3-489d-a178-07eec39379eb,美好,美好
a7ca34c2-b388-4323-ae8e-eed4c8041bb9,对面,對面
a7ce27ad-3069-453e-8708-12c2ad4884f7,实施,實施
a7dc24e1-3f9f-4b2a-8829-fbf3a0ae9075,富含,富含
a7e7778a-090e-44cf-9da3-6fc65c69572a,燃气,燃氣
a7efc62d-4f8c-a353-c29a-476f373dcef1,民事,民事
a7f1138b-14b7-4ab1-95af-416498daa1c4,不大,不大
a7f27922-497a-0796-df20-2abf5610be2f,刘翔,劉翔
a7f79a6c-38ef-454a-8091-7e54e10f2c64,纯洁,純潔
a7ff0338-27c6-48b3-9ccc-2accd4f048d6,附属,附屬
a80503a8-9ef9-41ce-b8bb-0feb12ead013,长相,長相
a8057181-2874-4466-86e8-6c7a7784c558,立刻,立刻
a805b9a0-3a11-84d7-f7b8-9cab0b027b23,物种,物種
a80b8f4e-cc10-a97a-a49e-b586c58b7dfb,玉,玉
a80c8519-122b-405a-a12d-05b71421f9c8,崇高,崇高
a812f670-f8dc-16fe-8e29-ebaed043e2d3,蒙古,蒙古
a81668a1-0a95-8096-d0a3-7ac6c39d9ee7,上行,上行
a824537e-927d-4268-9cb3-eecec4eea94e,管道,管道
a830c5d9-3fc7-4bc2-8d04-6158371da61c,怪物,怪物
a8326400-fd32-42a4-8ad8-1ff8b2c5d7d6,优越,優越
a8331b8f-e4be-4efc-98b2-f46dcf27daeb,首席,首席
a833276a-d790-4e8a-bae4-748d6e99bfd4,词汇,詞彙
a837250d-bead-436d-8c31-8de392181234,放弃,放棄
a83d1022-8cd8-81de-6335-7f8de798e8c5,遥控器,遙控器
a83d9cbd-6740-b0e3-bf42-3d15c85fe6d1,壁,壁
a83f54de-f031-4bb8-a928-929bb18fc406,天才,天才
a845a4b4-3508-49b3-95db-f40ed304815b,屋顶,屋頂
a84b13ea-1cf4-4405-8dff-4adf7d44bb72,扭转,扭轉
a84b38f1-97fa-4730-9bf2-52889f990fef,思想,思想
a84ba287-de0a-492b-8671-5c2aa5b4e0aa,前面,前面
a84cfbc7-98c1-2314-cc9c-8a8750a6adf6,接球,接球
a84fcadd-4113-ffe2-d2f8-76133f21172d,佢哋,佢哋
a8535fe3-3a98-26af-64d1-65879fd25e47,每日,每日
a85578a3-5084-b4f6-0b2c-362a203f5847,佳人,佳人
a8562599-9064-474c-9103-b1a3e6e89a39,大多数,大多數
a856f885-1857-0007-3f82-ae34af1c8cc8,后院,後院
a85abef5-e28e-ad7c-6c64-9437c68de6ef,秘密,秘密
a85b7863-eb46-4f15-b9b7-e214bd2d2d60,复查,複查
a86444a8-1655-d279-71d5-a6cd4396b9fd,滚蛋,滾蛋
a869bee7-78b3-4a17-9f71-3f6a4b6c9d49,富人,富人
a86edb76-4561-7139-6c89-56c2a3f4f02a,潜质,潛質
a875542f-d957-49e6-932e-9aca13b6de5a,寻,尋
a8765810-f266-6b7c-e9f2-0a1cb5e1325b,苏菲,蘇菲
a877f1e4-fbc4-66b6-eeed-66ff91719cd1,瘀,瘀
a877f52b-6d34-46f5-a29e-90529981e306,直接,直接
a87811e6-6f56-4b52-9b73-16a124eb846b,裤子,褲子
a878835e-48d4-da8f-8f92-78a2deb14e8b,谎,謊
a88ccea0-7f3b-4aa7-a03f-13be549beb73,敬礼,敬禮
a88e9c68-79eb-47ee-ab50-53567f11c500,斗争,鬥爭
a88ec197-b6d5-496e-a71e-a733ed983a01,拉动,拉動
a8936c51-03ec-4ea9-afd6-c0c0de17b01f,设,設
a8948fab-b943-4d85-bccb-f8da295a332c,颗,顆
a8989105-0b39-2957-e496-b7d86c639b3b,肚饿,肚餓
a8a14a27-f260-4220-bf1d-5dd9b85e0ccb,来自,來自
a8a22b1c-e8e0-436b-8f10-ab4dc5c4db28,泻,瀉
a8a361b5-dc2f-4462-bbd3-f5e62962be8f,清理,清理
a8a9a80b-6ede-13d6-1c8d-4a466a04e4c9,印记,印記
a8a9c4c2-d604-472b-840d-bee81342fe4a,热点,熱點
a8ab3d3f-6e78-d08e-4e5e-c6823b2f8fa8,总局,總局
a8b7a6be-d202-47e0-93fe-5798c4060073,胶片,膠片
a8bcd029-e997-c387-9206-094a36661eaa,配方,配方
a8c4d78d-7ab7-489e-82a0-66bc2a8cbb46,露面,露面
a8c80a9d-3eec-4409-402c-b8f7f606cee2,啼,啼
a8cf3e14-e8f8-4fa6-827f-4dc8b17d04a3,以外,以外
a8d262d3-094f-45d0-abff-41c4c4f753bf,复杂,複雜
a8d31331-e0ba-53c2-04ac-a964a0bd3c8f,孤,孤
a8d682d4-767e-4c03-9fe2-bd5be281ccd5,传闻,傳聞
a8d92a0c-ddc2-41eb-868f-a5d06919ffc0,整个,整個
a8daec11-56d9-cb92-c200-d88f28be74f0,同,同
a8dbaece-3941-4fd5-b4c2-f7445a3278dd,本能,本能
a8dd6f31-8d2a-4c65-ac82-60271b8ce9f0,打听,打聽
a8f08b8c-e488-495e-95b4-47b9bc69981a,行驶,行駛
a8f3c883-5576-1f2c-825c-4117244a2ab2,江苏,江蘇
a8f713ee-aac5-cffa-fe8d-6755c39fe6ea,赎罪,贖罪
a91214cd-dc6f-4524-9beb-69922659a689,坚定,堅定
a9145148-0ce2-63f5-da55-1a6b7c1d97bb,扩,擴
a91a83ee-2988-308c-86b7-36c5002f39b2,链,鏈
a920d4a4-3eb5-2314-9737-d7512f0cd1fa,踏,踏
a9238c26-aea6-7f56-42e4-23afb3cfc2b0,换句话说,換句話説
a925e3b8-dbfe-4ffd-8b0e-88e7d329f1e6,按照,按照
a933978f-fac8-8e59-c50a-4048d041e7f7,筒,筒
a933ea75-21bc-448a-aa43-1e36e35245d1,深度,深度
a9356c83-f7da-594b-616d-ec25a122b6d4,面的,面的
a93908df-92dd-3cb0-c965-1641f1247761,为所欲为,為所欲為
a94194f8-31ba-e3f9-ebfc-1fda432084ae,投产,投產
a9433502-84c5-419d-ad60-6337a3d94798,通行证,通行證
a9450aef-a487-15a2-6ae0-4a20303e6313,捍,捍
a945688a-2061-46e7-98d2-1f3169dcdbdf,麦克风,麥克風
a9492d71-ebf3-437e-862e-931ea901669f,景点,景點
a950cf5b-4096-97dc-4dd7-567318ab30eb,回报,回報
a95167d7-f7d7-4692-94e3-ac0e2e89e307,遭遇,遭遇
a953d670-27d7-488f-8e42-08e0ce080b8b,新郎,新郎
a964a71d-dd4d-d871-8461-5f048de1c1d5,好鬼,好鬼
a967267e-8a43-dcb7-6e5d-d71f070da6d2,十八,十八
a970f20b-93b1-fa63-5bf5-c7231f6e1297,伴郎,伴郎
a97305e3-d252-a420-18eb-225b0dffe24e,做工,做工
a973b17a-01c7-4dac-b991-b7960b1fb56d,天桥,天橋
a97b9e0f-91ca-4533-b02c-4229b0fef823,尝,嘗
a97c2471-4f8a-116a-ebbe-6d4a79cf14e7,哥们,哥們
a985c1db-81ab-136c-a0a5-2fc30fac9339,拉链,拉鏈
a9879837-6ed0-6bbf-1624-8423de31b689,熏肉,燻肉
a989c702-c17c-4d8a-9f98-626a66092f97,漫,漫
a9a11241-2c39-f4a6-fb34-e942d435bf71,心烦,心煩
a9b3019f-be9b-4bbc-a914-a6ca9a8f0372,巨人,巨人
a9b6b4f8-df3e-42df-b484-ebcf0214cb07,南部,南部
a9bc120d-fa7c-4ae3-1218-3b3f5bb5e74e,大战,大戰
a9bcf51d-0436-ccab-debe-e6d23c78c641,停低,停低
a9be4fbe-dfa9-466e-b533-4b48e8227f3e,情感,情感
a9c0a462-0e5f-4af7-dbf8-59ce10b12f4f,福建省,福建省
a9cd8b1c-717e-4cfa-adaa-b2e58bfd20d6,复苏,復甦
a9cf5a1e-0de9-4245-98f4-ec81d599bb14,究竟,究竟
a9d6778a-fb93-fa49-f50a-840cc0c63f5c,艰,艱
a9db2441-9e48-42e7-9c79-9b3435ef1308,喜剧,喜劇
a9e32b1f-a9cc-44c6-b5be-c7a5b7c6a6af,恋,戀
a9e7240e-3076-82b6-73e0-df7393dddeb8,枪手,槍手
a9ea55ea-09f7-73b3-2492-1c1dcfecddc8,建立,建立
a9eb058a-9f78-4487-8740-64be1ace7df9,胳膊,胳膊
a9ed323e-6bdd-4ce4-b708-2dfcc0b2b619,战士,戰士
a9ffdd80-6071-c1cb-b004-35351d8e9db4,有心,有心
aa040501-6056-42f0-ace8-1beb8f62f2ed,工会,工會
aa086351-6b6d-471e-ba24-c941e6d17984,下期,下期
aa1408f1-3370-bf22-344b-1b710ec64132,焗,焗
aa21ee4c-239a-4dec-a5ce-4418826cd9d9,中午,中午
aa272d6e-fdfb-4a74-9b5b-01bfaaf9f2cb,绿地,綠地
aa2837bb-71d3-fd50-0455-c631613a47c1,出海,出海
aa2be8f0-344f-4a8b-9d12-100e8227fb09,迄今,迄今
aa2fae47-3a30-4cc3-af82-1959f85435cc,腐败,腐敗
aa334064-6e09-953d-68fe-870db0f756d5,募,募
aa339640-9bfc-436c-8e02-3737895a9b3e,泳池,泳池
aa3663cc-def6-48a9-99ef-7448219e2123,回家,回家
aa3a31e9-25ed-3f4b-7821-790cbd8cc492,银河,銀河
aa3aae2a-520a-4afe-ab3d-8492a0584995,会面,會面
aa3ae338-465a-0f2f-9554-be7d67a61541,唔好话,唔好話
aa47fe75-4dfe-4f9c-bbd9-6bed29816e07,听到,聽到
aa4b01cf-3263-4ef3-ab94-55abf9b85fad,草原,草原
aa4c995d-2877-4dc3-ba97-cf95df19ee73,紧接着,緊接着
aa4cec26-8d33-4b67-a2c3-e9a91ee8bea9,表彰,表彰
aa61c025-0578-714e-6595-82ae5d5f5bf9,京,京
aa69650d-46c6-46af-81bb-d9a48f49a49e,交费,交費
aa696df2-d17a-42d7-8cad-31962c55764f,高贵,高貴
aa6aa0d8-da95-4cd5-a0a6-a6395bc49552,剧场,劇場
aa6b070d-0b69-6101-47c2-953c22c80fd8,无名,無名
aa6b6106-edba-42e0-986c-00bd2cff7f39,锅,鍋
aa7570ed-1799-4169-b884-e93719216aba,人行道,人行道
aa775857-5d06-4bfa-b08f-2c5da41f45c4,局部,局部
aa7ea551-169d-b0f0-a8ae-e8b0542b49cf,烁,爍
aa880310-2610-491f-ab57-2b656270bafb,圈子,圈子
aa889279-7a64-4833-889a-157df6d90460,来临,來臨
aa99bd34-aa5e-45ca-a635-d05c4b3a833a,吓唬,嚇唬
aa9cd947-8a77-1e6c-56a9-c795d057d589,失,失
aaa05447-0f32-4771-9dbe-cbc13b59c516,资本,資本
aaa7bd62-c0c1-3f98-2bca-559d2ea33828,噩梦,噩夢
aaa8a173-7426-4a73-9e7b-b8dd7ba0c9eb,勇于,勇於
aaab3357-953c-4632-b79e-0cc07fd12bb7,现象,現象
aab20520-4896-0bbb-a856-2e4a9951167e,孙,孫
aabaafa0-4293-4e28-9b4e-852843d13cc6,响,響
aac3f39a-fe63-5191-c6a6-9701aa42932d,始,始
aaca5699-e241-e4b3-35c6-a8da759bce98,吕,呂
aacdfe07-5ea4-4e5a-b5b8-2d1ff58117ec,客户,客户
aad8c04a-0304-4e32-be31-3eeb657d5c30,虚拟,虛擬
aad93d7a-28b0-9aa4-da25-2420e522a48f,淋巴结,淋巴結
aadc3dc4-933b-b4d4-53f7-12df0b6d70e7,资质,資質
aae85ac2-8b26-bd45-2fa0-d7c016006380,神舟,神舟
aae9cf05-679e-04cd-6c20-b1d76ccce0c8,场面,場面
aaecae63-135d-b4eb-4868-85713b6f50a8,屏,屏
aaf0729a-1423-29b7-f352-1986c38b0754,叔,叔
aafcb6ce-05d8-5082-b7e1-ddf883c2c4d2,安息,安息
aafce38a-ec33-305b-7ec7-79b1b6d1d789,幼儿,幼兒
ab01ebe1-8001-9e79-a4d1-4be1f771933c,星期一,星期一
ab04071c-5ac6-43ad-aa71-6e0e2a10c770,遗弃,遺棄
ab10f100-d5ba-4092-8f0e-da331354272e,反对,反對
ab1a9902-414c-4d43-a5ef-00f9bda9e2c1,优异,優異
ab24a146-0fab-8696-1979-6f13be7fca8f,只好,只好
ab2c0746-2562-4c86-9297-dda5db76e4d7,结果,結果
ab33c73d-4225-48fa-acdb-b82664776833,手艺,手藝
ab407421-7124-926a-30a1-a7afacde923f,同班,同班
ab4ecbd5-cf2f-4d28-b611-64287ead7d21,收获,收穫
ab4f18a4-9946-4428-9414-986574aa2d9e,毕业,畢業
ab54e0e7-139e-4017-8772-e7026973ab95,奇迹,奇蹟
ab58c1de-3c54-0330-7f2f-8dbcead1c9b3,冰块,冰塊
ab5af0c0-1d68-3cd1-5e26-517332072700,多得,多得
ab5b0c8f-1497-42c7-9372-a8ed9d17ca25,出动,出動
ab601fae-d667-42b5-bb29-49dd212ee9c4,矮,矮
ab6834c5-c930-b263-0026-03b09d5dac64,扭曲,扭曲
ab68bf2c-4d81-1844-7f48-112bceca4018,脏话,髒話
ab68fe91-dd71-4fd8-be0c-c84b28079eb3,优惠,優惠
ab6f5705-015b-4c9f-8f66-403b50b45830,裁决,裁決
ab6f5b2c-5e1f-492e-9e97-4b33663ddfbf,低价,低價
ab82e0be-d300-e231-3fdb-905a1b9dc049,短线,短線
ab84c7a7-e44a-4c02-9a6d-ce0d0ff85edf,水平,水平
ab8d35e2-eb52-ecfb-8dbf-6765ec51848b,闻到,聞到
ab8def18-c980-462c-a18f-fda03adb9be3,穿着,穿着
ab914fd5-3df9-b0cb-99ee-269f29fb6a77,藤,藤
ab94bd83-6e6e-46a2-9a74-bad6ba21a6f3,在线,在線
ab98eaa1-6bc0-5892-2ba8-1914cbcf2eca,只会,只會
ab9a1f0b-a181-460c-8025-46719d554ea0,战斗,戰鬥
ab9ba649-2e98-b330-2e65-3e77855bfac9,灌注,灌注
ab9ca618-dfeb-5290-89a2-ff199af0ab4d,小便,小便
ab9ed727-f585-401e-9fe5-3cd9134e8606,因素,因素
aba532e2-0ca2-4547-a83d-5f900a5b0bf1,飞船,飛船
aba938e5-69cb-4f7e-b75c-8dcfe549b9c3,入侵,入侵
abaa3544-ace6-e400-f893-c1a32292e102,话唔定,話唔定
abb6b104-d8cf-4568-a2c1-2f4436f9d126,画儿,畫兒
abcf48ca-86fc-4c32-bbed-796c76675613,新人,新人
abd01146-0e61-1937-46c2-04f3b2fdd62b,独立,獨立
abd2b4f4-b562-40d8-a240-eae602f03c58,软弱,軟弱
abd8c563-acb6-7e11-5a10-ab68336c9602,无害,無害
abe87b8c-c0f8-3477-f66c-0ac0024503ec,星空,星空
abe9466f-7e8a-17eb-8b40-014e01a4ba40,遗漏,遺漏
abe98301-7842-b3ed-834f-5fa6ca28fc3c,咖,咖
abef9165-9278-4beb-a271-0fb97523ad20,不辞而别,不辭而別
abf0f6e4-45a8-4822-87e0-9f161955cf88,终止,終止
abf7c18d-f8f3-429e-b9ed-06680cc977b8,不屑,不屑
abfcca76-28d5-4bc5-8e3a-fa7cece68e09,掰,掰
ac0338ad-b48a-61bf-a5e7-42a5392835d3,周,周
ac0480a8-6cc3-9af6-ee1a-1149348688a0,钳,鉗
ac162e83-cae5-1346-1845-4e7a677c9cc5,国资委,國資委
ac1be0bc-db6e-4d25-8e95-e4aa358481a1,渔民,漁民
ac1cd67b-da5e-4201-958e-88549dbaf6ec,发射,發射
ac1d91d3-5c23-b578-04ad-485e54e70607,狱,獄
ac1dd1e8-b10f-c337-fc86-452513baf1b0,惠,惠
ac1ff285-4e18-2c71-f373-738609b95471,最高,最高
ac20d69e-2219-4cce-8fe9-49bb229975a8,高大,高大
ac24948f-db58-68cc-be8e-4e6bd9367add,勋,勳
ac2d6510-f1f4-25ab-0fbb-7211b176d59c,上钩,上鈎
ac31c544-d889-4049-ad0c-5e6bdfc50ac4,人缘儿,人緣兒
ac346057-d2ef-43f8-95af-d73b8c2448b9,双,雙
ac3bcae9-689d-4904-a2ea-d2ec66552bd9,不幸,不幸
ac48934b-7c4c-40fd-a5e5-2bf49d7d4dfc,尚,尚
ac48c2fd-534f-4b66-94b3-ea452e02cd65,复原,復原
ac4c9e66-1dba-4e3b-bde1-7986bf76e278,生意,生意
ac579469-5b22-42b2-b489-2940c1baf7d2,落户,落户
ac579dee-c7be-49bc-b592-a425c772570d,天分,天分
ac57f7f9-e95a-42ec-a2d2-1894ac9ff509,外交,外交
ac583c41-452e-4126-8ed5-b1d9d7977553,必然,必然
ac5ad33f-cc2e-416b-a315-fe335fffb432,保障,保障
ac67666e-fedd-448a-858b-b70b37824231,惹,惹
ac69293c-b361-2075-bb2d-c46671be57fb,绪,緒
ac6bf288-8e64-4c3d-af03-7404da5040c4,持续,持續
ac6ddd6c-6e59-307a-fbdc-3e44501c31ee,骚,騷
ac731216-ba95-404d-a335-327e67b9cae6,厄,厄
ac7425ab-879b-5232-dd7b-f251f2f4b70f,在前,在前
ac75cd93-755a-4026-9908-8d72280d4ae2,修,修
ac7ce761-3d2c-4aae-afcf-98374445b665,日子,日子
ac81073f-9baa-cdf9-75aa-5fe1377e851a,法人,法人
ac877e5f-608b-4776-aa2c-3800205cc559,自责,自責
ac8b3f6e-8056-4941-9502-6d87f748851e,无所事事,無所事事
ac8daf99-e047-4fb7-97b3-6c6c66c9fa56,拿到,拿到
ac8f7d0d-23b1-fd14-c60e-3ffbd5341496,特异性,特異性
ac905f7d-e781-4ac2-aa0d-83471a5a2942,节省,節省
ac90c09a-39db-4473-8e47-fa56324dd0e6,番茄,番茄
ac964cd2-6f42-86d9-a116-a2f3bd71c882,瘾君子,癮君子
ac9db860-5c52-ff37-d7c3-3dfda137b9d1,来看,來看
ac9df1a8-87de-4236-82c3-c52f3088a887,用来,用來
ac9dfde2-6b75-4c00-81d0-9f5d66803537,抓,抓
ac9ea228-38c7-467b-b028-86b88fb51719,马路,馬路
aca19196-3e5e-46a3-b2f7-67612df94c8b,报纸,報紙
aca5ea0f-587c-4c6d-bb97-3b6a33748661,不用,不用
acaf1049-fe34-82f9-825d-930205bae611,成员国,成員國
acaf76f3-7ba1-4916-9c99-8caae3520630,大门,大門
acb6c7a0-9b93-5153-3982-d1d901bc39d2,和,和
acb6f0c2-5c1b-4b29-81b8-48540db5146d,防守,防守
acbd7730-5159-e61d-bdca-0d9a6b66263d,填词,填詞
acc56c4c-5e12-4880-901f-efd31d063c55,张,張
acc7d7da-7412-4ee7-b889-f12f14c1f411,预计,預計
acd6991b-7b35-4936-9b26-030025dd885d,移植,移植
acda7448-56df-4f94-b551-dfd9beb41dca,逃生,逃生
acdbbb81-843a-4a04-bdad-9d31e3a7c373,作用,作用
ace9c2d4-2655-c84a-2c79-160dddc3d5fe,四十,四十
acf0ff9a-9e2e-eefc-da31-ef6769135514,溜冰,溜冰
acf5bfbb-545f-44cc-a895-05d7730fdb55,掏,掏
acfcd95e-8c9a-42f2-bdeb-8f0759e5bb5e,改良,改良
acfe3a12-794f-e701-b758-06aa1b0aa382,第一次,第一次
ad042d2e-7f0c-0c5d-ba81-3bdc021077bf,做事,做事
ad04367f-890c-62ac-84bb-7fd98168027e,做爱,做愛
ad07e419-dc6f-fbfd-222e-7255884a0f04,核磁共振,核磁共振
ad08f5d0-7a47-4136-9d68-0a2430d8249a,诸位,諸位
ad0a2cb1-332d-48f4-8a98-f8063418fef2,违规,違規
ad0ad753-ca59-4207-9d92-b776c249815c,编制,編制
ad0cbdf0-352d-8159-37ab-ad5cdc9d5388,私,私
ad0eb01e-b4b2-df96-b820-d943de15c978,沈,沈
ad11e4d4-8a23-453e-87a0-d148ff435592,国情,國情
ad14e718-a5b6-4070-b3a9-87366ffe484b,万一,萬一
ad1ebf9d-9d17-493c-88cf-95d0dad53697,液晶,液晶
ad226875-6fd6-20a0-5618-d0dc0ba35f67,大牌,大牌
ad2c2b7d-8acd-4fb8-abde-e7cb40ef01cd,关爱,關愛
ad2e8af7-16ee-46cf-93dd-1a567ff9117d,曾经,曾經
ad2ebb5f-d440-8f74-4056-c39a68dddd0f,农田,農田
ad302d36-bcf3-5300-9710-38be75a9d941,杠,杠
ad340da3-20df-9524-22e6-0e079790426b,散开,散開
ad34dd21-f8f7-2666-c96a-526f8b7299c5,睹,睹
ad38f96d-afad-cb15-c128-ee71490dd124,综合症,綜合症
ad391dfe-4ab9-4555-969b-e186407cfb29,联想,聯想
ad3e941d-f9ce-4e6d-a934-d36bff27a3cd,脸色,臉色
ad416114-1cf7-4d72-9b79-17d27a6e83b2,率领,率領
ad4547ae-32a0-41bd-a2b1-05d7b9123964,讲,講
ad4987d1-e1d4-1e07-dfe8-807687704928,俾钱,俾錢
ad4abbfc-c6fd-4980-9012-949eefc6bc62,加剧,加劇
ad546ef8-813f-9365-942c-77c52551e5e0,壁橱,壁櫥
ad54a046-5a95-db83-7633-ac68f8b709fc,司令部,司令部
ad5d22b9-9dbd-fd3f-4028-1f93a9e12a86,胡说八道,胡説八道
ad62b7c6-d12c-41ff-b9fd-a81ca6fafc76,协调,協調
ad6f9e33-d9da-8f2f-04ef-24595dc8c5c2,牡,牡
ad701a4d-96a4-b504-e84a-8e5bcf2ffcfe,翻身,翻身
ad737b3c-8e40-4ab3-a56f-2ee3a2e67459,四周,四周
ad76a76d-0679-46dc-95e7-911ebc20b621,补救,補救
ad7d765a-8cf4-75b4-3dd2-df65a7f043e2,坠机,墜機
ad7e67be-7ccd-5adc-b275-c64ebe341003,精彩纷呈,精彩紛呈
ad810f38-77de-49cd-bfaf-4b2e4d401fb2,刷新,刷新
ad91225d-9830-429a-8288-63a19550b913,长度,長度
ad9405ec-2f3f-fb2e-b7cd-657098941825,征兆,徵兆
ad96827b-45e5-4470-986d-2eb9eb9f7abb,初次,初次
ada3e915-c380-83f5-7af2-ced3f51ce3a0,劳动者,勞動者
adaf45b9-1e72-d44b-cc9f-819957f43386,西湖,西湖
adb0bfaf-1ae7-d2d5-c1fb-08ee13a05988,皇冠,皇冠
adb79e13-07a8-4315-88c4-52fa649419c1,雇佣,僱傭
adb9890a-52b9-48e5-ba56-11ea5d84079d,预备,預備
adbe0aa5-9429-c0c4-616b-406aa8453559,里昂,里昂
adbea74a-1601-4c92-9361-b32418ceb8dd,共计,共計
adc080e2-f2d6-1cca-ac12-254103b4cf37,帖,帖
adc2e5a5-4809-0d3f-ef80-f2a53435e62e,国际贸易,國際貿易
add1da6b-e5aa-4341-8bd1-67874bd7fcc5,就算,就算
add6b396-3b11-4280-856a-22f048cc4634,耽搁,耽擱
add7c07f-33fa-433e-abfb-44d9f7c07924,铲子,鏟子
adda23c8-e181-44b1-802d-e532d6be1630,预约,預約
addb0a08-6819-42d9-965b-33a22c873c47,顾,顧
addcb3d9-9143-1455-90c7-2b22f5e27a5d,苏珊,蘇珊
ade4ca83-9c5f-8d66-b408-68bd92c3fdaa,芳,芳
ade519eb-fcf7-470d-aa6c-0895beb9bc0f,保姆,保姆
ade853e8-73f0-48bf-8d32-57d1d450e45a,此处,此處
adf50e42-97a0-8502-05bd-3b27cab7d830,外加,外加
adf58fc4-3861-4cae-b5ae-c3ee3549b544,刺激,刺激
adf96289-4b3f-15de-e013-361808895076,恢,恢
adfe5a6a-063d-433d-bbc0-656158151b4e,诞生,誕生
ae012b1b-dc99-67d4-2497-479c8860311d,胺,胺
ae0575ca-440b-fd99-d200-702c66a34402,看,看
ae0777e0-7e5f-5ee1-f3be-4bb3ce98f1e1,彻,徹
ae080efe-61bb-bd2c-2131-9b1762a2784a,传讯,傳訊
ae10c551-e418-4749-bddb-7398ec87db96,吃饭,吃飯
ae1f1395-f22e-4c75-8fc3-ee156943c85e,要好,要好
ae1f6cea-9aaa-ce84-943a-e9d676265133,程,程
ae25163f-e952-4122-bda1-c5830fa44b09,早已,早已
ae2ef64c-8108-813b-9b16-8d0a39db763a,方面,方面
ae2f20d3-c8ae-479c-85c9-7ec7e818503e,进来,進來
ae2fe930-d29e-976a-b191-19067a87a16c,椅,椅
ae30ff4d-bf17-40b2-a26d-5263f90847b0,快捷,快捷
ae385921-19dd-ae37-42d7-76ba3f9b542a,谂起,諗起
ae393665-3845-faea-abfc-41de1f90b386,腻,膩
ae3b55f3-5fbb-4162-a79e-bd9839f23abc,消灭,消滅
ae3d4378-7359-489c-8d48-05daba8ab20f,统一,統一
ae41b477-e462-41ad-813d-657be30c2820,旅程,旅程
ae429d1d-047b-eefb-8ae8-c0ea72d6d19c,照相机,照相機
ae4587f7-9d8d-70a7-6be3-57ae24749f86,倾,傾
ae4bba25-5cad-b0dc-894e-cf999f9994d6,摄影棚,攝影棚
ae4dab62-d39b-a451-d775-61b61948ab93,炸鸡,炸雞
ae4f449d-0f5e-d6ee-3ac1-7b8d17ae59f8,碉堡,碉堡
ae50ff29-77df-4be9-9612-840050a825f5,算是,算是
ae515653-20ab-4f67-a5b5-bc99e2a3e92f,白色,白色
ae5b2477-0602-448e-a46e-7b49a6ed0610,仪式,儀式
ae5d875e-fbca-438e-b002-beb8fabca3c8,章,章
ae5d9c2b-0084-45fa-8544-c51a1ad1fc33,镇定,鎮定
ae60e20d-a1b5-4be9-a48a-11aea15e4fba,聪明,聰明
ae624157-e8ea-f505-a301-ba5b25180310,恶作剧,惡作劇
ae63ef69-157b-0774-2e3f-da622dccceb2,一堆,一堆
ae65369f-5c28-4e98-9caf-4301586395d5,强制,強制
ae68401d-ddf6-887b-17bf-20f05a6d2607,莓,莓
ae6c1a2d-82a6-468f-968f-762a2ab43d21,统治,統治
ae6c9a7f-ee71-10cf-0e56-fad1b6bcceac,一团糟,一團糟
ae79b49e-9d6c-1209-669a-3c161cc8667d,眼球,眼球
ae8087d6-2744-e691-1a82-e10ba05233af,拦截,攔截
ae85b3c6-73cf-2c03-515d-f6d55ed59182,金枪鱼,金槍魚
ae8da7a4-72e8-4aa0-94a1-72c41b7be7a7,超级,超級
ae9066ed-7ecd-42ed-927a-cde975e14200,汇率,匯率
ae960448-0231-4d5b-9d92-a097f1a224f5,兵,兵
ae99acce-f1ba-aefb-5b9b-6bb01df8097b,星期五,星期五
ae9ccbcf-a304-da5d-7ac1-69d61fb9b849,几分,幾分
ae9d3e19-db7b-46a6-82c8-f724178968cd,其间,其間
ae9f87e0-564c-6a2b-fa31-1a3d09b79256,手榴弹,手榴彈
aea65a9f-04e6-4e09-9ffe-2586a4eabcf7,咨询,諮詢
aea76cad-5a86-ae36-067f-104a6f3f57a9,空,空
aeb3deaf-85d0-4f28-8e01-d65c3895d63f,集团,集團
aeb9081a-600b-41ef-b2de-244cbbfffad6,闪电,閃電
aebe519d-7a68-4e9e-9b51-78ff82113ac7,剂,劑
aec17111-83d4-4ea3-97e4-d326bbd77cfb,真理,真理
aecb4e0f-6620-4c97-931a-5cf9bcb57489,管辖,管轄
aecb6de0-48a0-47b6-9908-4049c547ca04,馒头,饅頭
aed07715-04c1-4f16-8f4d-8509ab156562,时髦,時髦
aed6a4ad-64ef-f9bb-030a-48fcae441d2e,语法,語法
aed8879e-162c-4885-9c9b-936657457fa9,刺耳,刺耳
aedec46c-1ffd-460c-ff9d-d02f63c2daf5,虹,虹
aee323f2-dd8a-7f5c-2d5f-a32b0642b1fe,嫌疑人,嫌疑人
aee7936d-8871-13ef-202e-8cbfc49c0830,各类,各類
aee86a09-b60f-4ef4-9290-22221685e8aa,前天,前天
aee987bb-f835-4eb8-92d9-d03884712af9,要是,要是
aeeb0186-89e3-4a1b-75fd-569764acdac5,定于,定於
aeed4b0a-9c3f-4bdf-b384-8a67119278ae,止,止
aef50878-e4df-4e1c-8452-300379903944,出示,出示
aef5b746-5e68-7ba1-bfd9-443241ef45cd,恰,恰
aefa25eb-607d-4ec8-b430-8fa669e8fd26,演示,演示
aefa308f-a653-f08d-7dcd-e4a3b3792c16,阿拉,阿拉
aefeff1e-bc73-40d2-839b-f8112f38b7d8,控制,控制
af0120f6-ac8a-4ff8-b754-685020aa6f6b,胃,胃
af093624-dd00-4432-9120-f20ef973063d,依次,依次
af0b84b3-24e2-43c7-8300-3105b123db46,狂欢,狂歡
af0cce3b-c232-99a1-456a-cd61d9a725f1,纵火,縱火
af148109-ffeb-4121-b425-b3962cf91ff0,明信片,明信片
af1aa425-c4f9-414d-8510-3322d1cf3b82,入手,入手
af22f91c-437b-48e0-a6b5-a402b9afb070,拌,拌
af2eb475-f623-1d09-abb5-013186f6499c,摩根,摩根
af3139fb-df94-4135-ba43-f0cba43226c2,认为,認為
af3a61b0-3424-3800-cf87-09aacf52243a,拿下,拿下
af3da7fa-4fb1-8a9d-6353-6d8b0194d6f0,文书,文書
af46fcd9-d44f-41cf-9c55-5b6800bfc1bd,咱们,咱們
af480c93-3f4b-8756-1126-03215ce6a790,碾,碾
af5d2e8a-7ee7-3eba-ffa9-ae1aa842ebb5,保罗,保羅
af60e365-4594-4824-92de-1fb138bdae90,肉,肉
af61fd3c-4298-4824-8cdf-1b098912c942,设置,設置
af6d5e69-d28e-a047-e11f-6de1eb1d7c18,毒男,毒男
af6ee82b-7c47-7e8d-4c1d-311c496ddd26,到场,到場
af8bf24d-aabd-4251-9884-1d205052474f,要么,要麼
af8eee0d-1377-7b25-8d15-0d15b51bb489,穿刺,穿刺
af904121-5722-4956-9831-91e0aa63093b,夏天,夏天
af907bfa-4a03-6f1e-e130-b8d46ebf834d,申,申
af95a65d-3c21-a8af-e7c4-6d84b8abbbd9,蒲,蒲
af9bb0f0-9058-4f7b-8e95-0cdfcf9739e2,恰恰相反,恰恰相反
af9d0fa7-c746-4ffe-9f9a-1799986d1f7a,本土,本土
afa602c8-3b9c-40b5-b6f6-36c8e30118de,蹭,蹭
afb060f9-c1bc-494c-9c06-9b781ad7640a,液体,液體
afb2f608-34ec-43b9-8cdb-fb6ddeefda1f,借,借
afb5d4f3-4227-4abe-9eaa-4361ef097b1f,难免,難免
afb6fc0b-59ae-5928-54e5-9cc86bfbbb55,着陆,着陸
afb97237-228c-3c43-78b0-8f158eab98d7,实业,實業
afc7501b-7897-f722-33f1-7820140e03ae,质感,質感
afc79f2f-5c80-40c4-3996-c15ae41252e4,哀,哀
afc91456-0c1b-49e3-925a-1a86da02110a,屋,屋
afc98f3b-2f19-0c87-ef5c-43bddc732de0,私奔,私奔
afd361a0-3f49-03de-50f6-e2cb760f5f62,洋娃娃,洋娃娃
afd6779a-40b4-f4d4-532b-48460f28b90c,北京市,北京市
afdbe2d7-4014-46cd-a3e6-a7dc0ce89803,对策,對策
afe25cc7-e6b3-4a5d-9b86-a6b9d19be6a0,真的,真的
afe999da-1841-9d50-f0a9-e0198bc7b174,唔掂,唔掂
afef1751-4da2-41b5-af2f-7e26a18f076d,风雨,風雨
aff00d07-c260-4980-9c50-60bd799e730a,癖,癖
aff0f8e3-9adb-4c65-8705-24362190f568,当时,當時
aff14101-8a09-4dea-b466-82c10f3cb3d1,巡逻,巡邏
affe6981-62bb-42a4-a5a3-23107b5c19e4,尊敬,尊敬
b001fcee-d734-dc37-1fc5-817e8d2224ed,射线,射線
b003d5ee-c310-9c24-6133-97097dabd240,技,技
b00c182e-2a78-439f-87c3-476d96ac94be,拱,拱
b015ff8f-023a-4fd4-8c22-6f0d1020fb89,姑娘,姑娘
b0207a7e-d227-c647-2143-af04153cc0fd,腊,臘
b026b0cd-a2e6-d906-c73d-effebe4d04d0,枉,枉
b0342f94-a239-cc40-a78d-0c9d4822ea10,身,身
b034781a-5f52-6239-13ad-aa409d4bcde7,瞎说,瞎説
b0354925-fc24-4c5d-8ec1-9ff8a2a717b3,公共场所,公共場所
b03e3598-85fe-11d6-984d-55c30342a83a,本杰明,本傑明
b03fb234-37ea-46af-84fb-d178a0cba21c,误会,誤會
b043178d-2524-4f67-9b1f-ae1b8d91fb15,地面,地面
b0451652-bff5-b480-80d9-b5cdca48c89a,游艇,遊艇
b04765b0-6800-4555-83c3-181b97fbd0ac,天性,天性
b04bb65c-54aa-4a87-8f3f-3443d2e0d5c8,凡,凡
b04e4ab1-2221-40c8-95d6-522c04180868,比分,比分
b051d6f1-5c5c-011e-5b33-be76c0d231c3,行者,行者
b05d2e3e-045d-6ff5-1d64-700bc5d035f0,乓,乓
b06c32a2-22f7-4fe3-bc3f-409e51db4e5c,货,貨
b06c3dc2-16af-488e-86b8-315760d2d009,写字楼,寫字樓
b06fef39-a074-4b3b-b43e-4338dae60eec,财务,財務
b0728b2d-efef-4471-8dc9-d3d6ace2a242,成千上万,成千上萬
b0797803-d060-4274-9538-641ae8683d9b,改进,改進
b082b5e5-bbf3-4806-845c-764f5ab72ca3,消耗,消耗
b082ef49-5bad-4ca2-af5b-97f4f49b12b0,贫穷,貧窮
b0850b94-a5de-4ae1-bcf3-6b2abd0be7a1,鸡蛋,雞蛋
b08866f5-b84c-43e7-9030-3b549ff0e644,活儿,活兒
b08942b7-1d7b-439d-b0d6-120230df58fa,当日,當日
b089a240-74fd-4e89-9736-044a19df93f7,缺点,缺點
b08a8625-3159-4722-8390-dd55ea71557d,原材料,原材料
b08a9359-0ecc-45fb-a939-10da02a652a4,充实,充實
b08b0f1f-76a1-9efe-4312-24d0cc4ce9ac,苏,蘇
b08d5b5c-74b8-4dc6-8b65-b4e5cb74775d,双手,雙手
b0906880-b4ce-0ad3-28c6-e2ee4379ce7b,啧啧,嘖嘖
b09420ff-4884-cdd2-66a5-421a1b86a25a,淤,淤
b09646cf-c9d9-4e94-838e-8ce2ab27e5b3,揍,揍
b0993dac-b548-4c88-baa4-380de2f1baae,不足,不足
b09b56ce-7874-491a-875b-55a3ac063206,不服,不服
b09f2aba-4cf6-4b81-ab82-07301b97aff1,全场,全場
b0a02068-1d21-5f0e-17ec-11bd2c99ba29,民航,民航
b0a1bb79-a602-8ed5-b85e-941527bea4b9,颐,頤
b0a4209b-3ad4-c017-23f0-e880ab098f64,嗑,嗑
b0ab8eb3-2c44-1d75-3831-c09dd2f152f9,全身心,全身心
b0ade794-8632-48f6-a6b7-18c44f36fc19,灵感,靈感
b0ae40f5-f1db-86a3-e9f0-3bce1af56a60,前度,前度
b0b10dbb-8426-8279-d135-47b3cf808895,所有权,所有權
b0b3083f-9f52-4430-9950-fb3808252e14,诸如此类,諸如此類
b0ba7647-e064-4203-abd5-dcaf032f3813,提供,提供
b0c3b3f8-473c-4b13-ad88-47d6cbc7a365,领土,領土
b0c46447-17f4-4ae4-a7f1-bad8f071f1aa,纪念日,紀念日
b0cd4321-bb88-4f29-4d0f-81d4ebb7ccf0,上万,上萬
b0d34f3e-feda-6406-4386-7e08cc6075dc,矿产,礦產
b0d65d13-a0d6-4733-9c1b-189aba80e3df,图像,圖像
b0d9bf80-5cfa-488f-8d4c-14c870af79ea,储存,儲存
b0da22ca-d314-4a7e-9301-20ade58a6d4f,宽,寬
b0e0518b-1df6-575f-f46a-9e348928bd45,饮用,飲用
b0f12e03-3584-8d4a-df54-43eb28a01a0d,樱桃,櫻桃
b0f361ae-86df-4daf-ac29-cc06e1db5771,钻石,鑽石
b0f694ac-91b3-9261-e685-5aeed0277a94,开端,開端
b0fa0e32-3f0e-4a03-9773-040593f08af5,政策,政策
b0fa64b8-3509-4817-9578-e638686d3b2b,罐头,罐頭
b0fbfedc-d4af-c564-f04a-fd8d09b5f3da,王菲,王菲
b1036909-e1b2-9d48-176c-99f021dca781,奎,奎
b105aca7-ccb9-4b28-ad9c-ff8ec4145520,优秀,優秀
b10f04c1-e9a4-414f-b5a3-b68da082e904,摩托,摩托
b119fd61-367d-a0e1-107a-105c0f4c3cea,迪,迪
b11a6135-0765-0d7c-e2a4-db5a7cb3fb2e,往,往
b1213817-9d6e-3107-d3d6-5b74c406cbf6,变性,變性
b126127e-2701-21d3-f52f-30b7f3d298b5,表现,表現
b126d082-7954-40f5-a9b8-95c5785c8e46,灵通,靈通
b128d675-2c10-4046-8686-ee4d6a225bcf,遗留,遺留
b12a950c-8318-02cc-db3b-9b1019fd9358,建制,建制
b12f0e4b-feac-490c-be49-39eef71a4412,途中,途中
b1342d40-2b81-40a6-bc4c-9c446b013f28,中毒,中毒
b138615e-2090-4f17-8a82-d9017fa21c09,化验,化驗
b13cb37f-a06f-9ccc-6a10-fe2c6b06704a,伪,偽
b14b1460-dabd-437c-917b-e7b15656c4cb,概括,概括
b151a14b-960c-44bd-a0d3-9c0d9df297ba,抚摸,撫摸
b158adcb-15d5-4d45-8c6a-a60c76c0096b,粪便,糞便
b15fab0d-b328-4e5c-9147-9460010c8d05,通知,通知
b167594c-1653-4a4c-b887-7f73073327aa,流动,流動
b16bde7e-f129-b626-486e-3facf6c8c217,竞,競
b16f6217-faaa-4a66-9e0f-ea62412ca124,没错,沒錯
b1704803-7eaa-e7fd-a27a-7dd1bce9255f,梦寐以求,夢寐以求
b170ccf1-3c40-764b-c0e1-c9527674c465,参,參
b170dee1-1f6b-0406-706a-4aa4ff3231d7,专家,專家
b1742f24-c4df-42e7-987f-b7af3686aaee,脱口而出,脱口而出
b1765321-1453-ffb1-5f8e-3c03b6c28dec,家用,家用
b1770531-3bab-1c2a-edbe-aad2768547f5,枪杀,槍殺
b17ad9bc-5514-d12c-e70f-4feaf7dda5f1,拼图,拼圖
b17d825f-da83-fc7e-659b-3f2ed4098a22,发自,發自
b180b600-e941-4026-962e-d89d52d8934a,灭亡,滅亡
b186ba21-54f8-497d-b29a-fa1f736e9f61,表扬,表揚
b18a1cc2-9b86-d0a0-b678-7c640efe0f99,翻过,翻過
b19065ea-ec00-409a-958f-a001bbb96411,陌,陌
b195b717-8bae-4d36-90f3-b8910fce81a8,游览,遊覽
b1962178-00be-425b-a8bd-e1b3995349ac,书房,書房
b19750dd-b0df-9f8d-66aa-1078e5ba33d6,黑龙江省,黑龍江省
b19e8394-d77f-456d-8282-2dd8fbfcbea1,学习,學習
b1a31f54-e35a-44e1-9443-b28bb8f7f266,销量,銷量
b1a41741-51cd-34f9-e12d-a3c6d0a32c6e,节,節
b1a7b135-0edd-d053-8476-00073d950315,把门,把門
b1a80719-b9e5-457c-94f3-dde57f824812,敬请,敬請
b1aaa024-6be0-a87a-96d7-d10cd99c8f97,贩,販
b1af5ee4-4a16-428f-a118-02baaeb96592,服饰,服飾
b1b02e86-52ef-42b7-bd39-a472d93fe97b,代理,代理
b1b4976e-e361-3175-fbe9-cee48c5d97fa,汛,汛
b1b77c09-9e53-41c5-9b1d-43b1ac022d1c,兹,茲
b1b892c8-16bb-44f5-bd92-91e07e294173,防火墙,防火牆
b1b9d757-d81b-fd86-8a0a-78ce59cf2e98,微风,微風
b1bbc352-9c03-db43-7b7b-de321c89d57b,聊天,聊天
b1c444e2-c21b-be79-39f1-f1053ff8a174,泳装,泳裝
b1c96254-07e4-fd81-926d-bf843efec634,可知,可知
b1cb7c47-2107-4222-a351-e5f9457e8859,罪恶,罪惡
b1cde50b-9143-035a-a8de-dbf22b25e103,邦,邦
b1cfef95-cfba-5bdf-3cf7-44c976713336,头骨,頭骨
b1d2352b-8811-ece5-507d-946af8332ae3,持股,持股
b1d6cba4-a87b-4882-b867-310963f1016e,曲子,曲子
b1d8abbd-c3a7-2c25-9109-b54a7cac9377,滥,濫
b1da4304-1766-4b63-83c5-fcbf6e070145,楼梯,樓梯
b1de9204-9670-eea4-b071-acba897e4e70,将会,將會
b1f3fb5c-3bb8-cdb4-0b03-7758d3b5ca12,多时,多時
b1fde3bf-5195-44f6-a4b6-a9d6b903fa1f,主管,主管
b20685f6-4679-4b98-aea3-9fabdded75ce,牙,牙
b20ae916-0aac-ef38-198b-bc062e44a463,招商,招商
b20cbcd0-3ac1-4335-9ca9-3258573aec92,接二连三,接二連三
b214f860-3b60-47d9-af1b-182b58764d02,公立,公立
b2159437-6e3f-4c26-8f07-9bdd0619716c,民主,民主
b21be992-f1cb-44af-a7a0-98c745b7af6c,目的地,目的地
b2234182-4502-4820-a0b1-a843327d5741,解决,解決
b226e07d-63bd-4436-8a55-cf530c3afec2,胡闹,胡鬧
b22e5ff9-4ae7-48fd-9bd1-5d02c73516ff,抱,抱
b234a87e-b1e8-4d6c-be28-71911745e918,开发,開發
b235f3ba-4835-8aa0-215c-bacc0d6f0721,贼,賊
b236b675-1d85-41cd-93c9-01035cef2644,护士,護士
b23a591d-9d17-defe-71ef-e1a3bb3b869d,战利品,戰利品
b240f382-3c0c-3406-b6fc-edeb37d5f5b8,淳,淳
b24ae276-d125-4eb8-949a-c5a4d384966d,袭击,襲擊
b24b340e-ae96-4806-9807-253425eeb575,不得而知,不得而知
b24cff8f-706b-40bc-b741-dbe5e567f8b8,速度,速度
b24d4e1a-2b53-de79-c348-7ee086b3b89e,惑,惑
b251254f-4139-5a60-519e-50fc14ed4b07,花朵,花朵
b25bc94c-a537-49bf-1930-fc0700bae244,爆米花,爆米花
b25ed594-4e3d-84e3-8d98-97454acd6076,诊,診
b25ed6b4-8d45-48e8-8427-a85435d48743,不得了,不得了
b25ef876-ce52-7468-3afb-5c396718c73c,渐渐,漸漸
b25fd932-c588-3e80-5632-55204b321429,泵,泵
b260eec2-6d2f-445f-b8b1-0bb14b6d9378,劫,劫
b2610111-9faa-4906-86ee-74ad6781c08c,用于,用於
b2659268-35e4-4200-5037-7b69411a399c,锦标赛,錦標賽
b26c48cd-731a-7c53-a430-2ba28571af61,小雨,小雨
b26f9fe6-ebd2-4049-b5ec-7db071ad1584,补助,補助
b26feb91-ed3a-42ad-b906-6f2657da6c28,视角,視角
b2712001-f39b-4e97-98c0-03f1aee1b257,阴,陰
b27175b4-95d7-4ad4-b89d-99cf820acb98,财政,財政
b274154e-d9fb-4b01-9b56-f87a78ed8555,老远,老遠
b2748978-e3d7-4c8c-90ab-deca22f1f10f,序幕,序幕
b274e761-a4f6-4722-bbda-c048ad5475fd,机灵,機靈
b27e1b75-6aeb-4304-a43d-d873b4c11193,温和,温和
b282156d-84fc-7c3f-3669-964b4e71f4e6,义,義
b2862a72-ff84-4a46-bcc6-1f550595f841,各种,各種
b293cb32-66cf-42af-a119-353aaa929939,相伴,相伴
b2947081-5303-bbb8-2dda-045a81dfdfdc,刺伤,刺傷
b29540e2-ef5d-4556-829c-2ed56db15a70,至今,至今
b29d20d6-1c76-635c-7051-191b205ed1fc,同事,同事
b2a13194-343a-47bf-f874-ea2817eee57d,缘,緣
b2a4f1ad-fca0-71da-6e88-4df942343743,俄罗斯,俄羅斯
b2a53164-94b5-aa34-19c3-0d5075bd4377,成份,成份
b2a5b4e0-c3fe-4218-970f-dd9b1b1f438b,演技,演技
b2aaba65-0765-44af-bb2b-daae39fae43e,皆,皆
b2acb74a-39e4-429e-82e7-8d2611b745c8,亲近,親近
b2aee000-b90c-2516-a738-d12ddc14c53e,猜,猜
b2aee311-90e4-461d-9b88-6ce2e8fee308,示范,示範
b2af0cb1-79f9-4ec9-88c9-234d21a351f7,曾,曾
b2b1ab4c-5576-6700-f074-4c55ad2e1875,绘,繪
b2b4ea5f-9f71-423a-9aa4-e11e588a8373,当事人,當事人
b2b572d9-49ee-a491-57e7-6dee3fcedd15,亚,亞
b2b798fa-0f0e-e6e4-d5fe-87b2e7d57f6d,慎,慎
b2c4a1d3-769e-4b71-840f-63f852dcb42a,实事求是,實事求是
b2ce46e0-dbd7-23aa-e6f7-08d0f72a4978,诺,諾
b2d00540-9490-4e85-be6e-3dc0b32b3771,碰到,碰到
b2d14ff6-7af8-c67e-4577-ed345cd5d7b1,签到,簽到
b2d16830-6442-45f9-a73a-6177ee3994d9,否则,否則
b2d27d5b-ad78-2414-6da6-77f3968dcf79,拖住,拖住
b2d45b05-01c3-47df-aa70-e854f1da6d8e,年画,年畫
b2dde202-b196-6849-01ae-2c1cdd799d9c,在下,在下
b2e9d296-2461-ba8c-d344-446d69b0faf7,数学,數學
b2fada4e-1b69-2739-0275-5d96d127df72,乌龟,烏龜
b2fc4955-bff5-4b9f-8a03-97f7be2a709f,光,光
b2fce7d8-533a-412e-891e-84df574d0bbd,鼻涕,鼻涕
b2fdf951-6153-4a86-aa52-00ef6db18dd4,仅仅,僅僅
b30e1813-4126-4402-ba23-2b4fcad1d0e1,职务,職務
b31968c7-4030-4cfe-830c-5df64eb6086c,方案,方案
b31b14e0-032d-4882-8618-5e2f53557865,篇,篇
b31bccc7-67b5-88a3-930f-89cd29b74a06,夹硬,夾硬
b324062f-749f-4830-844d-32b369f00de1,莫非,莫非
b326d207-608d-bd8d-3474-315003ceeeb4,询,詢
b32a6368-81f8-4e1a-b4fe-8cf7ebb56ab4,生日,生日
b32bf278-0a89-4d64-acb1-fc2b1ea0f6ed,竭尽全力,竭盡全力
b32d24e5-700e-440a-bbbe-11d1b65290fb,仍,仍
b32d3542-ad75-4e6e-9f98-5375e06edf0d,动听,動聽
b32f6318-7c08-47d1-8aea-9fb495254fc0,独特,獨特
b3303671-231c-9557-f9ac-415a857bcbce,全球化,全球化
b3318234-f49b-4111-a663-927b0ad3103d,歌迷,歌迷
b336ff11-84c0-429e-a677-85accc417e34,碗,碗
b339ef3b-e182-4489-8543-0a6826cbadb7,师生,師生
b33c66da-f5a4-d84e-0611-e6036b572e5f,人民日报,人民日報
b33ef5f9-b08e-41d5-a55f-ae5bd382f59c,损害,損害
b342b2e8-3a92-45b8-be46-951ca7bfad61,复活,復活
b34386c5-cea1-4571-8181-69dd2313d17d,浸泡,浸泡
b34f0078-0339-c7b0-149b-4224864670b3,镑,鎊
b351582d-facd-9c10-973f-2b65629e35d9,多个,多個
b35974be-2b8d-48dd-b32b-aa7503b33639,难点,難點
b3599eda-1ac9-421c-88ae-6835f3732b9d,浓缩,濃縮
b35c1208-a034-02b0-84b1-6715b624198f,浙江,浙江
b35ce05f-822e-968c-cddf-b6e816a04f4a,叫人,叫人
b35e5f27-eef6-495e-a346-bccd95d55a8a,背着,背着
b35e9199-3896-3103-39c0-34fa5ef1da83,马刺,馬刺
b361d0ef-b8e6-4321-9f55-c8ae9b22cf65,衡量,衡量
b36bda84-a180-4146-874a-5ef6ba0354f3,一举,一舉
b36df5a5-416b-b49c-c60b-d3f64abd3e7d,掉,掉
b3706931-93b7-48f2-a72e-6c31fd6d2d6c,下午,下午
b372d5cd-d613-4bf5-8815-ea44ad258b4a,纠结,糾結
b37391d1-f496-4311-9438-4c319c0f48f7,看来,看來
b37b9766-a095-4339-a24d-40dd3304b360,定位,定位
b37edf89-7eea-26c2-b9c4-5a763ba8398d,努,努
b382f8b0-e699-c952-8b18-ebaa6244015f,陶,陶
b383d7a9-6b03-440a-8e8f-6684ee3fb19a,杀,殺
b3884431-9ec6-4907-bd93-30ec518d0eb0,可悲,可悲
b3899200-64ba-4755-ac91-4d980b091e96,利用,利用
b393e6a5-91ca-c60e-7264-ef485d08a11d,罪行,罪行
b3943928-5b95-bb39-70f9-5af21b36d10f,鞭,鞭
b395ccab-e312-0cff-c61b-45ed659d13a0,强悍,強悍
b397892a-16b0-49e0-96c1-5d76dfa65816,伴随,伴隨
b39a64ff-d853-4927-80f1-ce0099345b0e,皮鞋,皮鞋
b3a5c2a5-0c72-4f5d-9942-d8292bb068c9,餐厅,餐廳
b3aa6e76-ad67-f4f0-b4c0-ebfe8f43a50e,奶,奶
b3aa8d3d-2b12-d7bd-e2e0-d3eae8bfa0c7,尽,盡
b3ab4a46-daac-4af1-b17c-db28ece58e19,妥当,妥當
b3b1a70c-5305-4521-8b56-125099b09408,完整,完整
b3b7cbbe-15ad-6e0c-cc60-9d3bb3896855,所得,所得
b3b8dc1a-5f21-4d0c-af42-eb333d205bca,留学生,留學生
b3b9f31a-0a83-020c-a5aa-4859fc61cab1,引爆,引爆
b3bbf155-8f0b-4496-8928-211053b77074,从事,從事
b3c0e070-0c1d-767e-c7d9-87a6505b91e5,芝加哥,芝加哥
b3c2ce68-96d6-407a-9f9f-0caa258b01a6,漆,漆
b3c36f5e-f14a-2a90-7e26-64bcd5adaefa,南美,南美
b3c5cd1a-0870-6f7a-4c23-bafd3900708b,山羊,山羊
b3c6a6b2-cb59-853f-6d3a-57482e47cffd,梓,梓
b3c92351-370b-f27b-15fe-8434451c8139,痊愈,痊癒
b3cd4827-2c6d-45b0-806f-0f9da82dd4fb,阔,闊
b3d0062f-68e7-4920-83d5-617e5e03e479,迷失,迷失
b3d03e97-d334-466f-8a12-5183b08dc5f0,勒索,勒索
b3d17f09-d33c-46e7-ad59-72391c9d831a,寄,寄
b3e06039-69cf-4255-ba9e-d1d593206d19,编辑,編輯
b3e41bf9-f253-408e-d083-0ae53555f9b5,讲法,講法
b3e45066-1aa8-4279-881f-47103c190166,前方,前方
b3f03c29-0138-63f6-53a1-2461a4b6f10d,亚太,亞太
b3f36839-2f24-21e1-b618-d4a5275468e0,嬅,嬅
b3f3be33-ebc0-462b-6274-1797526959ef,歉,歉
b3f50575-4de0-4186-b0f5-7998fa58b1bf,兴奋,興奮
b3f6d6b1-2532-44c0-9ced-ea6168c456eb,框,框
b3f8fedc-a2c3-81d9-dcbf-169aa166de8b,色情,色情
b3fab600-536e-0b54-e8bf-ac54920515b0,人物,人物
b3fe585b-fd97-4225-956b-886245810072,如何,如何
b40200e1-d26d-4246-a3b3-ffec3b8c3247,团长,團長
b40341d6-0b25-42d2-a9e3-481c29327bd2,们,們
b4044375-0033-29a9-081b-79cbb9f04f92,玩家,玩家
b40dc412-6221-2f19-46a0-dd64c3c82476,为首,為首
b41246de-815a-0ae0-22ef-4e04f08dbff5,禾,禾
b4125243-330a-96d8-9da7-2f7e1088ac42,指挥官,指揮官
b412c240-129e-4771-adff-b4563b4ea7e8,倘若,倘若
b4141806-0047-40b5-bd67-9ba2ce8f3a01,不但,不但
b416e2f7-503a-55b4-ea48-c74294a70254,若是,若是
b4181828-9f74-bf79-df2a-534ea98558f5,柒,柒
b419624c-adda-466c-93ff-b38e393f0a92,发泄,發泄
b42e3ba3-3138-967e-4fa4-cce19948a422,叙利亚,敍利亞
b4301a6e-59ed-a9c4-5232-b69f80cc2ab5,名词,名詞
b436c387-7dcf-45c1-816c-d77b558d3d65,割,割
b4384e5c-16e3-4c00-b3a6-c28c75dd7d63,景象,景象
b4473a36-ddee-44e2-8274-83f69e360505,最初,最初
b44adf4d-2b47-486e-9e5f-c361c930363e,添加,添加
b44b5a03-923b-bc1a-9fc5-c50202001a90,巡演,巡演
b44b8604-59d3-45f3-b331-599086897aca,相关,相關
b44c64b0-3acc-0581-1625-b1bf5dae0b5a,毛泽东思想,毛澤東思想
b44ca368-8bc0-4735-b2f2-8a04dea89151,减轻,減輕
b44e12e1-8ce0-4872-b8d8-7d142ef0b4ff,住址,住址
b45660c5-1f86-477b-91e4-db7229a6ee29,概率,概率
b45c30c5-ce1d-ca37-ef6d-c1cba54efa1c,咸湿,鹹濕
b4625c74-c656-66e7-0b28-aaa8f87dfc83,求其,求其
b46a1ee0-ca6a-4d1a-9b44-581714324b78,不经意,不經意
b46a8073-9a46-f2b3-1df6-9319047fc766,胜过,勝過
b46e0d0c-5b06-4492-904e-ce5ee2be5901,洽谈,洽談
b46ec3b0-34ce-4318-8fa8-c1b5a53373ac,公,公
b471c082-ebd7-e6f8-6ff2-bbe73d78f367,旨,旨
b47591eb-3bf6-ba6f-4b11-43f658daa337,畀,畀
b477db1c-5127-4300-b831-209b0c1cfe61,效应,效應
b4890a55-4c22-1714-66ae-cfbaf7c187c3,疾,疾
b48d1ae8-db32-42cb-925c-70daad2c1506,随时,隨時
b48daebd-d2a7-435f-8fa6-dccbb8d1aa81,院子,院子
b494d7c0-23d0-9a9a-79c3-3dd15e57cd06,下年,下年
b498d58c-1859-4cb6-8207-184065f66268,武器,武器
b4a77560-0732-c1cf-35cd-25c8424a8b91,际,際
b4a894fa-dd3c-4416-8302-d05f13789861,丰厚,豐厚
b4b4076b-2087-93c7-0453-aa214194e877,德克萨斯,德克薩斯
b4bdc223-169e-4d1d-bce4-9e2f8944dd8e,导致,導致
b4be436e-570d-ce72-e2ae-cfa0f894ea89,个股,個股
b4bff2c7-839e-f2d0-f693-69f2ae5e5572,外勤,外勤
b4c0a8aa-3d2d-4118-b8c8-d3010d39d3d5,广大,廣大
b4c14d1e-6cbc-3190-f53b-f7d485800731,昧,昧
b4c78608-5d82-21e0-f391-24df1b19b9ea,一无所获,一無所獲
b4c8c5fb-9a42-4982-bad7-4f84e31ac302,垃圾桶,垃圾桶
b4d1ca88-b794-42e5-b672-b700958773e0,午餐,午餐
b4dc0660-8d81-a5c2-edff-2ac0f04d8089,兰,蘭
b4dc8bc0-59c0-1496-6860-be14c33be21a,高达,高達
b4e25ddd-1527-016e-a5b5-f5338c551d41,可能性,可能性
b4e30b30-3576-47f5-b61b-43c5a1609abc,农民,農民
b4ebe4fe-031c-5b0b-15d5-7a830498e4e0,强力,強力
b4ef3793-9d63-45a5-b3c6-13d1d3b15848,酸奶,酸奶
b4f1eea3-1093-41b2-a619-429f1948dedc,电池,電池
b4f392fc-8e16-44e3-9d42-bd5d2e9de6e3,驾照,駕照
b4f4b95c-ee6e-4e7a-8a9c-f7269d24fc2a,额外,額外
b4fc552d-4fdc-4a8a-af3f-660257cc8acf,观赏,觀賞
b506fc5b-9916-06a4-f890-c634895f22ae,层层,層層
b5071c0e-2da5-b28f-f6c8-2c3f265e2be9,世界末日,世界末日
b50bcb78-cfcc-4425-a670-52a04eb9588d,做主,做主
b50c0e8a-04d6-4d2d-bb5e-4e4242ec57f1,外面,外面
b50de014-9a6c-308b-63b6-9c12fb058d1c,光棍,光棍
b5106dd4-b69a-4e9b-98a9-4f51d73d36a0,东部,東部
b514b58f-9a41-2b5c-17b3-01f9e8754ee3,内脏,內臟
b5163962-6cee-4c6f-a747-02afca56d4b8,只能,只能
b51cf6e8-e866-48a0-a55c-1c56c1a40bbf,进度,進度
b5218425-e22a-cd81-4279-ea38a3d3ff9f,知晓,知曉
b5238371-6fdf-d2a8-1484-378092e1100a,巴里,巴里
b5277f29-b73b-4ba2-7248-ea1a32288ff7,出口,出口
b5295d04-891b-4968-8a54-963aa4795175,空军,空軍
b5326478-f072-43e7-b734-ce1ed9c48fa8,埋伏,埋伏
b5334fa8-bc51-46f1-a086-2e6dae92265c,飞行,飛行
b5345813-a3dd-4de7-aa1e-7b6807c60050,利润,利潤
b5391843-e09b-6a1e-02eb-491e502c354a,捣蛋,搗蛋
b544ea4f-1976-4068-81ff-5f3e015b360c,泉,泉
b547fefb-ba3e-8fb9-1b26-2247e8dfa1f7,大汉,大漢
b55b0b71-693e-9907-8932-0f39cb590f5b,游水,游水
b55d260d-58e3-4f87-982c-780f9a898a80,牛奶,牛奶
b55efe6c-61a4-85b8-8003-ecff520ecaa1,自此,自此
b564f0e1-6935-4154-b580-77ff62969f1b,绅士,紳士
b565f796-7de1-4fab-8e05-cafd923c44f6,揉,揉
b569d640-7b7e-3089-0e67-6febdc12a1da,战斗力,戰鬥力
b56c84ee-4ee1-49d1-b882-0f616b834753,中断,中斷
b574b5c4-7e38-4556-86e4-efa553395f50,首批,首批
b57740ad-2041-c8a7-093f-f567a01f4768,忠告,忠告
b577e6e5-5acd-4eed-af56-e51d9469a92b,依靠,依靠
b5942b34-e4c2-4eae-8b7c-ed932e3e876c,压制,壓制
b59ed9b6-b988-4dc6-9dfa-caf75ba5cee0,伤亡,傷亡
b5a2a419-38cb-2024-497e-656c2f737d81,喺度,喺度
b5a629cd-d8e9-4ed2-9b7e-733e6085de0f,保卫,保衞
b5a7f978-a32b-44e6-aaa8-4f0d50761e9e,选举,選舉
b5b1c8bb-3081-4ca1-993e-1af63ce1304f,清,清
b5b749af-8afc-41e4-8619-0e664ced3ad9,器官,器官
b5b9117b-b14e-477f-8b14-8a424e5461b7,智慧,智慧
b5b920ae-1bf2-4b03-8a72-70892ec2c3a2,碰,碰
b5bc1bec-d6e5-1131-4f14-5e7cb93be450,接种,接種
b5c34289-e38d-4190-afe6-8a7c31ecc952,成分,成分
b5c94180-c607-dfd1-647b-7a3d780d5bb6,清华,清華
b5cfbc36-ac87-4fac-bef8-6ef7d449e355,甜蜜,甜蜜
b5d00539-87a8-29d6-ebcc-57a5707ba078,珊,珊
b5d13f35-59ef-49c6-0f91-17fbfe714657,大块头,大塊頭
b5d32f43-b02b-8545-8c4d-5e74004cef51,唾,唾
b5d78ef2-2155-4534-8c3d-e68329ea9d73,红酒,紅酒
b5d7cb4a-c253-4adf-9650-365649d2c923,迅速,迅速
b5dedf3f-7dfe-4ec2-a4b5-3214e0d0ec7d,过渡,過渡
b5e1e06e-79b9-4998-89fe-2fbb7e8497ec,契机,契機
b5e41c03-e5d7-4d55-87f2-fd8dcb14e8a0,汤,湯
b5e7243f-e2ee-bf53-5929-608e275a7475,日落,日落
b5eb54cb-287c-e06f-cec3-27218359d436,夏,夏
b5f12bea-2911-acc1-3069-00171fc38691,欧洲,歐洲
b5fdc33a-43df-e1e0-c7e7-44cf8dce6039,负责任,負責任
b5fecff0-def6-aa8b-fc0c-71960bcd0f81,好多时,好多時
b60e7893-9c6f-49b4-86a9-3f3334e8caf8,扑克,撲克
b60f7026-9beb-4f29-9183-f89db9a6fa6f,指甲,指甲
b6110808-41e8-bdef-2afe-1df9fccd547a,匠,匠
b613f74e-9dda-4525-abf8-7a5373072ad3,疫苗,疫苗
b615a1cd-a329-4080-a336-cc5d69b1db81,打球,打球
b615f23b-56dc-f48c-b2b5-9c1a3b8f004d,瞬,瞬
b616bd8c-07bf-4272-a418-9d6f695f9e6d,了结,了結
b616bf40-704a-de5e-9df3-6e76326c9bc2,旦,旦
b6271495-db9f-35f9-a9a4-6a56419f6440,栏,欄
b627fbf9-00db-e05e-24cf-64ebdb00d494,较为,較為
b62a342c-f96a-659b-ea12-dbc0829a690c,单系,單系
b62c714b-c544-48ea-9461-03cc5f79a50f,强盗,強盜
b636a1fa-7580-4b65-be5c-a3bf4c01cb2c,瞒,瞞
b63abef8-2f11-49b0-86af-c27316fd18b8,一番,一番
b63ee0fd-f2c6-4746-8731-787ec3f6f887,探讨,探討
b63f5029-cf2f-4b70-bf26-8c3fd8617be2,美女,美女
b63ff30b-8a97-4dea-a391-e8a3d81e496f,签订,簽訂
b6410a25-3926-46b4-83f1-1a7149086b35,玫瑰,玫瑰
b64bd5a1-8c55-41bb-a393-1b7bd6b9e71d,丑,醜
b6520dae-532a-42af-8454-105459490df7,全部,全部
b6533f95-d86e-4676-95d3-4725d1b49a38,以,以
b6535ac6-2846-4387-a9a8-2de220579886,奏,奏
b6536074-0741-9292-62e6-2887a046de19,拜拜,拜拜
b6595582-f3bb-661c-7737-931d0d350bd0,书架,書架
b659d9b2-f0ce-81d0-9afe-be0819d0c531,三分,三分
b6674529-199c-4c29-f612-3ff353d6b75b,蛛,蛛
b66b27fd-df91-c79d-64de-2ed683f7dd03,新春,新春
b66e2443-db12-fda3-707e-41a896a035fd,坚,堅
b6704dc0-f470-416b-a8e2-d0e729c45196,随,隨
b681c67a-9b3f-48e4-86c8-56fd4a6465f6,丢人,丟人
b682bf0b-744f-20ab-7461-d4f8878ce075,人命,人命
b6984b49-ce03-0129-729b-2c56e85d7ab8,好意思,好意思
b69a2bbb-d0c7-48d0-9d6e-224c904704cd,图片,圖片
b6a2f1d8-336b-4066-8fc0-3bb84a4684b3,历程,歷程
b6a4495f-4c6e-43d7-be17-c634403a8bde,及时,及時
b6a5bfe8-768e-4bdf-b8e6-0146da356c2e,不知,不知
b6a70cf8-8eaf-440c-94f5-94667b5e50b4,美丽,美麗
b6abd952-b69d-30ee-3513-39721c6bb23b,宏观调控,宏觀調控
b6af070d-d035-42c5-93e1-bfa765db280a,高山,高山
b6bce20e-7f98-4a50-ad9c-496394d55f31,国民,國民
b6c03b35-571a-72d1-fb9d-ff43b6a8934c,拟,擬
b6c13be7-5601-6ee4-31ce-26421b27cb58,破门,破門
b6c37a68-0c3e-a2a5-a8db-3c77a65875b8,手指头,手指頭
b6c86326-04a9-9d82-a8e6-c605ec2aae17,身分,身分
b6ce3d0c-4478-4fc2-b308-d2ff3486269b,为期,為期
b6e4affb-be5f-7bef-bf7c-582339a621f1,产出,產出
b6e95ad5-6962-8464-7f04-1966536009ec,天主教徒,天主教徒
b6ef2671-8426-e25c-a9cd-47ff0f5fac2e,憎恨,憎恨
b6f03b84-d074-4a50-877b-5f91e65dd8a1,步伐,步伐
b6fc9f90-6703-4a5f-8857-9e95a662ce16,火药,火藥
b705c94f-df69-f22a-9e50-0b4c278e8d2a,电影节,電影節
b70cf151-30c4-9362-1e33-27dc7b7b602d,驴子,驢子
b70fb3bc-2508-47fd-902d-8ed35a2fd837,分开,分開
b7135a48-b457-4d0c-9472-01edafae36aa,厘米,釐米
b713e7ba-988b-45c1-bd4e-4457364f4560,心酸,心酸
b716f484-e773-81b6-12fe-e55d09d40607,过高,過高
b71ffb7e-c1cc-40a2-a0b1-577c1e31ae12,神奇,神奇
b7233f93-c1ed-42f0-a878-1ff64dcd32a8,级,級
b72ac325-61d7-438d-a71b-0b8a6dccc3bb,电台,電台
b72b8a76-37ab-e8bb-357d-96708e242a85,脷,脷
b72e4fac-6d2e-4add-b32a-4a106c892f21,深化,深化
b7333f66-d6bc-4e70-8b6d-0043a70a3983,上演,上演
b736925b-dca7-49b2-ba72-e057ee580784,健身,健身
b73777d0-dcfa-b82e-cf39-6098992aa710,把口,把口
b73a276e-553c-43b2-955d-d4888d2c2dac,早晚,早晚
b73d5152-b5d8-46df-9db0-bdabc18da3fb,希望,希望
b740edfc-5100-4d34-8a04-c8ae72031ee4,扮,扮
b7413eab-e801-baa6-bc7e-aed5c3a36f1b,代码,代碼
b7436689-73b2-4f7d-b0a5-e1531930b1b1,作战,作戰
b745301c-1e50-42b1-8d60-5b0e66a292c5,报复,報復
b75e6dfa-cd90-a8c2-1f14-83f983b04bec,打得,打得
b75f7db9-2f01-07ea-b1cd-4a11c9f099be,一面,一面
b76a0b51-bad5-62cd-bf4e-1c178ed82887,矢,矢
b76b4ab4-2be2-4876-a97e-272c0dcfaefe,一旦,一旦
b76bf38e-d85e-4a46-a460-16cc1eb60100,是非,是非
b76ef50a-0d1e-4a93-99bc-8f79cc5f1b0e,授权,授權
b76fc094-9794-4577-9cc8-742a731f6a0c,庞大,龐大
b7728396-73d8-3289-8abf-e95696d1b6fc,正月,正月
b7764ad7-a30d-c097-3745-706f03fb5710,城,城
b782386b-4c9c-45dd-8c2f-487a6ef09132,博览会,博覽會
b78e2fe8-33bf-a799-e1e8-ff14f3abef25,会合,會合
b795603e-1954-442f-87a2-685f2d619b41,合作社,合作社
b795df6a-c256-4aa3-8667-40b38338940e,拍卖,拍賣
b79f19c1-dcbd-40d9-becf-67e2059151ff,股市,股市
b7a6cfad-6e61-09be-8941-85f9e364236e,升,升
b7ac8247-930d-c90b-5a9a-b1c87c395fef,技术人员,技術人員
b7af5286-9e26-4fad-8ddd-aab489458342,作业,作業
b7b134e4-ce03-b10d-5536-de2259cdf245,巡警,巡警
b7bfdd3c-2ecf-4e4b-b911-cc4960fccc2e,热门,熱門
b7c256d6-932c-4c98-8f8b-35c96d6d8e08,胜任,勝任
b7c51e86-6161-4e2f-b03f-a54ddbbed9b7,通缉,通緝
b7c9aa1f-9053-7036-c0c3-c31bdbd25d70,萧,蕭
b7c9cc29-53b4-1174-dd8f-a6b7147179f7,膀,膀
b7ca7cec-a91e-44b7-b72e-9c75d81255b3,钉,釘
b7caad22-60dd-4df5-9624-8fca5394cd2e,课题,課題
b7cfa87c-199d-0c39-b166-c5144b1e4e97,吵闹,吵鬧
b7d3db0b-5469-4de9-81e3-a8f4dcb9d9ca,盐,鹽
b7d76153-d358-4ade-8318-7eab1e10e23e,宗旨,宗旨
b7e00987-ffb6-4b67-8c9f-3cd2e08986cf,买,買
b7e954c7-e078-4a2c-9720-73b59b518b3a,糊涂,糊塗
b7eb7fc5-034d-4170-b207-287fe87ab9ae,学费,學費
b7f31db7-8b8b-bd43-cec1-0cda29919e2d,安全性,安全性
b7f79473-23a5-494c-83c4-e3b1e217d729,聘,聘
b80098b9-6a98-4e08-ba71-9ad26d28b92f,会议,會議
b8094436-011e-413f-9a01-01fb37696883,隔离,隔離
b80e7408-c333-a245-3338-dc6ff1018e0c,定罪,定罪
b81993b3-2ced-4798-affe-914d33ae3f49,实力,實力
b820d4b7-b12b-50c9-5ce3-bb9b45bef6da,啊,啊
b8236fa4-15eb-40e4-99ba-f74d4ac4f229,挑战,挑戰
b8264aaa-f5c0-0f07-835e-d6c840671038,洪,洪
b82cac62-ad3f-4db1-a9f9-099bc7eb5477,删,刪
b82f4995-9a7d-43df-9074-6b3611ea90d1,古人,古人
b8435891-9365-4713-b8ae-b6f8f82683c5,盼望,盼望
b843b1e9-681b-ea8b-cd54-39fc2ea064b2,日产,日產
b851994a-d5f8-8cc9-8ca1-b78aaa1b931d,年长,年長
b85a064a-b0af-47be-95d6-5697368e42c5,安定,安定
b85b24d5-0a08-6fc3-4606-2ad1aea7350e,增长率,增長率
b8612326-f737-65f6-56f6-7ffb061c5eef,年均,年均
b8636052-3a92-02ac-648e-adcf134abfff,碎片,碎片
b86703ce-fa1e-35c0-561b-648be70902f3,讲嘢,講嘢
b86af24a-0ac0-4b7a-9853-6bab7bc9178c,摩擦,摩擦
b87045b2-1ea5-4bca-9219-aaa7884dca1f,啥,啥
b8711e2c-e239-4c2f-a073-69fb1710fc30,大脑,大腦
b872033c-146a-4596-91e4-51f46a258758,征,徵
b8756b99-4c79-4616-b959-eda3201490fc,指向,指向
b87c060c-9577-4471-bce8-998cc3ba79ab,不一会儿,不一會兒
b881b2a0-1e7c-e451-9d0e-beedba62f18e,机遇,機遇
b8892f8e-a989-4850-895a-0288fa5b52d2,嫌弃,嫌棄
b88d07a9-5700-6806-65ff-c278699abf21,出庭,出庭
b895867f-e3d5-7147-7e6a-09e2be82440d,复,復
b8987333-7a49-b31f-1844-a09c1855b011,呜呜,嗚嗚
b8992523-daf8-4b70-8a5a-ebd4f523a75b,洗衣机,洗衣機
b89c403a-7e35-4d8f-896c-bba1cc390cbb,大学生,大學生
b8a8b258-49d3-4597-a8a4-de809b222186,奔,奔
b8aef71f-4abf-b686-3029-8b2dc7105538,机会,機會
b8b0f049-c700-4e9c-ac9e-d30df3a4eb59,加班,加班
b8b4c68a-8dd7-4fc8-a83a-305a8025546c,沾,沾
b8b66ac9-63f7-1b0d-c5be-1e1b5d988015,戚,戚
b8b7e83f-62de-cd52-b203-90aa77dbbfa3,韧,韌
b8b802d4-1376-ac6c-ac15-dacb40c5444f,周五,週五
b8b86e28-9435-28da-786c-03bf3c3feb55,国内外,國內外
b8c3c8a0-dc81-9e72-0e42-75ba59e5e258,秩,秩
b8c8b382-920c-4edb-3591-378aba92a2fe,肠道,腸道
b8cd97b5-cdfb-4905-835c-c83d6f5d1df6,源于,源於
b8cf1e64-2a47-451c-a2c7-24823588b7e9,外星人,外星人
b8cf3564-4e77-431e-8c1d-dec65de02f4d,民族,民族
b8d8ae91-73eb-590b-b548-f2af24ed25bc,甘,甘
b8e0eb78-321e-4c1f-915d-3b162574c5c9,一长一短,一長一短
b8e5367b-8056-0606-9568-d698695ee246,一级,一級
b8e830ae-6af8-471f-8357-91e703935edf,咖啡,咖啡
b8ea5725-6b49-4270-9408-a425bc1eecc4,无疑,無疑
b8ef6248-b66b-7886-8843-7672eb72afda,看看,看看
b8ef8842-01e8-4b22-8005-c1ac55aa2c12,民办,民辦
b8f4d11e-9a18-4b37-804f-145d06935d92,打工,打工
b8fd46c8-a25f-e00e-cb8c-0a984d5d62b5,咧,咧
b8fd75da-aef4-3063-0011-a44120ff2d83,吗啡,嗎啡
b8ff6d41-8954-4692-8da1-79c290a60088,陪伴,陪伴
b9027ac6-f7ea-446f-a2fa-9221ec6ee481,孩子,孩子
b9037bb4-55d8-4d06-9b30-047bd4528beb,方法,方法
b9085745-6d17-8cec-7401-af474296412b,婊子,婊子
b90d1979-7d99-a29c-bb41-3b50c3523fe2,永生,永生
b919e92a-444b-eb79-4ad2-b09c46e2c294,隧,隧
b92e5903-4529-d9a2-6508-490ccf2e124a,纸条,紙條
b9341fb6-5f22-2ef9-b66d-699728fbfceb,晰,晰
b9346e42-410d-3549-78b8-60016fdaa867,避孕套,避孕套
b9422154-baba-4504-a581-a42e2f980686,题材,題材
b9452f92-5beb-4936-93c5-f6f2c549677e,服装,服裝
b9481ceb-f18c-494b-a297-7a645ad32cae,太太,太太
b94fee52-23dc-45b5-9505-7d7a16c37c82,背面,背面
b951340f-01b5-4bd2-b24c-8087a4d6a850,都市,都市
b95230f9-6309-458c-9b1c-d724e901d1c3,开启,開啓
b95fcf4f-2543-4837-bd7b-e172621f131e,世界,世界
b96226d2-7dcb-7fbf-b03a-c2ed05117b79,喝茶,喝茶
b96a7779-042e-66c4-640c-74a4f1660540,苏,蘇
b9703aee-310c-13b7-5c67-6ec37b4a60d9,硬汉,硬漢
b972a5c3-a8e6-4791-9c39-18262d47c336,精心,精心
b97482d2-98f3-41f5-bf84-3138361a6632,欣慰,欣慰
b97a1186-33f0-4ae9-921e-42b9f2308773,以内,以內
b984adb7-6ec7-9512-5dc3-91475a2eac01,浩,浩
b98bfb08-8592-40fd-0956-83593db6e1fa,试试看,試試看
b9909896-7b2e-5cf7-b27e-9aaaf7e4d801,一次过,一次過
b994e402-744a-f6ac-9638-daf84f053a87,傍,傍
b9ba8200-c68b-ebc8-2312-797deff38620,易,易
b9c4aa2d-358d-4621-93a1-9397cbda0efe,烟花,煙花
b9c99003-82db-4bfe-82c0-c3c3f15508f0,门口,門口
b9cae7cb-d5c3-aa90-d6fa-893e480962d2,宪,憲
b9d30695-3c32-4da5-84ca-a1b599c5307f,胃口,胃口
b9d68d52-151c-0a01-ca8b-fd3aa61a0175,为,為
b9d9a0ef-9ea3-4f05-939e-8dc67471c257,也,也
b9dde0b5-f728-4423-9aa0-7750f9c5ec5e,个体,個體
b9e76d9c-d5a0-6267-7492-b78b9e54779a,甭,甭
b9f7ee8e-0c0f-4795-9e0b-2f1eaa683184,修车,修車
ba01c0c7-2e86-f864-f2cf-5ef728ff1974,肘,肘
ba04d709-85e0-f236-fcfe-ac2aa4ff779e,工时,工時
ba0642b0-57aa-466c-8f0e-12543a1780fa,从头,從頭
ba086afc-0c79-61b3-1a65-d3bdf7ffe0fb,生,生
ba0b3c59-66cf-0fbb-c0a6-db2a413b70e4,盒,盒
ba0d6437-7300-4e16-a0a7-c8ca39f06ecf,生命,生命
ba0dddf1-137e-8708-adc6-5b14fd6b0c27,选出,選出
ba16c2cf-83f2-f35a-c162-a9c7b8c02e70,同行,同行
ba18e5c5-df90-4ee4-8074-57751b14b59c,跳,跳
ba1b4e67-e73c-420c-a3b9-866a14fb4ecf,看见,看見
ba1e5d97-ca1d-e6f1-6fa6-2d5d0576f697,全美,全美
ba26a886-d1da-4890-9499-6a348602ae47,车库,車庫
ba2f1a74-8da8-4888-957d-8fbc4dd683f1,除了,除了
ba31e50b-19b6-4a55-93f4-cfbe8b64b4c2,迫使,迫使
ba3d13ee-ade9-5461-a7a8-3a684d471442,内战,內戰
ba3d4c5e-27d1-3eea-12dd-80f6b2573f98,高质量,高質量
ba3f00ed-2df8-418b-a5f3-3b0df79c53ba,一身,一身
ba46ae91-79ff-4a9e-97e0-b376a19a9c00,委员,委員
ba4c488e-709d-7240-85f8-380d3ad80441,鑫,鑫
ba4ce171-ddb3-86e6-d14e-b8908df401db,踢踏舞,踢踏舞
ba53953c-b026-8c1c-2481-2934a22b35c8,行头,行頭
ba6046d9-b9af-4ace-3d96-516784a8fa74,太,太
ba680e73-f527-983f-4c6f-07126ce41ff8,杜威,杜威
ba688744-2088-4906-bd76-59038fbffab2,涌现,湧現
ba6c9651-71ce-4206-87e0-e240af24e816,机关,機關
ba79b5b1-ccfe-4468-b2fb-5d7159554ad9,就要,就要
ba8215e6-ba2d-49e5-a17a-69256bf75508,痛,痛
ba83aa7d-1113-4b2e-bc25-6868438ac767,中期,中期
ba83dc2b-ad9f-6e00-aaa1-4abb89bd7f90,痉挛,痙攣
ba85a523-da07-fee5-358f-86738c43add4,出错,出錯
ba8c91ad-66ea-36e7-3784-90fc2ac25363,金额,金額
ba99ab6f-03e4-48e6-b56b-2508a2302122,墙壁,牆壁
baa07823-619b-875c-5a94-b89886a9c51e,琼斯,瓊斯
baa1755d-65ea-7068-6903-10f969541292,不,不
baabbefc-1c66-4961-b1ab-b4d06ac4c5cb,离谱儿,離譜兒
baaeb088-0861-dcdc-8044-397578ba6b16,翠,翠
bab7c372-f909-9c38-f4ea-9e0b95804656,飞越,飛越
bab8ed8d-dc88-4022-bf9f-5d787b20a3de,人体,人體
baba03ae-1ec7-479f-b66c-06a8c7b5b2ad,既然,既然
babb7393-361a-4309-a288-5bd0ba966d50,豪华,豪華
bac4ccc4-9a32-473e-a64a-c70cff7fbe15,可观,可觀
bac69e41-2be7-4762-8187-47fb4aaaad40,彩票,彩票
bacc2ccf-cf20-e2c3-932f-8e23dcad281f,英里,英里
bace443a-59c2-467d-9382-973d58929154,户,户
bace9b88-0782-48ca-94ff-2d6d50f42ba5,凭,憑
bad3a961-71c9-55f8-a039-b297bb481829,行车,行車
badc378f-c3b6-41c4-acff-83498345f0fb,分数,分數
badcccef-ab85-18bf-be8e-e8c518d20438,瑶,瑤
bae9e9a4-3e86-4c14-9150-69980516eedb,瘦,瘦
baeaf82f-eca8-1012-a216-b3e87cec055d,御,御
baecc44d-9063-4f13-883e-8c6ba1d7ba62,电话,電話
baf44f28-f886-8999-e77d-20edd0fe2e1b,脱衣舞,脱衣舞
baf8b49c-7b9d-4483-a574-aff907373c32,一次性,一次性
bafb914e-20f5-43fd-94aa-cd499b8486c1,打招呼,打招呼
bb0102bd-7e01-a45f-9ad5-64ebaf93bff6,悍,悍
bb02ca97-db77-494a-a765-5d36f0c3524a,无话可说,無話可説
bb07ce16-bd1a-2fa3-16df-5e2f0f99fa59,坪,坪
bb09f1b0-d509-28fa-1d3a-e81e860fb592,八月,八月
bb141152-5b82-81e3-27bb-da59dcbdae35,西安,西安
bb15da83-8284-7e07-d042-5c595937382f,罕,罕
bb17cdf8-0a6e-69bd-65d5-ed23744a157f,贫下中农,貧下中農
bb1cdd7d-f3f4-441c-9e7f-5d13a881b33f,不知不觉,不知不覺
bb1dc333-0f65-491a-be36-42e6ec237e36,实物,實物
bb2090aa-c3e3-be76-eb3c-f5d288220c70,亨利,亨利
bb21cba5-a828-497f-90cd-9bae8d7526d5,展望,展望
bb2db3c6-b383-4f7f-a8c4-5f75250d3ba2,平民,平民
bb2df606-4f9b-4c58-a72c-c1c25046d7ae,批判,批判
bb2e44e5-aa36-47a3-8919-fc98d29e4550,瞧,瞧
bb3641f0-3f48-dae6-ea0d-fa06f070f067,流言,流言
bb37704f-1d0e-f1bc-c7a3-5d7a310b02f4,语文,語文
bb389b0b-f79b-478b-9907-5dd42fc23479,陶瓷,陶瓷
bb4239f1-00f7-4bc4-bcaa-0d15fca502b9,院长,院長
bb482dd9-b196-4ec8-bc99-7123b4276c25,庆幸,慶幸
bb483494-9f2f-4d33-c2b5-91bbb91496d0,家庭,家庭
bb50db89-a671-4dc8-b6a5-9813321bb244,城乡,城鄉
bb51026a-aec7-d531-e3b4-ef3fda19447e,豆,豆
bb5fecb8-adc7-4a3c-9c76-7ff0f56d784a,匿名,匿名
bb65ee0d-3fbf-442d-b351-b785eac0b85a,各自,各自
bb680671-def7-4472-b3df-56fb05337a7f,监视,監視
bb7028ff-29bc-69d9-6e94-299f8b839d7a,史上,史上
bb781c89-163d-ea6c-041b-cc209c86a7c5,右手,右手
bb787c81-272f-48af-880a-3b771fe4cea8,转播,轉播
bb7b9865-d624-4abf-b044-4e6d670cb25b,发火,發火
bb7b9eaa-53bc-40d3-8c3c-e8f52e8bedeb,第二,第二
bb7bcd9d-8b26-4365-97f3-ca7ceb9bdab8,潜力,潛力
bb84fdda-94de-432d-896e-ff0162d2c225,转型,轉型
bb8d830b-233b-497c-b19a-d3de245e867e,配件,配件
bb92e2d7-fd10-8cca-6a33-358a6ba8a317,考试,考試
bb97d5c0-341f-4fbb-a6be-770b88f423f6,档案,檔案
bb9905dc-c60b-4e46-af65-2f9430fe8351,完美,完美
bb9c5d75-afb6-4ce2-91c4-9fd2ea919a21,管子,管子
bba0dce7-3c6f-2f73-22a3-8c924968c530,星际,星際
bba3f6da-75a3-447f-88c0-f04642c53576,疗效,療效
bba69e49-af8a-9612-eaaf-c33337de1af7,张开,張開
bbaf629d-63af-445d-8e8f-fdfb24eb3e8c,场景,場景
bbb1b9f7-2bc2-87d7-85d0-4e8eb4b0fe58,计,計
bbb37294-755c-4d92-9dd5-4cd39d64857f,脱,脱
bbbaa626-06d6-da8c-9835-eb6d9d824687,虐,虐
bbbcb041-3f38-476e-86f8-7a24c8ec312c,告别,告別
bbbd31cc-a4bc-2c6c-3bcf-6bcb4788477f,朝廷,朝廷
bbc036e7-2ec1-f55f-c0f5-77f2f38727c7,伟,偉
bbc170da-e31d-4057-86bb-84d91663d1bb,闽,閩
bbcb5f60-c4a3-466f-b255-9849ef9c4df5,百合,百合
bbcd50a2-7bee-4f5c-8e2a-a58c9f4fecd9,证人,證人
bbce6361-58af-43e8-b0d9-17fc3f873871,今后,今後
bbd350f4-0eaa-4676-95d2-c6986053c975,供暖,供暖
bbd3941d-0fe7-4afe-9cc9-0f946e826429,发光,發光
bbdc8805-0d20-409c-92ab-7554c25075a8,流泪,流淚
bbe2d0b4-5346-4a89-b1fb-5adabed92c56,财产,財產
bbe2eb17-f704-4d09-94c2-b8eba5e7a1a5,勋章,勳章
bbe6e544-04f0-195a-5130-d7a3363e0e90,各国,各國
bbe8144e-6dfa-5b39-f91b-0c88ba6bdd9f,氟,氟
bbe94d6d-7166-1b6f-1d35-1a8d91274099,氯,氯
bbec3778-aa5e-43a1-99f6-1538607333ad,愉快,愉快
bbedbdb3-5991-4fc7-bd5c-8f4d137c2017,碰巧,碰巧
bbf608ea-5aed-003d-760d-9d58a7d71791,纺,紡
bbf94469-1ffa-495c-9a50-1c433ad34c9d,收到,收到
bbfe601c-1513-3fbb-b089-47b8e8805d4d,懦弱,懦弱
bc09cada-c9e8-4dab-8fd8-3945078248e6,开展,開展
bc0fbd01-8ecc-4e97-a6ca-1959f23b4e0f,踪迹,蹤跡
bc10e27f-27e3-4a5d-b796-e24b962fb160,落地,落地
bc156c0a-fae7-42fc-b1ce-1b78a5786b0f,普查,普查
bc182e11-ef88-448e-8f61-21ac8cd1c8d3,勇敢,勇敢
bc1a7f4a-f681-4382-b104-b9f383e071fc,国务院,國務院
bc1d1140-e48f-49e7-a1f8-de8ac3e05d06,找到,找到
bc1ebcf6-bc56-0b40-68f9-e4c3d91ed700,饰演,飾演
bc2d1393-7761-40ef-af28-43496fcb2f9c,构建,構建
bc305aa5-d4de-f45f-12ee-cb99f1647b65,特种部队,特種部隊
bc32f4af-aa43-b086-156c-8f25997205ce,精度,精度
bc3976fc-8e18-413c-8868-f4ba651aa586,颁奖,頒獎
bc3da6a3-60ce-4d96-847a-397687bdb0b0,高低,高低
bc3e2bfb-fd45-4e6f-16a2-6aa937c53107,就真,就真
bc3f5668-6948-4a35-9b80-20977c3ccb1b,看待,看待
bc40a710-7747-0a65-cf70-8f1e355b3525,癫痫,癲癇
bc4411c8-20d4-4f53-bc81-719dd8730dd1,疏忽,疏忽
bc44d166-f273-2b8d-7993-a4770147f10e,牛仔,牛仔
bc461471-51fb-e870-5c83-d1612fbb5e27,佛,佛
bc532545-ef96-4000-a1c1-ef2e5dc662a7,涌,湧
bc55ff24-fac8-418c-8d01-f89405387e0c,资源,資源
bc5861bb-c795-4362-bbd1-f4e1d9e72f48,算数,算數
bc5cb803-f0f7-5ff3-4c9f-00cad5c55fda,黄,黃
bc5cfe7c-38dc-46e7-9395-6e8d3bc86870,前后,前後
bc6909fe-9f17-8dd0-b568-b7b85ef0ae4c,判断力,判斷力
bc6f8d73-2e2f-d4d8-3a15-b1e85bd85309,渔业,漁業
bc716af2-b436-489c-90ab-1a0ec7dd6d99,打扰,打擾
bc727e06-1a29-5448-033e-1b9b7c9ba474,案子,案子
bc77d2aa-4730-47b2-b8dc-f44754e1e350,亲友,親友
bc8ba196-9c4a-b7dc-ad1e-d7260a3008be,犀利,犀利
bc8bdd21-8b92-452b-a531-b166855a2bdd,公示,公示
bc900d07-fd53-49d1-a388-ddf3682c012d,条件,條件
bc975ed7-0140-4d75-83e6-192adc2eb810,糖,糖
bca1c8c4-0994-426d-8088-dd97e939b8ad,批,批
bca496d2-3ee5-42a9-a85e-e79057053671,磕,磕
bca592d8-ecb8-6915-c9b6-321d12057699,栓,栓
bcaac7ba-0fb2-4e9a-a17b-95d2ec07fdde,旺,旺
bcac81ea-7cc8-4754-acc9-3d02967f25a3,歌词,歌詞
bcb51d8a-5a61-2fcc-1ae5-210adeb180de,潘,潘
bcb54be3-b8b1-43ca-956d-15abf20f1f7f,跌,跌
bcb81800-38a1-42e2-9cd3-a0024d3170a5,瞪,瞪
bcbcf746-7d0d-4347-96b7-1e24b663bde9,无情,無情
bcbf4e71-bfd5-4c0c-8fac-8e7459edbb84,修补,修補
bcc465f5-590f-44a9-8bd7-3787d549c542,搂,摟
bccd451c-429f-c902-406a-51724acfa4f5,中人,中人
bccf92df-8a55-4bb8-a36a-81b8c10aba52,蹦,蹦
bcd41f5b-fb7f-35b0-4907-ac8d6f89e338,坡,坡
bcd7ac81-b5cc-98bf-4826-6f4736f324d6,讯,訊
bcd95a9f-ee6b-5a43-fb8e-4d2a0931bc03,夺得,奪得
bce3a09a-7a1a-462a-5892-0d733a63c354,塞,塞
bce46677-a667-42d9-a0a4-1a37e5df5eb4,发掘,發掘
bcead209-b252-c4d7-87e6-0481beb4df1c,氨,氨
bcef6e75-8af1-ccc0-ebc7-17168a9c011a,荷,荷
bcf0f0f5-b875-abee-37e5-7ab9c85e0c84,中东,中東
bd004299-c0f6-4431-9032-dfd7f43270df,温暖,温暖
bd09aadd-56cc-43e0-b045-690199504c78,花生,花生
bd09b4c8-ea1f-4481-9e1b-50c24924929d,版,版
bd144a3a-c719-42d3-88e0-c58f20b14286,做饭,做飯
bd244821-daba-417e-9a42-f72b5c72ded0,珍贵,珍貴
bd25634b-f5ce-796d-b0ff-a343403c85ad,录音,錄音
bd297a49-e500-5ed9-2b7e-3f32c1c5b214,爵士乐,爵士樂
bd2d3c53-ad17-54ce-0631-f6233fd9547f,搬走,搬走
bd38f8d9-c08f-4524-a6b9-8bec8e3068a1,椰子,椰子
bd3b2132-4f06-76a8-da30-e3787030bb55,失血,失血
bd3dc0fc-a241-a6bb-4403-4b7edea1998e,写真,寫真
bd3f7d94-8923-4e30-b031-c0c9e4a1af44,年限,年限
bd41364f-b2f1-4615-9b83-5e9f1ba75412,躲,躲
bd4a41d9-46b1-d92a-97ca-6c2c19a32199,红利,紅利
bd4c5390-06bd-b62e-3c56-6bc1422fec68,并且,並且
bd4fc913-21ca-48f8-8921-41f777d8a544,同时,同時
bd5f0bf9-bdd6-4daa-acd3-1ab16cd946c1,毯子,毯子
bd5f9612-8603-40ec-9c62-7c95c9d5a9ba,晚间,晚間
bd60abdb-3c71-a6a7-8864-82171fb712b6,近乎,近乎
bd6ec347-ec2f-14df-3ed8-ea1b7fd04b11,行星,行星
bd74bfc5-23a5-4510-a4ec-aa72c7756686,论文,論文
bd76ec42-a635-44a6-b4af-f1083bf753d7,预示,預示
bd83b236-bfb2-a982-7abc-d57c7796c3fb,脊椎,脊椎
bd854324-b8a5-41b4-9ab4-311233f11837,许可,許可
bd86617d-6e7d-45af-9476-061691796931,挂,掛
bd911957-f13a-9c20-4659-4a0d09b4bcb2,腐,腐
bd939c1c-5389-48b5-8361-01963f356f5d,模拟,模擬
bd945ded-9aad-4991-9193-e65c96dc99a5,可谓,可謂
bd95ff95-e0fa-4a01-87ac-b2d7ff0b48a3,糟,糟
bd9702b9-3ae5-4594-b1b4-42c137f5e7eb,痒,癢
bd9e3702-d805-ae04-ef9f-79622e9169d0,原子弹,原子彈
bda4876a-e97b-4ab3-9f71-5a685f1fa556,承担,承擔
bda7175f-0976-72d5-190b-56e10e1bac52,京报,京報
bdab0449-6b30-4f94-ba20-b66a9a936baf,软件,軟件
bdabf3a2-3c4f-43be-bae9-60b439be1d4a,受灾,受災
bdbca574-fd49-43fb-bf2e-6f9141a84a8a,妥,妥
bdbee80c-81bc-4d61-92b0-e10392fd1e13,琴,琴
bdc5081e-0d4e-4601-92e3-e98baa744ff3,机构,機構
bdd2c810-f230-0b03-1941-daa50c1ab662,花生酱,花生醬
bdd3546e-8608-4332-b48e-9e628e121d42,恢复,恢復
bdd37202-292f-e160-61b2-454f493e7352,投资人,投資人
bdd55cce-72e6-4416-b10c-0a2c1e289aae,若干,若干
bdd97bba-6296-bda6-787b-ed7266b427c3,敦,敦
bdd9e410-3644-4975-95e8-989050de6982,饼干,餅乾
bddf4a68-6e8e-428c-930e-47f302ee154f,贝壳,貝殼
bde0c23e-f6ed-471f-a937-3fd52567ec41,通车,通車
bde6fa97-52de-5bf2-242f-eb024aa132cc,肺癌,肺癌
bdebc532-15d6-8831-1222-921774df6095,较大,較大
bdf4e470-c413-49d7-b2a3-3e8e71629501,暖,暖
bdff46be-0446-4cda-baf1-967d50b0effc,掏钱,掏錢
be013692-4efc-1f85-8aa5-44c8f01baa60,银,銀
be055caa-d6d2-cca8-731a-0b0c9ac09adf,大餐,大餐
be0580be-22d3-457a-af9d-a86d48276fcd,从不,從不
be07de47-cad1-4c1b-b543-63d1112b3018,减免,減免
be097616-03f6-dd12-8753-4a14f2ddd084,咯,咯
be09f6ae-80e5-38d2-162c-f2f2f1a11672,眉头,眉頭
be11083f-04b5-d0cb-43ac-be031f6ceba5,事发,事發
be111fb6-1da5-4b3e-a03a-afd6516da2eb,地区,地區
be16074b-3b08-80be-bb3c-92afa8ae2104,征地,征地
be1938d6-8f38-43b0-98b8-5eb4b8f80871,循环,循環
be2118bd-e5cc-42ac-a911-da458de13e6f,容忍,容忍
be2585c7-d5a6-47c3-bf07-42e30bba951b,记者,記者
be2e1bdd-2355-4103-8a49-81775dec1041,去世,去世
be304e76-ee28-4069-b2e1-5f2032739f3b,信心,信心
be310bd1-089f-4c2e-ab7c-811ea32ed959,只有,只有
be317f7f-3cbf-c6f0-cad0-0730fbb1b9c2,恒,恆
be321c4c-1fa4-e94b-c18b-47aa489640a6,蛤,蛤
be3252ef-5140-4e7c-8750-c3351507c212,官兵,官兵
be35e60b-b2cd-5ba7-5d12-369ca0a15a98,千祈,千祈
be46ad70-7eb4-6a93-c0b0-edc55c2181d6,觉,覺
be4ad2c1-a671-0b31-67a5-0d7e2b116ef8,挟,挾
be4ce18a-ebb9-4c3c-b02e-fd2d84b21a37,老婆,老婆
be4ea3ca-3a0a-47ad-ae94-cf3a1f1eee38,负,負
be5ed302-c69b-4b22-bcc7-1321d36e6801,流域,流域
be692c7e-325f-487f-862b-5b4ca5bc766b,外公,外公
be6c28df-5c53-4b20-91d3-7cda2fc3aaad,病,病
be769fc5-b8eb-9872-fc3f-cb449a4d9639,国企,國企
be7c08fa-6be7-cf30-cbf9-1901ea6629ad,乔治,喬治
be7f6fea-1583-4f91-8e2e-c696246cd6fe,海滨,海濱
be817afc-c83d-5143-590b-9db5d37faee6,侣,侶
be82cc25-e458-883a-78ba-bacd35810232,行山,行山
be8545b2-85b5-4c9c-b847-2d1fd1d84ad9,瀑布,瀑布
be8ae6a8-8a6d-47b4-9ed3-7a84f9e7f0ed,输入,輸入
be8b01e4-d203-6a81-3493-5df9e228750e,薯,薯
be8bbc76-e5ff-7d92-9043-8fbc3705c350,殖民地,殖民地
be94c9e2-3773-48c8-9bdb-37f64b32a308,营业,營業
be968f07-6dcf-4c93-8ba9-f2a746c4c397,瓶颈,瓶頸
be992001-b142-40bb-9996-7f1663103a9c,恨,恨
be9c24a5-f4d7-5f3a-d0cd-693fd68a5bd4,镖,鏢
bea717fb-fbbe-442b-be05-a0812c1c4cf4,开设,開設
beb8b9bd-f53c-704e-7ec8-1326c3b182d9,屈,屈
bebeee18-7f22-3f5b-88a3-752b2ba43067,广州,廣州
bebf384f-4c7d-3d52-7a2b-04ec9fb951f1,堵住,堵住
bebf7326-ace8-4dfc-87de-1fcd157a2d45,绽放,綻放
bec0d142-7829-42a1-82dd-0412ddbcf847,箱子,箱子
becb974c-e61e-4c59-839c-3762ab79b51f,项,項
bed0c67c-c028-4e77-b338-61edec8a3358,课,課
bed31544-c2df-440e-af67-a25a46956c89,办理,辦理
bed6e9c2-101a-4f4a-8da5-f2261e165e5c,逆,逆
bed72875-c620-42f3-98c1-f81b2d2ed370,流血,流血
bed879f9-0da5-43aa-ab51-578b28e9c16b,数字,數字
bed8e994-b688-4f5f-bc7f-2f6073554876,文明,文明
bee28a8e-4d3d-fd21-39b0-acb69a82e136,不管怎样,不管怎樣
bee533f8-4152-458a-b75b-11246b0ccb92,信箱,信箱
bee53cfa-5796-c042-6973-2ebb2e218bf6,死神,死神
bee9d952-1701-4e82-a11f-6b92edb17078,脾气,脾氣
bef709bc-ac96-4312-bfaa-3cd037cd01a2,轮椅,輪椅
befa511d-74b6-0067-1481-81a8c1edbfb5,党中央,黨中央
befcf6e7-11ff-9a5d-70ce-c3b1a36d0a44,脯,脯
bf00c867-bd90-cf71-8751-23a5ef16d170,样,樣
bf02b502-a38d-4b5d-b475-6570b7cd0929,低头,低頭
bf07eead-3183-e767-c2ae-ea6a6573dbe1,纪,紀
bf0b61ff-f698-e90a-1f9c-50d541644de4,精选,精選
bf0cee52-4868-4581-b78d-246d2831b1c1,五,五
bf0e91a1-0827-4900-9ee9-bbcda2a7e4fe,踹,踹
bf11ad85-638b-f4fd-56db-0f0e0e1c3962,磨蹭,磨蹭
bf125a82-2aff-3b6c-362f-0db4829517c5,侄子,侄子
bf131bee-e894-46c9-8a0d-2b5d84a0c2b1,街道,街道
bf17c6cd-ccc0-473b-4104-309979a91ce4,天朝,天朝
bf18e365-35ab-7b76-8269-d1374f3256b2,签名,簽名
bf29b003-d2f3-4dc6-9756-f2e5cb7a48ba,沿着,沿着
bf2db927-3b27-4b07-a106-0ea8f71debf0,便是,便是
bf337bc8-a624-cca9-7eed-2e2701cbc6a6,普京,普京
bf359232-34b7-40d8-b673-4e89ec6e36e6,眼里,眼裏
bf382d84-5fb8-459d-80a2-e0690423a87f,卡片,卡片
bf394a25-c228-48fe-a447-ac2ab95d9a0f,工艺,工藝
bf3e52c4-c0d4-439d-4ae4-517f56fd146b,域,域
bf45cd64-2599-4793-5ca0-1cca03b9a6a6,西班牙,西班牙
bf49769c-4461-4398-969e-68347b98fc93,当地,當地
bf57fdf1-c697-41a1-b3b5-64839a14ac6e,水,水
bf5fdd9c-b33c-4ea8-ac81-d287dc191fbf,招生,招生
bf6164e9-26e3-f260-7020-6f65d798ff3c,冬至,冬至
bf662a63-b31c-4793-9c85-1d035ef5bc67,重返,重返
bf6921e5-7809-4376-9287-7ad11bc62c97,怀念,懷念
bf6bfae3-9568-e71a-9c49-1be52aaeb303,奈,奈
bf75624f-df2c-4b57-bba6-9541cee1b6b0,势力,勢力
bf7db616-5345-51ea-c9b7-9077f6e38596,柔,柔
bf7dc0e7-fed6-4f21-9442-9bd99b95dc4d,书店,書店
bf7f2acc-82ed-4a8e-8b32-c94b2a902f1d,报到,報到
bf81d2b8-c13d-4292-b842-cad4726bd1e1,发起,發起
bf8e5844-6962-1809-789d-ae5547e3d7ed,中共中央,中共中央
bf8ff3ed-74d2-9f0d-7e91-0c181fa63132,谣,謠
bf9630ed-3757-4315-9851-6c2f1f8798a0,试点,試點
bf9c0bb1-1cb5-dafd-6392-8c37b1af4801,称,稱
bfa28110-b073-4641-a9ab-85fba29634a6,空间,空間
bfa3f2e8-c409-4c49-ad40-0603d81606e9,操心,操心
bfa5dd38-df2b-4bc9-94bd-46571cc6c419,测算,測算
bfac9da3-876d-ab41-1745-54b090aae32d,单身汉,單身漢
bfafaf63-779a-44ac-a33e-11acfcdadee2,望,望
bfb193b4-d2f2-496f-a03e-540144d9f846,后,後
bfb360d0-0247-82a9-ff30-8eda3a095c8a,房,房
bfb60916-6c4b-56ad-5d26-c7f082eadaa0,耕,耕
bfb6f346-a400-4b16-93e6-7b2ef84618eb,魔术,魔術
bfbaf8be-5568-45e2-9a71-daafc2fd06e8,蚊子,蚊子
bfbf2f03-aecc-2749-7914-9c31b0b412e3,清水,清水
bfc3150d-e8f0-481f-adab-453687d73358,贴近,貼近
bfc61897-04b0-4fcc-a1bf-ab3b3e311c46,难得,難得
bfcf6f89-835c-4ba8-9449-ea1f2b14b71c,晴,晴
bfd09d74-e0db-4545-f0c5-881a6f215c95,白宫,白宮
bfd1e6a6-bda0-4582-b8db-9677e6309da7,国内,國內
bfd2441a-8614-813f-f5c6-0b308114def5,在此,在此
bfd41ac3-65a9-4862-ad77-45b7d4d55f89,须,須
bfdb2784-32a4-4a10-852b-3e424a15d909,联合,聯合
bfe50a40-451a-4372-94d1-304db9258872,包,包
bff9af28-1147-4daa-9bee-1ea46bad2189,读书,讀書
c0023cf4-2e9e-ab4f-7448-a0c6dc278e04,小腿,小腿
c004aeb8-ee1a-444a-aecc-a64e08bf3aa6,作出,作出
c00b36f6-19a4-4036-8043-3c2e66ed94ad,传真,傳真
c01003f8-0dff-491f-b517-8c4ce6284f87,关机,關機
c012316a-f96d-7501-4ff8-8ebb63b264f4,核弹,核彈
c0137359-cfce-416c-8052-6aa300978cd6,过节,過節
c01b44f9-e968-629c-4598-9d6e13366232,稽,稽
c01ffc83-2dff-4e13-a82e-d267fbf7fe34,相当,相當
c0216425-61c9-438a-ab7a-8d42e2b0bf85,领先,領先
c024303a-45ad-4de7-8648-ec3e1fd2cb20,祝愿,祝願
c028773a-5a97-4973-ad76-895c4af79649,送到,送到
c031ad4b-d9a3-8500-2454-bc361937ae3d,临死,臨死
c035390f-f0c3-411d-850b-f280455bc421,麻醉,麻醉
c0377b2b-2480-4d73-80b5-34730c1fc7ce,人事,人事
c03c8ea6-e654-4179-bbab-51dddea0bc84,担负,擔負
c04671dd-0ba1-408d-bb3a-0d231eb17b1a,矛盾,矛盾
c046bc8c-9220-4f37-8bb9-729a70d7f470,不知道,不知道
c049a90c-504b-3f2b-f529-3fcf804c6661,嘥,嘥
c04f1885-e31e-5bf1-e391-7fce24fc046c,开胃,開胃
c059801f-2bd0-b5d0-4356-c5f45566edd2,股本,股本
c062132a-b3f6-3d24-1988-aa7c95fc4cca,志,志
c0621787-ee76-4676-4f44-e4a1081d8ba0,凰,凰
c0657019-b664-ebaf-57f7-93e9cfa1fffd,山西省,山西省
c066082a-bd49-edeb-5e00-b6e73a8c4a55,樽,樽
c06a6614-566c-4548-94e1-10c23d412826,而是,而是
c06d7f2b-adb8-48cf-200d-c410fad3becb,波斯,波斯
c06dff99-974b-4342-80ee-7e104e6ed1b3,反正,反正
c0711cda-09cc-6bec-c162-5ce7d703ebfd,蕉,蕉
c0727ea3-d601-2165-3349-22b2404d0bf3,好耐,好耐
c074fc20-f9c0-469e-b7d1-42220fa7c69b,相比,相比
c07a880b-be5e-484e-a9a9-c9a65a58cecf,下楼,下樓
c07bc88f-31d8-4186-9534-f6efc866716d,盛大,盛大
c07dee8d-99c6-43b8-b50a-5e4429fd7f7c,威胁,威脅
c07fe1f1-c17a-47d0-74f5-624538a660e0,困难,困難
c08a690e-d6de-620e-f9f0-7ea581e4736b,召,召
c08b4e74-b92f-4a42-925c-00cad4912b17,性别,性別
c08bf426-97cb-953c-d79a-ed22464debbb,黐,黐
c08d0fca-867f-d801-8ec3-b1f67401240e,成年人,成年人
c08de347-6ed7-4c7f-b429-83b71bffea0b,兑换,兑換
c0916f8a-0141-0bf2-40c4-6e771ec7bcc3,叹,嘆
c0aa5b9c-8518-f7c6-ebd7-b04448c7648b,甚么,甚麼
c0ad327c-95f9-b64f-1d5e-99c4656370fd,拿起,拿起
c0ae804a-7d98-b24f-e0c6-bb1cf234e9d3,说来话长,説來話長
c0af16a0-66f2-4efd-8535-ab9261975d43,宣传,宣傳
c0baf488-94e0-477d-a82f-feea9026e974,子女,子女
c0c80106-f3fb-4adc-982a-3c3a3c161cce,围,圍
c0cb801e-c7c6-4e27-8d06-a7b44bfa517b,煤气,煤氣
c0cc03ca-1da4-7430-ae37-6cdc5a9a0698,闩,閂
c0d8bc6f-14d8-141b-ad05-c887328d19cb,寿,壽
c0d95666-1a8e-48ae-bac6-3762148f7d02,尸,屍
c0d9eba3-33d3-b074-92b8-a909bf125c4c,下巴,下巴
c0dfeb86-9818-cbfd-6d0e-0009171d0960,厂房,廠房
c0e301eb-03bc-6ca9-5ea0-7bc7d4137a5d,病假,病假
c0e3f7c6-5393-4088-8538-9b734d90ff65,抗生素,抗生素
c0e49fda-6991-4752-a6bb-2173ad1ccc81,院士,院士
c0e652f2-6c27-d08b-f24e-2173f1e6bd90,孝,孝
c0ec471a-4855-2c62-a14c-aff6e436af8d,誉,譽
c0ee0dc2-8cac-4524-844c-4518e28bdbf0,揭示,揭示
c0f5fb74-dcc1-45f8-9a42-3b05c1767712,具备,具備
c0f68161-f699-4c04-afbd-f5bc2f000700,无意,無意
c0fe20ad-ca4d-66d5-c663-e28025a010f6,耶稣,耶穌
c100ae54-ef9d-4458-b597-38bf1d035778,救灾,救災
c109de91-cdf5-45c8-85cb-725862ab7eed,大哥,大哥
c10a45d9-0332-2567-f41b-5793a7cb2033,面色,面色
c10cfc16-23ca-f7bd-f597-02f75be77780,四人帮,四人幫
c110c3eb-7508-8343-8866-69fbec144be3,航线,航線
c1138c04-9be9-ac6f-8b72-ca87bfa5aa64,指纹,指紋
c113d387-9330-20a5-4f8e-df2edb56f7bc,玛雅,瑪雅
c11935a1-8629-453d-aed3-ff76c43037fb,衬衣,襯衣
c1252c79-c17f-463a-a822-6f53ad9f9949,全方位,全方位
c1255e64-9ed6-4afe-807f-52f35e5b988f,利息,利息
c126862f-4692-4e7c-ae45-85d616d17489,兄弟,兄弟
c130d389-4c40-8262-4994-64d06f1d6b4d,悦,悦
c138acfe-3fe6-2513-df64-deb34b72a3e1,神像,神像
c13c8f54-b56a-4e01-8946-49c396ad18d4,增加,增加
c1405195-e1b0-45a8-aa06-32c10fa7cdf1,有时,有時
c14560bf-5b89-4047-907b-3d0970febb1a,迷,迷
c14801d2-60ed-b9c6-297a-edbfdee14629,卡尔,卡爾
c1499330-3b2b-4f50-8c0b-f4ea71a4aad9,贯彻,貫徹
c14fc324-5987-4162-8e55-c4a1e03cedb1,海滩,海灘
c15fa6c9-0298-3046-b10a-1a09f648d4a6,武士,武士
c1606d45-f80c-8a43-1697-82783e022621,凡事,凡事
c1692f9d-0b50-4223-8a3c-1ce52a3c94f2,怀着,懷着
c16b6ff3-3774-4ca1-a221-f947f3ae54c6,灾区,災區
c16f19e5-30c1-48fa-9ca5-59fbc7bca624,产,產
c1746a7a-0fbb-49a3-9c95-86a3abb38cbc,者,者
c179c42f-eb7c-e8a0-39ac-6c1350e78047,购置,購置
c17d08f2-04bb-4d24-99fb-56819d524384,引进,引進
c181c2f8-9b59-ef0b-3f06-762b8e7aeaf4,导致,導致
c18658ff-e159-f251-5f99-4e5188bdcfe2,游荡,遊蕩
c1876048-89ac-1803-d92d-269ef943b940,击,擊
c1880890-09dd-4a6a-a21c-45d5fb56162f,普通人,普通人
c18ae294-5f44-2c37-1f50-c7106d5a477d,摸,摸
c18d2435-ded9-3236-4956-6fe096ab0257,埂,埂
c1920504-31b9-4a29-8e57-148d58f80a63,小时候,小時候
c19702c4-46d0-c22c-bf05-3adc227d6dd9,卖淫,賣淫
c1a0a4af-772a-47ba-838b-b9cea58bbdf5,休闲,休閒
c1a5384c-61ed-47ea-92dc-40023ad67d0d,地理,地理
c1bee91f-5a7e-4e2a-8b8d-ccdd047be68f,文艺,文藝
c1c90386-b645-1165-5877-1815ddf5f2c6,向下,向下
c1d050f6-22ad-8c5a-3096-7ec299b485a0,随便,隨便
c1d22c1b-879c-4156-bad5-db849ac9e5ca,舆论,輿論
c1dd2bf0-8360-5c55-09fc-505ba6f8b1f6,不当,不當
c1de7be6-bebe-a46c-9537-99196fc17c29,江南,江南
c1e24da2-1fa7-49b7-8c58-116d7fcd88a0,毒,毒
c1e65e2d-ba11-459a-a6da-b25f4b917858,解剖,解剖
c1e8a116-83e9-4ba8-bd68-3d9063ccdf4a,没事儿,沒事兒
c1f31947-673e-a360-c49a-c81e7de29001,咪话,咪話
c1f3372f-3f7b-44b7-8a6b-75f044d3c192,恶性,惡性
c1f3f3f3-9f5b-49f2-a8ae-5fef08ac10b8,向上,向上
c1f647a2-e610-a9b4-ffa4-8327fde34edc,新产品,新產品
c1f8e765-44e6-600e-7611-c9e53094d3a8,新婚,新婚
c1fb8997-85d1-43bc-adfa-e5a8fc90ab41,气球,氣球
c203c33a-009e-44db-138f-b06f1e31fbea,裸体,裸體
c20ea9d5-4657-4a09-9241-9e15fe8da81f,值钱,值錢
c20edcae-c74b-4d21-960e-44301f2dfdbe,可乐,可樂
c216afa5-af93-ee0d-2f7b-57c0c3532179,打机,打機
c2173606-e6d8-4342-bf16-6aa6c3e6b8d7,以来,以來
c2175d85-e5d9-4f95-8016-d9c2cb50c49b,抱怨,抱怨
c2199809-693f-09b4-0b8e-cfd2362e3269,这么,這麼
c21adc1b-45ea-0c11-6232-9819ca052fdc,收盘,收盤
c21fc37a-02ec-56e6-bdf1-8eefbd401ec1,帝,帝
c2265bc6-fca7-42d0-b96c-c809ab49966d,镇静,鎮靜
c226e989-cc0b-2a57-d4ae-0c60d536cd6e,漠,漠
c22b576f-7391-4a34-ad6e-ab3ecb7bef3a,酒,酒
c22c9c5a-510d-4afa-8717-82c4fa8f565e,难度,難度
c22e7b1a-8b58-48cd-9404-c46ff3a9afad,体面,體面
c22fb026-9069-40de-ad7c-7aa2c1ada101,落下,落下
c230cf5a-593d-4809-bd0e-11d57a090abd,丧生,喪生
c232eeb6-345b-4ab2-bdac-45b6b58a4654,出版社,出版社
c23643e3-87ed-4b6a-a64a-2b4170c35a02,商标,商標
c23a9682-2e42-0efb-fde4-2a853c5fea02,失惊无神,失驚無神
c23fc012-5575-41ac-b569-e29e04aa68ac,日记,日記
c2425ee5-23c1-62ab-cf8f-df59b20aaabf,蛋,蛋
c2449c65-8acd-2cf7-996d-22e675e4858f,赎金,贖金
c2455f97-1201-4703-b408-bea84293f5c7,沙龙,沙龍
c246f9f6-0994-9a37-4833-c6a1348bcf51,对头,對頭
c24b99c8-95c6-3b50-efcb-3a8c0c79e7a0,谨,謹
c25243d2-91f2-4bf6-a407-8e6ebf8b511d,就座,就座
c253c555-ed6d-4b4b-b8c0-6ed8bac03183,人们,人們
c25769ca-f357-4c17-a165-0827323f3c83,野兽,野獸
c258c5f3-474a-e7da-bbe3-c5f0feaf71fc,庸,庸
c25906ae-cc10-468b-8fa2-86d7d67096ec,慢,慢
c25ef087-4dfd-7d9c-7d43-58154b6a0ed2,总值,總值
c2654f1f-fb1b-47fd-93e9-c785f8533f67,逗,逗
c26b9f20-c2c7-40ce-b694-e723b9ea0d0f,辐射,輻射
c270aee3-852b-59e8-4542-5b7b2e1b4590,般,般
c27894db-eaa5-4381-ae0a-c28114021e93,递给,遞給
c27db520-6be7-5ab0-f954-58ecad23236a,好球,好球
c28d4feb-27c3-d89f-9170-c89f78018d9b,通胀,通脹
c28e3541-973e-4525-abd4-79948afedb2d,巴士,巴士
c291a781-041c-7bce-8ead-c79326b5e862,小伙,小伙
c29f482e-1d8b-4d5c-8be9-d2176596e0b6,完成,完成
c29fb307-bfa0-3eeb-8bc4-fd80a3c5946d,棕,棕
c2a591da-4210-7296-094f-afc778acceec,窍,竅
c2a70132-ac9f-48fb-9af1-f3ecc2232f4f,站立,站立
c2a925d8-220b-5997-2f73-861d567bca8d,个头,個頭
c2aa6779-ca57-46e8-b21b-fb5649ea2657,不妨,不妨
c2b00f6e-6674-4eab-8e9e-cf7a5051537d,风餐露宿,風餐露宿
c2bc8263-e53b-4195-a2a5-5831cb816957,订婚,訂婚
c2c66e05-ee43-42d3-9522-74870c054cf6,锈,鏽
c2ca6552-e9f5-4ce5-a162-3d93bc2693f2,围巾,圍巾
c2d418f5-438b-3931-cc2f-3ca42dce964a,摩,摩
c2d7c69a-f944-446f-abff-7d058073411d,领养,領養
c2dace28-df39-484e-b4c9-a05e439b9333,已,已
c2daf2cb-741a-6c08-7fa1-888c9eb29182,芯,芯
c2db0a69-7bd7-4ce3-82a3-827db94a7e53,队伍,隊伍
c2dc6a3a-9f19-467e-af61-9d24471d9f72,印,印
c2dc87f9-3212-1a5c-a82f-8ccd769acd6a,暴动,暴動
c2e17303-4c7a-457c-b390-d5838f3ea9b8,主要,主要
c2e63ac9-3a27-2bf8-462b-506a29b719fa,萨,薩
c2e83340-ba23-5907-d3fa-37d9a2ae38da,姨,姨
c2e9587d-adaa-4c62-a1e1-3487b9c9c58c,胆小鬼,膽小鬼
c2f3319d-e03e-4616-a730-c20c93a3fbd3,来不及,來不及
c2f53b5a-01f9-4285-abb6-0644089e732f,秩序,秩序
c2f7d647-b475-4321-8ef6-54ddc2ca19c3,宽松,寬鬆
c2fe7eee-8b0f-df2e-d835-e266de4bcab2,母语,母語
c2ff3eac-0ee4-331a-5413-01d4a1a2f10d,阿头,阿頭
c3002afa-6661-4422-ba51-e64972a91436,传说,傳説
c307088b-ae61-418e-aeb4-543d81f94993,航天员,航天員
c3073e5e-5b56-79c5-e099-50581ed7486e,囊,囊
c3180f66-7543-44d3-88b0-ab628c2a3b2b,粉碎,粉碎
c31f5093-181a-4e9e-ac80-a44a5e257206,平静,平靜
c326a9bb-3a8a-b96c-946c-2f057055303b,翘,翹
c326ebb9-24c4-47a5-b536-baea216cad5d,诗人,詩人
c33a68c2-cb1b-40cb-8165-9c302155d421,应该,應該
c33dec9e-cd9d-4ce7-bbc4-503d2ce17a82,加上,加上
c343a11d-d3f2-c4f1-765b-4f456c513574,宾,賓
c346e2b0-e7f2-fcc4-3118-a58134afb7b4,考上,考上
c347f037-3720-4835-b559-b3e2b9815316,树木,樹木
c34bfe49-36b6-1c3b-64fc-84392a745049,娇,嬌
c34c68b1-4477-deff-6eff-f0ff96c73887,书面语,書面語
c34dca74-96a0-0f0e-4a86-a2782bf9fa3f,臣,臣
c34e8866-a913-49db-b005-9359cec24ecc,笼罩,籠罩
c35cd7d2-b1d1-c992-c637-7dfcc64b4021,迷你,迷你
c361c87f-dd54-4a70-9eaf-3ad7e6943361,鞋,鞋
c3639bea-1463-4ba4-ad25-c6d9e00355e5,用心,用心
c3662ba2-4b77-6304-4a74-59c53bce6bf7,政务,政務
c3666f3e-89fe-e3a7-ec9f-520eb743d40e,脚趾,腳趾
c367b8c9-776d-d365-dceb-8f141883b049,可卡因,可卡因
c36a1606-1231-176c-5358-0a21d02de3dd,偷窃,偷竊
c36c63b8-82b6-49c7-bc8d-3598365262bd,蜜蜂,蜜蜂
c37b180a-6cb1-4c85-b098-012c38b47621,弱点,弱點
c3829dfc-dbe4-e7d3-e822-d71176beb345,无谓,無謂
c38477f2-a549-1dcc-b56c-429093d31913,死因,死因
c3852253-b77c-4bda-8ea1-f5f7e268feae,表,表
c386c1ce-e58d-4b3e-a276-3f33559dc28b,影片,影片
c3887513-8278-4656-814b-0682d69c4802,推理,推理
c39ccc51-011a-b70f-4e8f-d62e446ec161,两翼,兩翼
c39d595a-2fc9-4dd7-b01b-5dfbfe2ac315,葱,葱
c39e805c-362c-053c-f1d7-ab42e83c9a40,白云,白雲
c3a66045-1c94-48a2-d991-53d4859f66e2,犹太,猶太
c3bb1789-9488-a20c-cb1c-e3c1b29261a9,传球,傳球
c3bb505b-6883-121f-bdf1-dda5e0e07160,被窝,被窩
c3bb872d-b7df-40bf-a9eb-155519413496,钩,鈎
c3be2560-a66b-0201-1503-42aaea7c45ba,打飞机,打飛機
c3cb4e7f-e06b-47f5-a1b0-478346325339,暴躁,暴躁
c3cb8e1c-35a9-43e5-9057-8e441c4d7d6e,救护车,救護車
c3dab4d9-ecd6-4d9a-b771-e319aa0e441d,喊,喊
c3e0f4da-fb1c-b6fb-dc7c-d9532394a577,细佬,細佬
c3e2b7f9-7802-cee4-6422-e8d36d476f5f,做咩,做咩
c3e94c07-bde2-41ac-0600-cc758524f19a,不到,不到
c3ea54ed-a30c-46ad-9920-d2fe903193d9,差额,差額
c3f348ee-149e-e8ee-7478-8b2770b73c27,应有,應有
c3f8a3cb-053a-1458-21a1-1fd04adc377c,流动性,流動性
c3fa2a12-0cea-4d32-9488-8f63170735ac,顽强,頑強
c3fa7e09-899f-44c3-affb-4a63b9148560,撤退,撤退
c3fc7a0f-2e3e-4733-bd2b-fc5630788893,一起,一起
c3fcc7d6-0e92-77db-0021-34b9039ecd3f,昏倒,昏倒
c3fd9360-1324-843e-1791-22872f1613ae,便士,便士
c4015e05-31f4-ef07-0f9d-11520bd95f7a,表演,表演
c4079a9d-38ee-b4a8-4b76-69f04b7f50d3,装作,裝作
c40bdbb2-5e3e-cab0-4141-903173adfc18,花招,花招
c40e8f42-cf93-4e6d-b34a-b61e1bd5b217,困,困
c4125336-c326-424a-8e2f-fc3d7a59020f,归还,歸還
c413a87e-9a43-c92e-682e-d1892c2590e0,纲,綱
c41d2dc4-3f6c-48ec-b91f-c9f19e151587,冰,冰
c42dfd0c-8368-4e56-85e8-2bc8710f47ea,解答,解答
c42f8a59-4e4d-5716-8f19-0a79bb6f790b,面板,面板
c430b889-5e65-7805-8020-e728b8a308a5,狠狠,狠狠
c4317358-215d-02e2-bb92-786c1e7af4ca,车,車
c431f238-d8d2-4099-8307-826004b4fe98,眼镜,眼鏡
c43901d5-98eb-fef9-bc54-cef86d7f8867,雪糕,雪糕
c439c390-7987-4e99-a99a-f63fd433d8e9,震撼,震撼
c44d9726-3935-4c9d-bb75-8266e556147f,虚伪,虛偽
c459b3c2-3495-4392-99ba-77c6ccf425d9,和尚,和尚
c45a4b61-d276-45b6-f68f-71f58e213fdc,拜,拜
c46f911a-03d7-dcea-b70c-cda116b8af95,提要,提要
c47262e3-d189-4fb1-98d5-73b5dc084367,含,含
c47366c5-5b7a-4edc-8d9e-f7d5908c1e8a,票房,票房
c476c46f-8355-1ee8-1dd4-ccbd96693011,只是,只是
c4777434-0e35-c7d2-5320-2f0d6de5bb49,搞掂,搞掂
c477a54f-30ae-4a7d-bf49-a8b3ef119f06,刑法,刑法
c478aa92-3178-4b25-9212-6b81011d4a2d,治,治
c478e357-f26f-45ea-aedd-c9a3a7416ec3,消费,消費
c4798812-eac7-c4de-58e9-09bb364fab41,上路,上路
c47afe09-1af2-3910-1a4a-66cc43d88e75,芒果,芒果
c47d3f64-6d3d-44d1-97ba-8447e300eca1,谎言,謊言
c47dff75-d28e-4b40-b6ed-8fd16349935c,无须,無須
c489176c-f00c-7c09-8ad9-60a1b9fa5514,局,局
c48cbe3a-7f3b-4e66-801d-47b697125840,捣乱,搗亂
c48cce40-3906-8c10-6387-e613d2db0580,烟雾,煙霧
c4947ffc-5f4f-4ddc-b3f5-07640ee10115,前夕,前夕
c498e5fd-31f4-8324-5bdf-651d898ed50e,川,川
c49d69e1-5dc9-fac1-736f-ba34b08fc96e,抽水,抽水
c4a5eef8-c0c7-77d2-40bc-4129a7a3ae06,佬,佬
c4a7c774-981f-4251-ae3c-288ea9f03b74,黑夜,黑夜
c4a9f957-2830-50b9-5b78-1b29c695d243,男孩,男孩
c4aa36c9-7c72-43e6-a67a-a537a90e2599,好事,好事
c4ab628b-802e-dc56-6988-25cc515e7238,诺基亚,諾基亞
c4aeb081-d6c1-fb13-54a0-ec58ffe939e4,加埋,加埋
c4b19eec-79a4-402d-b20d-7fc6606297f1,资产,資產
c4b20f1f-5df8-215b-4e05-1f108e8844c8,独一无二,獨一無二
c4b2cdc4-b113-98fb-6344-f75293250897,深刻,深刻
c4b96602-1d6a-62fe-5eb0-37d810e0c943,不能,不能
c4b9de37-f62f-72bb-320c-f78de8cd9a3c,万物,萬物
c4bd753b-3508-4e67-beeb-0de7375a296e,盒子,盒子
c4bead99-9432-4809-bc07-8edd02043adb,低于,低於
c4bf52f8-bbf2-4c19-9aec-bdd30c70d34c,各个,各個
c4c00fcc-d385-4c94-968e-2c5c649c34ea,位子,位子
c4c69e4b-71b6-d5ca-d1f9-61bb1ca84415,血浆,血漿
c4c92bbc-6dde-48b5-904b-6b5f5a483971,客流,客流
c4cc0b28-dc1e-3443-0b3f-66ce152a9732,一块,一塊
c4cc4de5-3ae6-4d91-a442-1ae5b8f09fdf,浓郁,濃郁
c4d57e81-22c8-4f1c-a27a-681c1f790afe,办公室,辦公室
c4de4fb4-bc7f-414e-74ee-d316cd3a253b,书面,書面
c4e1a144-ec70-44e3-8160-ce21e03b3ce4,待遇,待遇
c4e3ccc7-222b-44be-b967-164a07aa7e27,面对,面對
c4e8773f-8e8f-46ce-8bea-207177782842,才华,才華
c4f96b06-0ee5-b301-4cb2-afaf1feae06a,怪事,怪事
c4fb744b-6ef3-1086-1c56-e75d262a8006,杰作,傑作
c501f88b-1768-817f-e976-36d34cffa2f3,黑,黑
c5030fe2-02f7-1538-ad56-e49505f0bca7,轻而易举,輕而易舉
c50414c8-108e-1ace-70eb-404f963a5fb4,每周,每週
c50895ca-5a35-f8b9-e8ae-dc9f9b29f659,饺,餃
c50af1b8-ad5c-4188-a2a6-2b63c8297fe2,农业,農業
c50dc356-449b-42aa-a451-113caec4a330,网站,網站
c50e6cfc-dd27-4e27-b4b5-51e0fb271af9,家属,家屬
c50f0072-edc6-409c-9127-d0ec1cfcfd91,前所未有,前所未有
c5160a92-efd0-7fe1-9829-ac785826b188,处决,處決
c51a13c7-e6a3-01dd-efe6-af9a755ee5bc,纤,纖
c51b81be-3179-32d7-447f-bb1718cb8619,精液,精液
c5210c2d-17b9-992d-968d-d68721e7d2f5,面书,面書
c52c9f8c-0fcf-b0c3-19bd-f7aab7935314,老天爷,老天爺
c530665d-3765-ba65-45e9-d360c04d1871,序列,序列
c53205f4-ccab-feac-393f-eeaa5f5e379b,饰品,飾品
c53fae23-89a2-f0b1-ff78-5b047a160128,日文,日文
c54091c5-cd65-4c9c-af3a-d197eeac5b59,员,員
c542df11-dcd2-57f9-8e36-35c291454060,新建,新建
c543f6d7-0fe1-4b47-b58e-91070ff09406,理想,理想
c54485e2-8814-4b59-b6fd-34cfc8a12115,分手,分手
c54b008e-2f60-f8ce-e160-39b255bbd57b,这个,這個
c54cc76b-d223-0b20-e63b-d1154af406ab,迭,迭
c54e33a4-e8ce-f2ac-54d7-955ebdc89dcd,复活节,復活節
c5507140-e33b-43b1-8832-5d044b2453fe,夫人,夫人
c552e76e-c58b-488d-ab59-eae528118406,后勤,後勤
c569eeb1-00a3-41d7-a4f6-5c29444bf59b,代言人,代言人
c57b0486-dc52-a37f-9a59-c46ecefe93d4,佩,佩
c581dca1-d387-0812-f544-7d145c42e2ae,法案,法案
c5853659-5587-4949-b30b-e48bedfe451e,梯子,梯子
c58e8110-915d-a1ee-8c1f-cd1d6f2393a0,虫,蟲
c5963f35-478e-55cf-1d37-f815d4bd2d88,贡,貢
c59aa56e-fe3c-4b7d-901d-fe0389ef7854,支付,支付
c59c7751-2d09-059e-c333-65dc044c2b83,叫醒,叫醒
c5a897e4-e837-4b42-9f42-474cd2a36862,密封,密封
c5aba3cd-f4ea-4408-a7a2-e526ad49b027,统计,統計
c5ad5f09-ebd9-412e-2724-799077248f96,袍,袍
c5ada228-ebab-45cc-a468-c66bdb4e56ac,仇恨,仇恨
c5b19fd1-ce53-4f63-9120-ce14096d348f,癌,癌
c5b3a598-4fd7-91ac-4dce-635bc964aa12,猪肉,豬肉
c5b5444a-8d90-451e-a6c1-b06c3e055a0d,促销,促銷
c5b5a4cd-e56e-7444-7401-78575067d9b6,柄,柄
c5b8d1ca-4b2f-5992-1ccd-6df1d9c72fe7,画像,畫像
c5bd3ecf-0e05-6440-f079-3c8d46d48a55,北大,北大
c5c90f00-8062-404a-918c-60c29b74b748,不断,不斷
c5cc0b2a-3a38-8a8a-7a6e-597897a540b9,亚历山大,亞歷山大
c5cce6e8-4d5c-4560-a730-10e72711703a,颠倒,顛倒
c5d083cd-6e8a-413e-9711-2f40e3ae0d60,震惊,震驚
c5d74073-0a34-4797-956e-1483d340a283,增进,增進
c5d976b5-78c9-448f-be49-4f7c5909479e,图书馆,圖書館
c5dd5246-845f-45a7-8132-d2ffd42b8d78,雾,霧
c5ed3bb7-537d-4a1f-8c4c-f7fcec59db6c,清单,清單
c5fbc066-0d60-4eda-a6f7-750c94858bea,应当,應當
c6013313-ddc3-4e0c-89b2-931a48c812ab,丈夫,丈夫
c604dd6b-d97a-4e7e-ae2a-6628f217e651,起到,起到
c611a4ed-cfb4-4c49-afc1-ea41a8f757ea,十几,十幾
c615cc60-6288-c633-6ca8-09670e8abf6d,分公司,分公司
c6190efe-4c0e-416c-a4ee-8dca005524b0,允许,允許
c61d2e21-1ceb-844f-cd69-d1131a9a8b4e,载,載
c628f09f-cfb8-75a4-0fc2-ac4a6d6db41e,玛丽,瑪麗
c62b0731-cb0a-11c9-6515-fd9c9315be27,滨,濱
c62ddb46-6176-46dc-c85d-499db421aed3,关键词,關鍵詞
c62f4831-335d-411a-8ba0-0edc69731beb,不宜,不宜
c63a7230-ebfa-d280-bcd9-45842b7b4329,圣诞树,聖誕樹
c64a380e-1b58-4138-b1fb-a39f15f91633,干杯,乾杯
c64bc6f5-1576-fdc0-7ae5-713abfde2d72,乙醇,乙醇
c64d48d9-2361-492c-9bbc-dbd46b3c9b12,失明,失明
c65349ad-9f2d-45c6-8fd0-6dc5c18f28c4,一头,一頭
c65de6ad-6bb1-213b-3022-e142050d3363,核算,核算
c65e6aca-ae38-415c-8497-5b1e48088bdd,多半,多半
c6649a82-d94d-8765-8038-2c718e3eeda9,安保,安保
c66c3098-6b59-42bd-ee81-f9fe80331b92,学生,學生
c66c5469-8f0d-8315-99b0-2529a1e38b52,左撇子,左撇子
c66f2876-9815-0cbb-996c-adbd8c55b6bd,耶鲁,耶魯
c6742e2d-9d3a-6844-d7b2-b52bf6ff1019,好食,好食
c687af55-bd4d-4753-9026-27501b299b6f,重量,重量
c689a61a-2e33-5849-9783-ff0aedd03efb,无处,無處
c68c46b4-22a9-b573-0d36-b007bd5f02df,定点,定點
c68ed027-ed43-4f1a-c985-c8fd5d2269fa,向后,向後
c69561f6-609d-fa72-04d3-c47af032f7fb,逐,逐
c6961da2-84fb-4e44-8adc-f111a7b585cb,保存,保存
c69bf150-ad1a-1bb1-d473-33ec03c5cc7d,即兴,即興
c6a046e1-e925-dfe1-47b7-585d8be00200,下流,下流
c6a07615-7839-48c8-98ab-d70bf7f035a9,倡导,倡導
c6a9ac38-c9f8-4923-b643-78fdb6ce28e0,公告,公告
c6ac7013-b551-2143-9fee-1297007b1ee2,咀,咀
c6ac7ce7-0c40-4613-9315-0afe528ad646,休假,休假
c6ad40a7-2b72-0f51-464d-8caefa3455c1,平日,平日
c6b59e36-3551-4127-84d9-f32f78e477ff,着眼于,着眼於
c6b99284-2064-4b6a-b60c-2654d38dab2f,早期,早期
c6c460b5-2534-2660-e6d2-aea3f0063ce1,亚瑟,亞瑟
c6c8e8c9-f88d-4b74-8510-67bd67695eed,追,追
c6c915a4-ad2e-44a6-bf4f-f2d8ca5d7c8c,旧,舊
c6c96d17-b551-4a1c-8c6f-c3054fdcd007,外观,外觀
c6cacd31-9f0a-4bc5-9ebf-d727285db859,鼠,鼠
c6cd6f76-55cf-4d4e-bce9-d6880bdcc725,外科,外科
c6ce298e-8bb0-1b1f-14d2-f611f6e870e5,离谱,離譜
c6d07776-32a5-b385-7673-52ed058b84df,老太婆,老太婆
c6d23fcc-7bd4-7f86-153d-1cb0d65e0cdd,怪兽,怪獸
c6d29912-2d56-4d65-aa0a-6065b856a63f,据悉,據悉
c6d4c28d-8eed-40a2-86c0-92a2c017612f,有意思,有意思
c6d5bcfc-ca13-4165-bd5b-89ac7fb746f2,笑容,笑容
c6d7f304-f67b-4fa1-ae85-1fefe608fbc1,扩展,擴展
c6dde121-2df1-430b-83e4-a435071c39f7,冻结,凍結
c6e34758-2a9c-0f35-a065-51defd1bb4f5,好彩,好彩
c6f06c70-3465-34b1-31f4-e1d8e5573947,丹佛,丹佛
c6f38149-8ce9-c223-6800-80b1b7d84959,落去,落去
c6f433c6-97a5-46db-a8dd-6618adce11d1,账户,賬户
c6f8cc03-5549-0168-0322-df6e9599623e,文化大革命,文化大革命
c6f98991-25ac-4fcc-ac77-a7138f32a8a2,命令,命令
c6fb1fdc-44b9-40ed-9465-7c7a6e04eee7,接替,接替
c6fd5297-5ae7-4aac-b782-bb0bb0a8eb02,声称,聲稱
c6fd914d-5fc4-2a19-1f03-5fe56b78916e,滚开,滾開
c702abb0-cc4d-9b0e-820b-72104eb83c36,制药,製藥
c7077897-79cd-146e-4cbb-fb5b53eea2d4,国家队,國家隊
c70b69cb-36e0-1609-cd05-798f509140f4,抢购,搶購
c70c4de3-aad9-45c3-9511-0e844383b31b,特色,特色
c70e3af0-f522-29ee-ece6-73daa911db73,物,物
c70ec89b-9a7e-e721-2a51-271763bbb930,魁,魁
c7109d6a-9696-4fcc-8858-2c2c915e8af6,题目,題目
c710e570-b2d8-4c98-ca2f-025cc1980053,恼,惱
c7142139-c906-4d2f-bc8d-928bff4271f5,熟,熟
c71afadc-f6c4-6cd3-09f0-f8647fc0ce79,人心,人心
c71f039a-9cd1-46b9-b42f-cb579a951f8c,本意,本意
c72383cc-c777-47ca-9e1d-9c92a36178a3,耳光,耳光
c7255c9e-09c2-49c6-aeea-ef236d576217,食物,食物
c72686c3-8184-b930-9834-be6660b5a8d2,晨报,晨報
c7273a7b-098b-4d06-925e-700fce363d1f,表白,表白
c728a336-81e7-4420-99a7-f07fe01059f2,瞎,瞎
c72b2b56-7358-8586-f524-cdb008262529,兜风,兜風
c72e5fe7-a177-4845-826f-834aa5e2d2b9,承包,承包
c735d448-3ab4-4d78-ba54-0defa60515b8,迟到,遲到
c73f54b2-50ad-4f44-b5f4-f421ca109e72,动物园,動物園
c7439106-7b51-4178-81dc-15bbf51ec778,反而,反而
c7495908-8820-4f83-bd72-0023b327e58a,卧,卧
c74cecb7-787a-4983-b9ec-91c38ff5b909,汽油,汽油
c75226ee-4a4f-86d5-4c4a-0e1772e8cd60,入院,入院
c755592a-db06-cc21-3fa9-c4924303ff7e,研究员,研究員
c768d9fe-cc36-d3f0-6242-41a4d48b18b3,会考,會考
c76a66ca-5bd7-a253-d61f-795898cd6529,帅气,帥氣
c76b2ad6-4dc0-2118-541d-aa813fbf0da1,强有力,強有力
c76ffc9c-31a0-4975-85ef-dc1f6e6d779c,无关紧要,無關緊要
c774579c-bf41-4bae-84ce-3b7fd80101e3,相反,相反
c7756745-7224-490c-9e92-3d4e6eb3bd04,忽然,忽然
c77beb3a-83a2-4186-b30f-4cbb74dca2dd,看起来,看起來
c77c88f2-e024-4210-b2ec-a3f2e3e84a9c,极度,極度
c78ce8a4-9142-0b0e-4219-a15e9917cd08,几好,幾好
c78f6c60-d591-b0ae-f996-ce38ca4560c9,咪,咪
c790cbab-66e9-42bb-a170-f58a814528a1,虚弱,虛弱
c7932ade-b76b-4789-a32d-bab25ff84c5a,芝士,芝士
c795be78-ae71-4d14-b292-15fe358c73f9,田,田
c795dce6-3eea-4803-96b1-b6290247627e,分别,分別
c796ffac-2248-0aaa-f3f6-e8784a769fac,出乎意料,出乎意料
c79b9925-5e30-4367-95e9-a49c380e77af,畔,畔
c7a37f1b-c5aa-f860-0108-f030b2e6cdc6,瑞典,瑞典
c7a70f2c-fa70-d9cc-0e8e-0e6d86faced1,孔子,孔子
c7ac4ac5-c1df-4aa4-8a65-d1044de5789b,大使馆,大使館
c7acd8a6-0933-0ff8-e3c2-f7fdcb20ec1a,甚至乎,甚至乎
c7ae1bb2-32d0-9139-3cc9-baebea415bf7,位,位
c7b948e7-9da1-fd64-de36-6dcd3d79688f,希尔,希爾
c7bc2c91-8167-4a82-a6e7-15cf037174be,团队,團隊
c7c8a2f9-b51d-46d3-874b-a4c2e19e9dee,权威,權威
c7ca6fee-836f-9641-3eff-966681431e59,酋长,酋長
c7d0f678-9c7b-4b40-a4eb-d818999ab44d,创新,創新
c7d64642-75c3-4481-8c7b-ade5e7476c78,和蔼,和藹
c7d8bf11-103d-4fd1-922a-9f156d9f0a1d,拖鞋,拖鞋
c7dc796b-f3c9-4b2e-afc6-ca3bc2308923,评审,評審
c7df3f83-c79d-4812-af4a-a6f8874fa307,集合,集合
c7e1855d-e18a-a576-040e-c1d9bc309439,凭空,憑空
c7e1b370-f74f-4034-bf76-272de35878c9,户外,户外
c7e2201a-4605-c696-7789-ce16477f7364,画廊,畫廊
c7e7bd42-c79c-4a58-9452-fa0a36f3b3d3,心得,心得
c7e988fc-4014-4da5-a4fa-7d9ce53f228a,爵士,爵士
c7eae7dd-c74c-4dd1-b923-2f9594f5028c,献,獻
c7ed723c-eef0-451d-a13e-7699c266c3be,节约,節約
c7f42e14-5240-25c8-b1e7-86c1a83dbeee,德州,德州
c80014de-1ef8-46cd-a161-da1bd547d9bc,优势,優勢
c8006555-8b56-0064-bf66-1be69f86e286,各种各样,各種各樣
c804d32d-d49e-134d-a214-260064606013,曹操,曹操
c804e944-60c2-8b22-c4ad-57a270387f4c,感恩,感恩
c805b9cc-6533-44f4-8ba9-817a3368bb32,质地,質地
c8147e02-8b69-49b1-86e6-3e0f2578e896,销,銷
c8166a68-c211-f567-bd61-77ddc9fa5d76,说笑,説笑
c81a57d8-82a1-4bc0-9693-db3e238a0c75,看到,看到
c81b0211-605a-5cee-7690-468070db6646,亚特兰大,亞特蘭大
c81b7476-56cf-f284-83c7-288e67e72ae0,胆敢,膽敢
c81d4779-a9ef-1d75-36dc-526419a4fae7,呃,呃
c826d81a-20b3-4e9a-806b-3671cf4a567c,罚,罰
c827fea3-7c85-e70f-f160-b9ab138dab7d,得主,得主
c830f719-0b61-4dbd-a7f9-845b5c74d9b0,远处,遠處
c83118e4-cefc-3ab3-932b-23d1fdd5d874,转入,轉入
c8317c04-7259-4e6c-84a1-36cd8e92cee0,越来越,越來越
c8320715-5c21-4383-8d2b-42c4b8b1295e,游戏,遊戲
c835cf76-6163-4b3a-be8f-d46c2f16ad6f,出院,出院
c8364600-2186-4fa9-b8ee-4ac2ada4eaab,适合,適合
c83a0242-cfb2-4590-8ac4-574e2ebe37c1,保留,保留
c83b0e91-359e-4807-bd39-f070a75be64e,杯子,杯子
c8473ab3-3455-d5ba-8749-8a407dd000bd,安理会,安理會
c84921d0-88ff-6e68-5291-55dfba18f3b6,康,康
c84bae67-730e-c2ed-675c-fd4fd9740cde,府,府
c85438b1-7f74-ee36-f33d-be4ecf7768c8,花钱,花錢
c8565d8f-4481-f85c-c881-f81e61fed8a4,屙,屙
c85db9ed-8621-401c-a030-ed485f9e685e,甚至,甚至
c85e50e5-97e0-48e2-bd79-49397b537e1d,公认,公認
c865499a-873e-b8cd-3ffa-7653975c4695,外商,外商
c86628f4-a3fa-4f25-bcb6-645800016036,偏见,偏見
c86afd02-5939-4e80-a3e7-eb26af338d1f,搬,搬
c8715001-ae71-4223-aafd-02e4553dcd3c,用处,用處
c875be51-972c-4de2-a8e0-1d1f8e98c936,设施,設施
c8802523-1b5b-4d4e-adb9-e1295ebc3e08,明年,明年
c880ace4-84e3-9832-97ce-b08519644552,为甚么,為甚麼
c881067f-624b-9e85-a6c4-067113b565a0,夜晚,夜晚
c8828ef5-50b2-47b9-ae46-010e91a808c6,为了,為了
c8868842-d34e-4d1c-82ba-ff2d6db2a31a,街,街
c889c212-6baf-4a86-b610-7540196ab0d8,祖先,祖先
c88a22ff-af78-2913-7e55-b0d0c6054994,骑士,騎士
c88ab9de-125f-44fd-964a-1d672bba5349,停车场,停車場
c891ff78-983c-d575-4cea-16c6fb68ee2c,泛,泛
c89d78a3-864a-4679-9906-ffaf4a7674a1,吻合,吻合
c8a17004-0a7d-cc23-9f51-497cd805f100,就话,就話
c8ac74b5-96ff-0dd9-3ecf-838b609d8dd0,吸食,吸食
c8ae7836-8da4-cef8-53c6-664df864183b,义工,義工
c8afd328-b9b7-6670-0434-c21234180f59,骄傲,驕傲
c8b1ca63-9252-479c-8b08-218d7d636dce,相对,相對
c8b3485f-9ba5-47d9-b4af-3a72409e6ac7,交头接耳,交頭接耳
c8b74b24-140c-4de0-9cc1-07643f0f6831,破,破
c8b85b0e-0303-4ac4-b607-e9cbd08a7395,鼠标,鼠標
c8b935e4-fe44-4919-b85f-736b0a2f8701,边缘,邊緣
c8c5ed6d-a3e4-4433-979e-1b5d8841a86e,一不小心,一不小心
c8dc7f0b-59c2-49c2-87b2-ad5ad06dd474,工作,工作
c8df29d2-ce9a-4dc3-885d-3c3634efc2f3,紧,緊
c8dfae77-a822-4add-b539-9e6586a157a0,祈祷,祈禱
c8e7bb79-ce07-cc00-c53b-1fe1ee46effe,股权,股權
c8ea39be-4b56-4e81-83b2-bbe1b905d09b,情报,情報
c8ec0717-4121-4168-8011-53bf9e902367,香蕉,香蕉
c8ed7f4a-ece9-e794-5a06-ec84aa947d83,抗日战争,抗日戰爭
c8f3163c-ac54-435f-9ae1-c2b7073eda60,无线,無線
c8f3b621-7272-4750-80fc-0a54e4924bd1,药品,藥品
c8f7b87d-781c-4cc6-a3e8-b5f5fa428839,接近,接近
c8fc052f-86e2-4bed-af4e-cabfd0023108,解释,解釋
c8fccaf9-a02c-b8d3-fe38-1949e763953d,飞过,飛過
c906b690-f804-433e-927b-d9deb7ac60cf,惊人,驚人
c90e897c-9aff-4dd0-a8ca-da9c1876960b,背后,背後
c910cf8b-756d-c9a2-0144-b5330fec4711,噉,噉
c9261eda-b2b2-48d0-8361-0c6bf738288f,传媒,傳媒
c92ac21a-7cd2-46b0-b274-e886873608e3,气,氣
c92fe72c-fe4f-e59e-cb89-a511a4ad644f,淋,淋
c92ffb74-3072-4003-b94d-feedf6f0a0ab,奔波,奔波
c9323de8-cc2e-4334-9a7a-e9294bd60cc8,狂,狂
c933a05a-613b-b672-03bd-4259f1d87490,凯瑟琳,凱瑟琳
c9383cd8-85d6-b18b-f9d8-e50284fa2bc6,绑匪,綁匪
c93a7c77-0efc-4e7c-9f4d-a046f2392a2b,收回,收回
c93c9bd6-8ef8-4714-a340-6f44406f1030,兼,兼
c93d47d5-4aba-4ae4-8a0b-1a6627d5b150,免费,免費
c93f9cd5-8e7d-e289-4a2d-860a2c704d6a,次次,次次
c941f7a5-0dab-4775-b313-67d53379f0fe,松,松
c9441b58-bec8-dea9-fabd-d6e1d6cc2d70,币,幣
c9466c2e-ddb4-63bb-15d4-c9c127332edd,瓦斯,瓦斯
c9483844-04f5-49bb-ba44-4ac4ed0a14c4,摇摆,搖擺
c9491fe0-bf58-2662-7e89-b68a7feafd51,置换,置換
c9493223-0779-49b7-98d9-8a1185b6f284,相似,相似
c9502f95-8342-4129-b708-3b0578e9fbcf,飞机,飛機
c951131e-eaf2-cdd9-6508-4d3e203b0f9e,起誓,起誓
c956ad9b-439b-446f-ad52-1099b85f51de,书写,書寫
c9581b04-c06f-40fd-b22d-c6ac35f6526e,舱,艙
c95f7ec9-8030-424b-8470-000e8c548be2,原因,原因
c95faf2e-a384-4772-a672-55d699064c60,新娘,新娘
c96117d8-2b6e-4486-ba75-52ee6624f851,惊慌,驚慌
c9627312-93f6-eac0-09ce-a7ca1385fea7,量,量
c965a70e-9fc3-45c4-b707-fcdc9906016b,说谎,説謊
c96b8ad4-f789-14fb-2c3b-f647b7dd97c6,国有企业,國有企業
c96e6ea7-cb6d-43c9-995e-0c62e57c91d4,果汁,果汁
c96f5cb8-b086-b110-0b15-9a2ce21a507c,七月,七月
c972cbd5-f7b9-8b67-0f6d-2ff0d2fa90ed,机长,機長
c9776ddf-dfe6-b729-de99-2941b7d5eb99,函数,函數
c9778322-a1eb-49e6-b450-f245840b33f4,对抗,對抗
c9783a35-4b6b-4aab-9020-27fab60ffd13,高新技术,高新技術
c97c9b82-6013-464e-93eb-c5e603921742,愿望,願望
c97d2948-1d64-88bb-6df1-6ac7c5ae659a,配额,配額
c97f02b8-3426-482f-86ec-3152a9f07ab6,拥有,擁有
c983505d-2bb3-cc8a-8176-343b3357a4f7,微微,微微
c983833f-cc92-499d-a647-58ef706169c8,无家可归,無家可歸
c987c530-4e8a-4afc-bcf1-fb4b0299666f,假期,假期
c98b107b-dd31-4273-9cfc-975c3b3efe83,焊,焊
c99170e1-b466-4a04-800c-2f943f2c7591,茶,茶
c997a75f-2bf5-cc03-99b8-9d10bfbdea1c,民生,民生
c999a800-6159-4d18-84a6-f527b0e48354,税收,税收
c99f4c00-225a-47ed-8800-e9e6c4a27757,目前,目前
c9a340f0-8dd8-4685-8744-53927cb6c3ee,我们,我們
c9a5ad94-e125-4e5f-900c-45fc1983d92f,昂贵,昂貴
c9a88a43-55f4-0ab1-a719-06c689b03460,中场,中場
c9ac5707-95d9-fd8b-c8f9-0e66c925864e,枕,枕
c9ad9050-5e74-ce9d-c9b5-2310643653fb,铐,銬
c9b01b20-40eb-4438-ba0f-a9660a52362d,差异,差異
c9b224ea-9169-460b-8479-0e8cd0354b9e,合成,合成
c9b67ae3-f3c1-4e38-b8db-85b91d189abf,传出,傳出
c9b7c8ae-29fe-f3d3-8068-179abdb79833,商用,商用
c9b8b173-6745-4624-9832-2661088aebb3,颜色,顏色
c9bd1069-4d64-4423-b8d3-9ef9fed5123f,聊,聊
c9bf76f2-adfc-1ec4-ba3f-c6ba6bd424c6,希,希
c9c2802a-8fcb-054e-e708-bd36edb703ad,心扉,心扉
c9c4e2c3-d7b9-4190-80be-cc7766ae6965,盆,盆
c9c8063a-9886-4f1f-9fba-3d9c6c330e12,懂,懂
c9cd9857-fad2-c4a6-c197-4960844b133e,澡,澡
c9d58e31-75d3-f65b-efbb-df1b42785839,打底,打底
c9df9d84-121b-fbe7-3f6c-191526824acd,财政部,財政部
c9e2804d-bfab-4266-8e65-20f77b660f79,深情,深情
c9e4f904-946f-415a-aa5d-354c6b6809d8,指令,指令
c9e70a7d-41ea-250b-de0e-59887eb567c4,忽然之间,忽然之間
c9ebd60b-8d31-fa47-b4b0-1b1aebab3efa,克,克
c9f6a8fd-e192-747f-0c01-a445aace1704,赞,贊
c9fb3343-aec9-5002-ec77-ec78bdb9321e,宋,宋
ca069209-f686-0fc1-1b9a-578cb0371c62,确,确
ca0e467d-2510-9e7b-b8b6-de0c4bdf6f58,心痛,心痛
ca0f3bba-d049-482e-8f17-503beb8fc1eb,接受,接受
ca158e80-3745-4e0b-a61a-711fcfa45514,粒,粒
ca16fe92-8cbf-306d-8447-b532bc8e13ea,真。,真。
ca194689-5509-af03-cb40-be1a62f35cfb,马克思主义,馬克思主義
ca199969-4060-418e-b65c-64d929cf5697,个案,個案
ca1c6a9a-89c5-4521-a9cb-eedf8c693168,爬,爬
ca1cf3be-189f-9bf4-1d71-cc6c9bda3439,焚,焚
ca22c696-9b66-4b0c-8e91-69bd09550eff,心目,心目
ca22f7bc-ab74-5ad1-8afe-803c52adc3e7,过人,過人
ca2fbd10-2691-87e2-1fd8-2542c53cd430,细声,細聲
ca404f3d-aaa0-4c50-bc86-83b15543a3b7,回归,迴歸
ca4456f0-74aa-b645-299c-19216dc59ca2,哟,喲
ca458d39-3cd1-4ffd-9a2e-d5af97c27fff,决心,決心
ca4d6c92-b875-48cf-adf2-e0a229e9d048,共识,共識
ca537015-c9fd-414f-a2e7-17201175686e,揭,揭
ca57673c-ef06-4c8e-b3a1-5b8b3ecdfe6e,搅,攪
ca5962a0-a420-4985-b016-90a7983eef8b,反应,反應
ca5abb11-3c00-4123-827e-294d78687e94,蘑菇,蘑菇
ca5dd150-5e5b-4d8c-adc0-0dfae2f831f3,名誉,名譽
ca60febd-81f9-dd7e-e14f-463cb28ea3a0,拘,拘
ca6b786a-d09c-4d5d-9ccd-d7b083d53fa7,建筑师,建築師
ca6be68d-1538-54b4-94f5-75ee89f97120,私家,私家
ca77360c-1a9d-45f8-9931-27a8e3c6656c,纤维,纖維
ca78e129-cab6-12e2-466a-b3bf879f8768,巫术,巫術
ca795095-69a6-4a1a-981c-34a247522cd8,书法,書法
ca7cad39-f494-4033-b864-f002732028d8,滴,滴
ca831836-5995-6a24-453f-d54a7cbfcf68,表面,表面
ca852ec2-f4d2-4898-81fa-27fd71602150,结尾,結尾
ca87e852-73fa-b1f0-5ee3-5e6c684b3c27,克莱,克萊
ca8bba04-e9f9-4654-803e-e50372430975,制成,製成
ca8be176-d37e-4ea5-87e8-7b07268a77d0,召唤,召喚
ca920ad6-3129-488f-b329-5a7418e0c523,独家,獨家
ca97892b-dc71-acac-1ac1-ed37a8730057,淋巴细胞,淋巴細胞
ca99fa3b-abc4-5297-920d-9464d5515254,绰,綽
ca9b5f96-67d0-593d-8c83-c35b37177fa8,优于,優於
ca9b9a8c-53c2-8b1f-8279-65b0f6542ec7,幸,幸
caa2a1a7-7c15-49df-baa3-ebab065b68af,哥哥,哥哥
caa67d51-12e6-4a60-b287-cf59a5749423,环,環
caa92634-c95e-435f-a576-9230b82da9fc,开枪,開槍
cab220d1-82ae-4bb5-a6eb-f539a354b190,修正,修正
cab3cb73-cfe2-40bc-971e-28296b0ea648,悲剧,悲劇
cab78511-b0d2-d04e-7918-246a6e48ce2e,精子,精子
cabe99ed-1485-5eb4-7790-25e401e081d3,无权,無權
cabebb2d-32c1-4534-a650-b86a2578d77c,载体,載體
cac21f9c-d48a-92eb-0262-ac665abe5ddc,监护权,監護權
cac379dc-2c38-4670-9718-93607a85ef22,流通,流通
cac9466f-d432-420c-b926-b2b328a7c882,正式,正式
caca677e-d94a-496d-9dff-613964c14a52,建成,建成
cad15f7f-0790-4fe5-be78-96800e3ebd1a,风风雨雨,風風雨雨
cad2a56b-06df-42a4-9d6d-226d92fe1961,一齐,一齊
cad50d77-8408-7cfd-254e-818e8c547795,水产,水產
cad6b95b-d567-e2f4-c484-23022d6a7146,马克,馬克
cadb504e-bcd3-f6aa-f424-a8ae77ba238a,启,啟
cadda9e3-a58e-2edc-670a-66698004db40,牛,牛
cae3fb54-9efc-8b01-0c4b-35702031d44b,马子,馬子
cae988a9-f691-453b-b048-2aa8950106c6,亏,虧
caeb04d5-4ef6-3b7a-8c40-6e6c6ab2a2d5,俱,俱
caf21b0b-5097-4628-9c58-bd86b454a6c4,恰好,恰好
caf51ad8-74ba-6c53-1005-3ea496ab96a7,褐色,褐色
caf8212b-0c20-2f7a-b4ba-cd975b74d7ca,蒋,蔣
cafe133f-4d52-6b90-3775-8aa542c187ea,下达,下達
cafef98c-f159-65c4-75da-d8ce397f8f92,商家,商家
caff201d-e949-d3cd-fe70-50144f2b6283,大军,大軍
cb086798-3364-45a6-8f52-e2d84b483e0e,解除,解除
cb088aa0-abef-b1bc-a7ce-b8f1f103955e,梢,梢
cb1445c6-bfc6-4a9b-b15b-a9f0654d6bde,教学,教學
cb17a22d-ab3e-424b-8a75-7d2cd2554331,锲而不舍,鍥而不捨
cb184d94-f884-3a2b-0e26-b0605a7f7c4c,议案,議案
cb19d791-35a1-4fde-b391-c8316c9bacf8,最,最
cb1f0105-bcf8-4e29-9ee0-63b2a6775027,急,急
cb20896c-ed4d-4fa9-87d5-82259bc48dc0,低落,低落
cb257e8e-d1b5-4922-95a3-c5f5618f39a1,走,走
cb2aca8e-2b4b-3a0e-1e65-32b6df5beb65,兄,兄
cb385496-30c6-7d3f-559f-88158993cf3c,凤,鳳
cb3edbc9-8ad0-7f5a-eda0-7f7e03698c96,前妻,前妻
cb3fe9f6-28fb-7720-ff53-5ae19f09e74c,老式,老式
cb400e8f-dd23-4104-93ea-e1e0fa7f1caf,见过,見過
cb49edb2-ddf1-4ac0-87d8-4018a20c9553,喂,喂
cb52e22a-8c52-5dce-e46c-d128c2f07b6c,心地,心地
cb5ab46f-d4ba-923b-72e4-04b10b49b4bf,林肯,林肯
cb6160b2-a552-45cc-a53f-1d86bac043d7,满足,滿足
cb61a251-5b0e-49c3-85e1-65ad00e4ef13,此前,此前
cb68e1ab-3ebe-a0b2-6b1f-3a2367af2d2d,日元,日元
cb6aa5eb-1573-385e-bae7-e9d16dea41ff,蕾,蕾
cb6d0e1d-b67b-7169-33d5-745998eab5fa,三分之一,三分之一
cb6f4bb8-dbda-4d2a-8dd1-0252adfcadfd,透露,透露
cb7403e5-47d0-48a7-8141-53843761f884,赞成,贊成
cb75cf4a-fce6-a913-880f-98b5882c7dfb,旧金山,舊金山
cb7743ba-14e9-d148-9326-972b90d93291,反射,反射
cb7fbe57-3bc2-46d5-9b8e-123e7ecf4cd5,当即,當即
cb7ffbb0-2951-253c-7ada-f07f603bb787,额度,額度
cb832bf1-363b-9027-9683-06d77d2e318a,尤其是,尤其是
cb84ce0d-d6a4-30d7-2f1b-053d93c03e04,匕首,匕首
cb88b265-ac66-43d8-a693-42854f08db25,电脑,電腦
cb8ff197-2663-413d-a7ad-e8f0a63b0301,岸,岸
cb92c68a-5f71-4b45-8666-9ebe12d09d57,探,探
cb9870d1-b89e-48d6-82c9-b5e9b6ceb5ef,依然,依然
cb9a5a09-cb51-018f-fef1-1ba3dd0ce4c9,巴西,巴西
cb9f0538-4d69-4a87-9519-cb2dafef0f20,启示,啓示
cb9f65c0-7af5-496a-9537-2e348ad9bc9c,往来,往來
cb9f6865-4d06-4603-b697-3222700f336c,停下,停下
cba13347-21df-4120-b9c3-bdff1031aa65,涉及,涉及
cbadfe8a-8e91-4fae-8d51-8b19c155cafb,增产,增產
cbb165bb-49a3-419a-9594-1fd22fe21f67,带来,帶來
cbba971a-6bc0-4a08-8297-d467116cccf5,得出,得出
cbbb874c-2441-4469-948d-162fa3fc13b4,愁,愁
cbbe0f5f-e2f5-97ca-147b-0799dc7928a5,公报,公報
cbcccc28-c246-0d34-1490-0ddde45aa846,氮,氮
cbcf0411-d6d6-4504-8e45-b3633bbebb16,法规,法規
cbd138b4-94f4-88bc-9689-d2c518cbada7,泰,泰
cbd16261-cea2-4b0b-bc41-63987d8736af,期待,期待
cbd30a6d-d3ed-41c6-9c00-a14b71a4cf17,取得,取得
cbd7e783-47d5-4bc8-8c7f-42b4c0456d5d,边界,邊界
cbdd2dd5-ca8b-e02f-2039-c5becdeb765b,吉,吉
cbefed5a-7b04-4478-e09a-fddc7ea96ee0,公义,公義
cbfe752f-b1b9-459e-826f-189b216aa195,见到,見到
cc05c331-0bd3-46af-9190-fbaa2882cff7,富豪,富豪
cc07bcbd-a0de-9bb4-72e6-322febcaabea,服药,服藥
cc088665-7ac2-4a23-a8c3-d0304967318b,缠,纏
cc08e351-b5fa-47c7-8085-6244c798bef0,凌晨,凌晨
cc0f276d-84a3-4825-95c5-aadde6a7dd91,每当,每當
cc104b4f-2b60-4e3e-852a-c9e4933aa44e,暗杀,暗殺
cc174ae4-6bb1-4729-9304-07b33178e7f1,伤感,傷感
cc190543-5a93-20e7-10e7-82bd0096ff43,堂兄,堂兄
cc1aef4f-8541-4c97-b72a-8bf2055314bd,叫,叫
cc1fed8a-0b4d-6e2e-784c-947c729f2163,出来,出來
cc29e0b0-ab03-fbd2-95dc-d35207a91912,费城,費城
cc2f82c7-436f-f16a-c3ee-e57f18727e18,没法,沒法
cc341bdb-daec-4923-a803-35fb2947bf6c,硬盘,硬盤
cc3c0eaf-11e5-46ae-a060-7d2ccef82331,牢,牢
cc3d41d3-74d3-87bf-927a-310e51208c00,贤,賢
cc3d4c5d-1430-4b02-a7ee-48ae7d3efbea,风云,風雲
cc465848-61cb-612d-ae39-a42dbdce4a5a,㗎嘛,㗎嘛
cc4845dd-0cdd-42a8-89c5-d0fd2e643fe4,耳朵,耳朵
cc4b485d-8704-4d93-a0cb-918b4b08db42,难以想象,難以想像
cc4fe7f5-6e97-f639-0988-47992908bbb8,交会,交會
cc505991-381f-ad48-0608-d2a91882d57b,同情,同情
cc58b415-a347-4352-38e6-42bd5d2b658d,伎俩,伎倆
cc5d49e1-a24a-4ff4-b221-6c51a0ec3bd5,尾巴,尾巴
cc659d9b-78c4-8963-34b8-73f46e7aec1a,吃掉,吃掉
cc722a5e-9908-49c6-bc89-0d74ebea222d,相同,相同
cc76ebba-8f64-4e59-aaad-e18f7492be85,起飞,起飛
cc8288d5-8fe4-4b45-a1d1-dde12af72b7f,葡萄酒,葡萄酒
cc83f254-d88f-255a-9a07-014918c6e569,自家,自家
cc933bcc-834b-c8cc-d3f7-5d14c3b8b1bd,就绪,就緒
cc9d689d-560b-310f-1d9f-f74633873bb1,农户,農户
cc9d6cf2-90c4-408c-9425-79b4a2ba34e8,变为,變為
cc9f3ffe-cbb9-b8b0-8924-e5fb868231fc,夕,夕
cc9f4a85-94b2-82cb-efad-9a1a15d0e768,台湾,台灣
cca0a629-1482-761c-54c4-ad7caf58c135,共同点,共同點
cca44503-0de4-4e96-ac03-7580ab5984db,能不能,能不能
ccaa30d4-26a7-4902-b0d4-9874602c243e,依托,依託
ccad5959-f6c6-4ca4-fc69-7342a97a2f53,胆量,膽量
ccb1c377-927a-4c7a-b1a1-1987e31614f4,原,原
ccb2aa9f-649d-c004-fee1-1c9c38b53fe3,以色列,以色列
ccb4d18e-aa78-4d03-999b-f60710aff36b,皱,皺
ccb4f388-6dcb-4b7c-84db-b444a85b0ab9,火焰,火焰
ccb987ec-abd9-128d-0c1b-c909c370d608,今儿,今兒
ccbadc95-f0bc-9dc6-aa0f-c5bfd1e3e9c8,几何,幾何
ccc94e9f-f6e0-187d-4705-06376ca6b613,外人,外人
cccd9f46-300f-0898-07f4-2c4686b564ad,叛变,叛變
ccd45d53-a137-7fc6-ed0e-82fcb1644c3f,卫,衞
ccdac833-b5a5-4722-9feb-2aaee3603a05,脑海,腦海
ccdbec77-feb0-c833-0bef-0e3b8829690d,穿衣,穿衣
ccdc6485-6fca-42fe-9686-49bb1295c1ef,宗教,宗教
cce435a7-aa6a-1ca2-af7b-ee0121e0e663,毒物,毒物
cceae236-09fb-4657-8e94-21163a0cea55,否定,否定
cceca074-4d1f-4de4-89f4-86d79d70cc27,狗,狗
ccf46290-d35b-4da4-9ddd-a4e5e69c92dd,美人,美人
ccf72017-e5a3-b036-51fe-386b1ab6ab32,长安,長安
ccfbbe09-f14b-56b4-b6ff-4f5c9314cdff,腹腔,腹腔
ccfd551f-16ed-26a6-02da-024769bd1220,多样化,多樣化
cd096f6d-fec6-aaca-099c-428a6a7bcb84,摩托罗拉,摩托羅拉
cd0da920-1b38-401b-9a4f-abd6ffea0f0f,常见,常見
cd158704-dc5a-434d-b2a8-af817c3a0ddb,帮手,幫手
cd1c4e07-fd07-44ac-b47f-24551a78db80,歹徒,歹徒
cd220860-6e23-7485-7903-fc2493f85f20,特种,特種
cd24d10e-f1a3-453c-9714-ec9f61c326d4,中途,中途
cd2e4a88-2307-f683-0a5f-120327df1d8e,里,裏
cd302312-57ec-fe1f-ab13-6ac1a8b88f5f,爱好者,愛好者
cd348a29-9109-561f-e254-e9a8b3bae2b2,检索,檢索
cd419408-ceb4-0049-fcc4-d68c5005c2fb,论点,論點
cd48c7e3-b470-40bc-993c-acda24caf6fb,退缩,退縮
cd501168-577b-4dc7-8621-b586c131aac4,相声,相聲
cd508e68-f92e-4439-b03a-9c819c47f504,嫩,嫩
cd50ac2b-3ee0-41e3-9ebb-ab534dea9cf0,暑假,暑假
cd55ae0f-8b96-4240-8e9f-c77f09672437,通常,通常
cd5a5d13-4f31-44fc-9bc9-23d588cf6ca1,幽默,幽默
cd5ec5b2-f868-4ff0-99dd-18937b7e785d,海内外,海內外
cd6764bf-a633-42a8-bdc4-2a7e27845b07,接,接
cd725f93-945b-1971-c790-5018491dfd11,五角大楼,五角大樓
cd858621-b910-a03f-7ef7-1ad97adfc434,大火,大火
cd85a34d-f1e8-44e8-b250-567570eb14bd,需要,需要
cd8dd3e3-1588-5e53-141a-0fb93e3b3c39,警徽,警徽
cd8e3f04-2397-b345-510e-095018f6ec69,扶贫,扶貧
cdacd052-6491-4094-b05c-8f2def25b474,议会,議會
cdb17b20-db91-9308-a918-b92467e33ec2,血糖,血糖
cdb1eab8-11c8-46f4-9cda-40f280a56744,人性,人性
cdbca870-deb3-fffe-4638-57699b88f79c,来讲,來講
cdbcd1d5-5d96-9b31-ce06-e8af66051445,随访,隨訪
cdbf3c93-9dcc-90dc-3305-e15057c82873,述,述
cdcf27bc-3d90-0f9c-e861-c32e8da52fc2,所致,所致
cdd3d7a8-bce9-4f25-835e-a88438bf925e,象征,象徵
cdd6017c-bd1b-32bb-f141-edc3010aac58,松手,鬆手
cdd86cfb-3e5b-492e-8429-1203c714cc10,较量,較量
cddec4f2-ae9d-07c7-cae2-7a32807f9467,迹,跡
cde8c337-e945-4806-9fb9-8a7ffefa8bd0,饲料,飼料
cdead076-dc4b-4ed8-a770-e32ba657aa87,耕地,耕地
cdead077-77e9-fe22-a1c6-cc3dac75eb9d,舒,舒
cdeb7458-1655-3f81-1ee5-3706230dbff9,旭,旭
cded7e23-793a-4192-9451-c5d58246eaeb,再见,再見
cdf1f3c7-0bae-1661-aeda-825bd0ccbd28,松鼠,松鼠
cdf3457f-a3ea-bf7b-1e9d-3188ab6673b6,杰瑞,傑瑞
cdfd09c3-d697-cf67-57ba-0404cee91ba1,邓,鄧
ce006355-9aa0-4d18-90f6-9c9e8dfb2122,理智,理智
ce03df6b-9bf6-417a-b55b-3c105fe8bc46,挤,擠
ce0841fe-f426-3c80-c971-3950fa761aa3,趾,趾
ce0df197-7807-43da-9173-11ec56a80336,亚运会,亞運會
ce0df86c-e008-f8f9-bfc7-e068a658510f,做嘢,做嘢
ce15560a-15ee-4ac7-b43f-e7374c1c40b4,错误,錯誤
ce1fe7c1-73f2-79a4-ca31-76875696fe09,窿,窿
ce20e5cc-18c7-4992-ad24-3a38219d4e7f,无关,無關
ce225ce5-440f-f6b2-4fbf-f4ff7bc20b8d,试吓,試嚇
ce281ce7-fb3c-45a4-855b-03c3986072c2,北方,北方
ce2a91d5-c307-0d55-33de-4f97a982b094,㗎,㗎
ce326e12-780e-43f3-bd7e-ef73a4fe2831,档次,檔次
ce406875-a0ea-dfe4-8b2a-85ff41875b36,永别,永別
ce478e44-af50-08a9-033c-00b7b6732127,逃命,逃命
ce4a6980-43b4-48b6-a53d-f78af269cb2d,地带,地帶
ce4a7c0b-b2a1-017a-0c49-e3e31650db3c,涨幅,漲幅
ce4ff4e3-f6e6-4dd8-a1bc-e34ee24a5e32,绯闻,緋聞
ce587efb-bec3-4cad-affd-9b23e29f9190,知觉,知覺
ce67dafb-b6db-0e29-3a7d-e773400c07f7,出街,出街
ce7660c8-26b6-487f-96b2-49dcb4a2876f,血液,血液
ce770a23-f70f-c085-deab-40d29ff507e9,不一样,不一樣
ce772402-470b-f5dc-d801-c28f4e8dcee4,伊斯兰,伊斯蘭
ce773be0-b56b-a1d8-605e-364579268db2,妓院,妓院
ce81d7b7-bde9-4659-a654-1b67781eba42,闸,閘
ce826582-6075-4df5-acb2-30c997c6b65f,平,平
ce8b5de9-2ee2-430d-9b1f-7cf9e38b4a0a,灭,滅
ce95294d-03f3-4b85-bbd2-c44d5d81a941,尽快,儘快
ce9a24b4-c3d3-f17f-6ffd-c3be80002514,巫,巫
ce9c286b-8ab4-43a4-8317-ff9733f0158f,不由得,不由得
ce9c9d2f-0564-409c-9902-df3da9820769,一手,一手
ce9cc2e1-80c1-3b19-a227-29ea83925bd0,稀饭,稀飯
ce9ce6a6-7cce-9cc0-9802-11998ee16a3e,盟,盟
ce9d70da-0692-4d48-b935-47662d7407af,投机,投機
cea099fa-5c83-45d2-b9e4-9451b0ac9210,协会,協會
cea14f11-5d7e-49ae-a455-2c3c14b5140f,拆迁,拆遷
cea2250e-6bbd-44d5-9f42-a4979ac3c4e7,震动,震動
cea29cbc-91e8-47af-b532-4c26dc995a36,外地,外地
cea6f28b-7d7e-4dbb-a5cd-b5680015d3dd,不太,不太
cea903f1-8164-ded9-152a-cee2be904f9d,付清,付清
ceaaad56-2bd8-4013-a34b-1500974fac6e,气质,氣質
ceac785c-d872-4732-2642-486563d7de84,汉娜,漢娜
ceb5c019-1bca-46fb-bb16-6034aa8c4b58,人民,人民
ceb61445-685c-228d-a61d-1e75f9fe6df4,专,專
ceb8ed40-bc0b-4d7c-acb5-1338e0286a62,感想,感想
cebe83ce-da6d-4167-41e5-88f5880b035e,系咪,系咪
cebf8894-b419-4654-b868-b78891962ddc,阻止,阻止
cec596e9-d28c-4b43-b2a2-455d4229c9fe,倒是,倒是
ced47dc8-8c38-d49a-cfce-a52b58fc0c0b,勋爵,勳爵
ced51165-0ad6-4024-b806-e4d07c0c3ce3,不容,不容
cedb19aa-dd47-4187-8a94-f963688b5d49,督促,督促
cede300a-c759-f8db-dccd-e71328dd5621,中山,中山
cee0baa9-7348-472a-9974-fa2e852f6a7a,丙,丙
cee0eee4-0191-4877-9236-ab49fed1c0e3,捡,撿
cee338d1-2a0b-482c-a8ba-28b98e842d5b,比方,比方
cee63358-778c-823c-8b67-7f78effc88f1,孵,孵
ceef14c1-e56d-4062-bdab-122f1428eea7,极为,極為
cef09377-fa8f-b95d-891f-248f7d558b54,进取,進取
cef74f00-c967-48bc-90d7-41eeccd79ed4,年度,年度
cefc5d61-b3ef-a035-c11d-e5343600cb19,殖,殖
cf0b33db-5a77-b27f-63ba-d8db71fd2c48,想像,想像
cf0c7ad4-849e-47ab-8bd7-32bfdabbbc09,帅,帥
cf102340-7e28-5948-3999-aa7656a7e9d8,贯,貫
cf10f223-cf57-4aa3-b646-64f49c87cd3d,合伙,合夥
cf111793-0ea1-4810-a52b-1e5d4b1e4016,先前,先前
cf18e405-25f2-8e41-0ade-b25d8b10a48a,平安无事,平安無事
cf1c8a01-944c-48ce-b61d-213cd0586af6,催眠,催眠
cf1d0752-438e-456d-84e3-cd64fd48d9fe,缺席,缺席
cf2206a2-c829-4128-a171-c1918a9db6ac,矣,矣
cf22ab1f-56d6-e2c5-5342-ec612f309698,吊,吊
cf274f39-0abb-4e49-8cff-80fbbc7381fd,求职,求職
cf2ba907-8cde-498f-b1a2-fe817ec51666,不久,不久
cf30595c-f13f-4d65-98c9-a8e0a4ffae60,对应,對應
cf320653-66d5-43d3-19d0-61b3901c27b5,里面,裡面
cf4f9a4e-1b23-0cdb-062f-6324c58e5a52,哒,噠
cf5aebfc-9970-443f-8db4-26adb15c584f,洗澡,洗澡
cf5c3187-eaff-4f3e-99ae-5b75590e9263,白领,白領
cf60529a-4538-6418-e8f0-876a15ec96f5,父,父
cf686fbb-6753-4928-87dd-6e87d7e20fde,再度,再度
cf7354e1-c846-41b7-8de7-44035b822006,缕,縷
cf76ba3f-1b2c-e751-318f-3233aad28087,历史,歷史
cf7af7bf-ab13-4175-b500-a97db0198b99,带动,帶動
cf7c7f05-3c2a-4c35-aae3-4282b15a326e,收取,收取
cf83a3bc-3baf-401d-ab62-a12ae0e8d33f,近来,近來
cf84ddbe-801b-4721-a71a-4517e21ecfda,实地,實地
cf85d52a-5db1-dc06-b597-55050376f5a0,出狱,出獄
cf8997aa-1340-47ff-8507-7d0b8aadc9a8,倾向,傾向
cf8b9886-8af4-4c59-ad15-77183b9e3a39,计算,計算
cf8bf612-9bc8-b1e1-25de-0383fdbba3f6,肯德基,肯德基
cf8fd08e-5c58-4b94-9feb-5fee0b5778c4,老家,老家
cf92b009-5dce-4520-3892-6e8b64b36fe7,雌,雌
cf9457b4-ab07-44b4-96f7-24e640a6ec19,辨认,辨認
cf94b886-aa8b-45f9-a512-dc2103b361ea,沙发,沙發
cf9723cf-67ca-4595-b164-e4c1c7115502,售价,售價
cf97fdde-d902-4b83-a4dc-6c0821eaba0f,夜总会,夜總會
cf9ea288-de88-4c7a-b3f2-9080ad678fb4,好坏,好壞
cfa0eaf9-1f7f-434d-9746-bdda1d96ce6e,踏实,踏實
cfa5d6c5-125b-3238-bda3-cb4293a81954,凋,凋
cfa5df6f-d4a4-b2f3-3a8b-871e899293de,飘,飄
cfa7e262-4ebe-4af2-aadf-3e877d3f1be3,销售,銷售
cfad803b-c288-486b-9aa1-f15be540edfb,冷酷,冷酷
cfb4776c-6075-4a6e-8db0-4d7713ab0e29,旱,旱
cfb82930-b9cf-4533-a02c-a59690f3682b,夏令营,夏令營
cfbac694-2664-47f9-967c-38de5ab42ab6,葬,葬
cfc43222-6137-2eb4-c477-0515696610f1,中路,中路
cfc5fc60-c9ee-a5e4-474d-3e5f1f2b617b,惬意,愜意
cfc707c8-bbfc-5d42-6a52-6106fed8cab1,恭,恭
cfc9d878-4f77-81fd-c4ca-f2325d3ec6d7,毕,畢
cfd27162-f237-1cca-c06f-d7961fcab0ea,死尸,死屍
cfd68022-367a-435a-a0c1-74143570642e,提早,提早
cfdafcc2-69fa-4ab8-9c5a-64c1680ee5f8,遗体,遺體
cfe2b374-b16e-4d3b-891e-f612e4e919c1,总理,總理
cfe4fb31-d1a2-4fae-b8ee-5dc74c060bbb,灭绝,滅絕
cfe4fbf1-fe0e-d122-89d7-d68a1c3660bb,一场,一場
cfe75e1e-943f-566b-71c0-294e61410fb6,一无是处,一無是處
cffb8c30-1291-2ef2-4bd3-1137acfcc51e,钾,鉀
cffbb262-22c5-60b7-0a8f-aedc1edb71e2,绸,綢
cffe2f0b-0c79-460f-903d-8b49fb21b094,戏剧,戲劇
cffe7465-b10a-4966-bb19-33b31b568e29,手动,手動
d010d9f6-4496-476f-9396-ed7dc0fe8e1a,方面,方面
d016af9c-6034-4dd5-af78-4dae523383d5,不定,不定
d01cfebf-b8bf-4aa5-cd8f-c0e90f271504,新闻,新聞
d01e7463-5045-4dea-9b22-81a0b7a7721e,录取,錄取
d01f5295-3f72-04ba-855a-2aae78e8964c,猩,猩
d023ac61-e89c-4089-9f52-9e96725fbbdb,挽回,挽回
d02a32f4-14f1-4d52-a5a2-2a70f2cc97b1,盲目,盲目
d03c5acb-d245-4e04-9a4c-ecbcac42573b,几时,幾時
d03ee6cf-7290-63e2-8067-ef564a10023d,厌,厭
d044f016-7938-4fcf-8000-a9ec8bd6803f,进程,進程
d04a8021-0d4d-2190-3603-8396d2149fe8,灶,灶
d04c296d-cb7e-4c6e-9906-9570f1375157,连锁,連鎖
d04c3ea0-6ccd-cbdb-a149-c48334351500,经济学,經濟學
d04e8e71-b2b7-e38c-d571-e92b50a972ea,啸,嘯
d0561f55-533d-4e31-8b15-9cfbb3ce1fc8,认,認
d0580f20-b818-4f66-b79d-006fe7f0d926,裁,裁
d0742ec0-cd7d-417b-8f2e-9539bbd8cae8,何况,何況
d07b2ce1-41f4-bd0c-66b0-dff6029343e8,赤,赤
d07f29d5-e2fd-4105-9115-848a7719102d,社会主义,社會主義
d0845530-8bd1-47a2-9aab-6ec12f754148,书,書
d08804b2-21db-4116-b77e-b2d6817dd275,定,定
d08b5bd0-b286-9672-35ac-7226ce633503,付给,付給
d092374c-3e60-481c-a0b3-f0d9065a4aa2,一律,一律
d093e488-b48b-453f-a35a-2767356e1bb0,同一,同一
d09c1ee5-2e99-4025-87dd-99ff699fd272,审判,審判
d09c7a44-3632-4abd-b1f3-26c1135a1c4b,客气,客氣
d09d16a8-d0a2-8dce-8b22-c976fe971b53,凶杀案,兇殺案
d0a28060-f56e-4934-8f6f-d41719a5e9e3,欣赏,欣賞
d0a2cea5-eb6e-456c-929b-3fd930db1f96,安眠药,安眠藥
d0a4a5b6-f0de-424e-a024-bebd61ee4d24,高兴,高興
d0abc668-8806-4539-ffbe-3c4045e5168e,凛,凜
d0ae09de-5ab7-4446-b599-aaa00f614517,求助,求助
d0b332a8-5baf-4e14-8221-1d9743545fca,缩短,縮短
d0b7a9eb-284f-4616-8d51-c74b9a780b99,随即,隨即
d0c35741-0f74-42d2-81dc-7afa9b305837,指手画脚,指手畫腳
d0c4d120-1389-450d-a725-8fbbcea45c0d,出血,出血
d0cee42d-211c-4bf7-bcfa-6932cf67e29f,权,權
d0d15075-9eeb-292f-fe16-0467a9d285d9,章鱼,章魚
d0d25006-5235-4289-b3ad-08c962786795,供求,供求
d0d3b59f-1da7-4fa1-b31c-c813b63bf4c5,丛林,叢林
d0dbb6b9-16a7-4313-b601-971e1eedaace,良好,良好
d0dc5d31-5977-4e02-8c19-d0652bf52e63,动脉,動脈
d0ddf2c0-4513-e2c1-e3ff-8e9a0dcd90a5,综合性,綜合性
d0e57087-4e70-b8b0-16f3-63da9f94764a,挂牌,掛牌
d0ee9e17-ab67-4c13-a17f-21ff7cf94690,吻,吻
d0f6e2ae-d4b1-b921-8b51-bfa1557abc4a,法学院,法學院
d0f92038-c246-1f85-4f0c-26d87561a987,以人为本,以人為本
d0fbe5dd-9632-1954-1c0c-aa8c044b965a,贾,賈
d0fd2367-297a-4179-825f-b9e58fc0124c,提倡,提倡
d0fd2b70-4096-4dbc-95e9-b4ff0c442db0,领取,領取
d1002953-98da-4295-a781-5ac13c7b5e28,冲击,衝擊
d1017a6f-ab4e-42b9-8f96-5a97b496407c,不用说,不用説
d1036494-f29e-2e77-fba9-e99067c60915,骨,骨
d10c44de-4254-b886-6827-a4f1d60d7ab7,生产队,生產隊
d111e4f9-67e1-b487-1fd8-164b837bf02e,检,檢
d115db79-b8b3-4e6d-bd9a-f296725dc5bb,中部,中部
d1170fc4-249a-4f52-8ee1-e209acff550c,寡妇,寡婦
d118139e-583f-4dbe-9035-9591fdb165ab,前线,前線
d118e937-55a5-2a19-7258-971cbe8e4636,曝,曝
d126b243-dde3-2cd5-9100-616e4abf5113,遗,遺
d128195d-439a-37e7-61f4-be00a4fd3e99,共和国,共和國
d12bd9e9-3e42-48de-9e47-c65f621dac52,新房,新房
d130c0a0-2eba-458f-b4c4-2e3be2ed2f12,伸手,伸手
d1380124-1f38-483d-9366-1771e1e59054,淀粉,澱粉
d1408d75-8596-4a73-b700-4fbbdabd51dc,惨,慘
d1412cfc-b513-4799-a646-cffa60a352fe,多种,多種
d147c1d8-189c-800d-e63a-b523a3485cc6,仆人,僕人
d15ac68b-52df-43e3-1ee3-10750c4d9514,朋,朋
d15f8dbc-6daf-7e06-27cc-377224e58684,畀人,畀人
d1613bad-520a-4d32-b020-ce57b02d755a,适时,適時
d1656a98-70af-a088-cdb4-97a62ea7a16f,蹬,蹬
d1664fe1-d933-a42d-9798-0742cb3f2557,苏格兰,蘇格蘭
d167136c-3e50-4d4d-aa9f-e1c84739d101,财力,財力
d167db3d-3b8f-490e-a06e-a89fcaecf5c0,卡车,卡車
d174f3bd-9980-f720-1943-fb80c1955457,生果,生果
d17e077b-cf0d-4903-b9ce-5bbcdeb1e576,宪法,憲法
d18272a1-ed07-471b-b1b1-1e3d42df7af0,加速,加速
d19412ab-40f1-426f-9024-06d067856d9e,禁区,禁區
d198bf22-60bb-c91d-eb58-de2972739aa1,即系话,即系話
d199bd30-ab2e-48b7-a0d8-7bf2bf948ad7,掌声,掌聲
d1a172f7-a3a3-4254-88ec-fa6f84063e27,接通,接通
d1a1a150-d64e-7df3-2554-060fe1cbbbee,般配,般配
d1a3c233-e570-a64b-164f-a4e08bf0519b,接吻,接吻
d1b88b90-4c62-4cea-96a3-25a7596e8f54,心事,心事
d1bfc3c9-703e-45e9-973a-8eda7dd513e3,滚,滾
d1c06b31-06f3-4339-a5d6-690b87c20c6f,手头,手頭
d1c396fc-f68b-4432-8eb3-7efe2f1c04e2,男,男
d1c51a94-923d-41e3-aa37-197fc3b71ed1,腺,腺
d1c941a3-a9b9-49b1-a410-73b7a4e1ce60,廉价,廉價
d1cdb325-076c-47ab-fe38-df8357c4bcc1,内蒙古,內蒙古
d1d08bb9-4ea0-488a-ba34-c76edcbe4dbb,潇洒,瀟灑
d1d148b7-da3f-7f5c-82e0-3a61f9257558,借款,借款
d1d33e7a-d518-25fd-b13a-c83e5a7728c3,活生生,活生生
d1da26f2-1047-3a5d-41e0-1e000d0ce410,这里,這裡
d1db2a26-b2a8-f46a-9ac0-82e19b551622,外长,外長
d1dd121d-f72d-4bd4-88bb-3bad1ee0b692,无不,無不
d1e23f45-0085-4aa2-b760-4f3e68fb0e1b,呼唤,呼喚
d1f29a93-6273-4e7a-8729-70962ee5bb2d,悲惨,悲慘
d1f5b7f9-4836-8a65-c05b-a9238273d88b,吃饱,吃飽
d201dd25-55f0-44ab-aab9-e7af0b78bb7c,家具,傢俱
d21221d0-30c0-9b4d-87f5-02e29b626971,俄国,俄國
d215970f-d597-c404-6383-8f7d3aa5bbec,鸣,鳴
d21b41f2-adb5-27ee-d109-f0930282b016,加勒比,加勒比
d226c3e4-83c2-424f-aca4-a127210076a4,未经,未經
d227f693-9683-eed1-2dd1-df41274698cb,喝道,喝道
d228d2b7-cde5-4fd4-9b96-dc6721434059,非常,非常
d22ac15b-3e84-28c1-06e2-8577e6a7fe5e,攻势,攻勢
d22b2385-7c9a-4587-ab49-f1ccaa6ebe3b,境内,境內
d22c94de-0b67-4ca8-9148-5127b3f26c25,乡村,鄉村
d22ea0bb-5efe-b93f-623a-257b16eac07d,毛泽东,毛澤東
d2325e4b-fe25-401b-87a5-63af5fec3900,替身,替身
d241e401-335c-44a6-afd3-e0a325646c85,落实,落實
d2455611-fa85-45a5-a6e7-50fc3f16e586,配置,配置
d2464cad-92ab-0c7d-e116-4dc943b7a1e3,加州,加州
d24a67b1-bb81-434c-9a1f-2c5641f45eb8,掺,摻
d24e65cf-ecc2-4ab1-86c4-9b17cce40600,泄漏,泄漏
d250e5b2-26b4-9695-08b5-1689df317e48,拳击,拳擊
d26183b1-1eb2-46ae-ae50-27694cd0252c,毕业生,畢業生
d2692376-ca62-0d7f-59f5-2131cf8f7ef4,包包,包包
d27303d4-f564-f4da-9f82-dac3a518a527,明知,明知
d274ba7b-d54a-48ed-bdac-32ac54671152,年终,年終
d27a1a3a-55d3-4c94-a46e-3992b27d6cdd,楼房,樓房
d27ef82a-4e2d-49a3-9df9-8396b2a6a238,丝毫,絲毫
d2880744-12c7-aa46-e5b5-1a7b85f27abe,嬉,嬉
d28bdc91-b5e1-479e-83a1-fec0b691015e,眼睛,眼睛
d2906235-ea45-4bd7-8f7e-bd311e89f245,轮,輪
d29f18dd-2a8d-eda2-817b-de3a1a09e761,衬,襯
d2a2540f-7d9b-427c-b879-5f57675aa23c,风尚,風尚
d2a8bf42-c750-49ab-8f89-c0badd98389e,程序,程序
d2a99475-007a-4cbc-9eb2-3cc5c6d3e3a5,有意,有意
d2ac2f22-af7e-4c74-a1fa-c9410d1f6709,零件,零件
d2ac7f67-80a8-ee8a-7664-b40c824a9b41,绒,絨
d2aca492-dbc3-648c-e151-698be557e1f5,先至,先至
d2b26b2a-032a-6dc0-bf41-c873d4c1338c,一连,一連
d2c5328d-fd93-43fc-a8aa-0f2e510e7e70,美金,美金
d2cac630-09f3-6df0-01dc-bf4bc9d9d985,霸,霸
d2d03f81-428f-450e-9147-c57b8b64547d,正当,正當
d2e15657-727e-4869-a3e1-00f11e8f0a62,赔偿,賠償
d2e5ae87-37c9-40ee-b587-d588ad616590,文学,文學
d2e9a143-589a-4b84-a8c9-ef85e4245e4b,镇,鎮
d2eaa5e9-fd52-430a-b62f-bd898f5f4777,机械,機械
d2ee99d7-b9fa-65c6-d228-46bb66fceb51,棚,棚
d2eea312-1ab7-4686-881d-5a41d46ad321,事故,事故
d2f0c28a-44fc-45fa-90ed-8c78c98bb8ef,拖延,拖延
d2f1c4f6-568a-4d6b-8274-1f0f8124f9fb,防治,防治
d2f7503f-df29-e67a-a97b-c86fcd644394,首发,首發
d2fde23d-a6c4-4782-b6c8-024ed78187de,占用,佔用
d2fe63d7-40da-4260-8bd4-614357d77fe9,泪水,淚水
d3024131-5ed2-41dc-9efd-54f261d2e191,吓人,嚇人
d303d511-1093-87a1-92fe-c592cd161341,皮质,皮質
d30ae4ef-e0af-4e77-bf2a-0b65a76facd9,没完没了,沒完沒了
d30fe9af-d9c0-7971-54ce-ce01ab6f5012,果冻,果凍
d31ffa6d-a936-512b-912d-4dc30d979da0,华盛顿,華盛頓
d32350b0-face-4418-9fc7-d2e42c816be2,功能,功能
d32b35b3-e5dd-4539-8128-e6f93ef8a92e,商人,商人
d335b92d-5633-46a5-8fb9-e3108b30d601,病毒,病毒
d33a5e37-c021-a177-8743-18b6495755f7,艺术家,藝術家
d33e76a7-35a8-4eb1-87ca-49f9f98e5bc8,揽,攬
d34eb838-f719-4231-943d-39d553fe05f9,反弹,反彈
d351af31-2422-4444-a51b-4e9f993af183,三,三
d351c826-7c98-4145-8ade-091167eb5af3,从此,從此
d3558a6d-acb1-4941-bd2c-7c448000b8ea,穆斯林,穆斯林
d35b5c11-0542-4d27-9068-3db95c441ac9,公司,公司
d36d1db4-494b-c495-31bd-801879378738,罗马,羅馬
d36d6efe-648e-81ed-3214-1712ca81ed66,作出,作出
d3787f63-7788-4015-9e49-9709fdd94a7a,完全,完全
d378d00b-c152-4240-934a-8436a2760c92,日报,日報
d37aefe6-6a7a-495b-bcdb-8596cf067c3f,别的,別的
d37db63f-71e1-4dc7-adb9-7f0b9dba245f,清楚,清楚
d37e78ab-a267-4504-8c11-9fe1d8df139a,收费,收費
d3823d52-7d95-50d3-d6ec-fc1ac3ab108b,老窦,老竇
d382dfea-4f6b-48b7-8758-877322529b15,频繁,頻繁
d38cf9dc-ae0d-05d3-63e3-03d606fd5daf,伴娘,伴娘
d3950d36-1286-4db9-81fd-b4882c5b1c3d,是不是,是不是
d39fc1de-e736-4656-8047-978038eaade2,舞台,舞台
d3a183b6-c3a2-4b89-9bee-ee2cc6216c39,繁忙,繁忙
d3a636ea-7862-47c1-847f-2665565e3d04,热烈,熱烈
d3ad862d-137c-47dc-9f43-f88f1ce6c98d,酸,酸
d3b129ff-9cf5-64b4-19c6-5f36a7812b9a,但系,但系
d3b9e829-30ff-448e-8bf5-9e08ca8412b8,人选,人選
d3bfad2e-b1a7-e87a-782d-a66616012ef6,玩笑,玩笑
d3c38130-8c0e-b696-2100-c3fa6263cd16,发明,發明
d3c6d455-4623-412b-c509-8fa1aef782e6,知识产权,知識產權
d3c779e7-8deb-4674-854b-c844654970b5,后者,後者
d3c788c5-ecb2-2383-22ee-8dca4b494f6f,普,普
d3cb3d0b-f4c2-43f0-8deb-2b5208a217ab,查,查
d3d607f7-e78b-46b9-b45c-97c53f7bec8d,欣喜,欣喜
d3df4297-92dc-4c35-95dc-68601cce3ba3,氧,氧
d3e02eb6-258e-46b2-a551-2edcfe24a7e7,轿车,轎車
d3e3e6d2-47c2-42cc-b132-c5def53e5692,妖怪,妖怪
d3f0c952-a6d2-420f-8f85-15d86d723a2e,债务,債務
d3f30003-a3cd-4f4d-ae82-75899d9ce8e2,对方,對方
d3f6636d-e28b-4868-8619-454459711962,合格,合格
d3f8003b-7ee2-462d-9ffa-c77325954315,任期,任期
d3f90baa-fb8c-587d-09ac-c10c5fc760f8,把,把
d3f95d95-a8cb-43e7-beb9-8d67f771e889,与众不同,與眾不同
d3f99549-d498-4907-abe9-ce94c884fbf1,感慨,感慨
d403315c-7bbd-2110-2981-81bcb8375cf9,竞争力,競爭力
d403c2b8-978d-c7c5-1cfd-aeff51435176,大喊,大喊
d4083180-7439-fdb6-e98c-a175a27f5b14,产业化,產業化
d4142f84-a26f-dbd5-d2dd-b4ae779157b9,梨,梨
d41475ba-f25b-4fed-8a45-0715f01c92ed,打针,打針
d4311435-1ca8-5f63-7ce5-b0ac67ebea08,马拉松,馬拉松
d4316b7f-402a-42a8-84cf-8029692aff24,全世界,全世界
d432a47c-942e-4683-bc8a-aa6c0268f324,昆虫,昆蟲
d4336747-bfbf-c078-fb7f-2707eeab4c26,比利时,比利時
d440109a-73a2-4c04-980f-8d9348b18834,低温,低温
d4405bdc-3e89-4faf-afcb-20bd34fade5b,发型,髮型
d4429a0a-7d43-442e-8f47-b2147f2df9e3,改变,改變
d44787c1-a390-4e06-85d4-7c047126a8c0,充电,充電
d44aaa04-38e8-62e7-d739-ea9977eac13a,哥伦比亚,哥倫比亞
d44c7993-fd9b-4a26-95e6-9d4f49a20ca3,短期,短期
d452dd97-b4b4-4676-a91a-2f1332b6d9c4,终点,終點
d458de1d-72be-8bc9-7f9f-ea079ed1ccb3,门徒,門徒
d458fa0a-d4c0-44d9-a378-f2f9ffede8db,那里,那裏
d4605b6d-7a92-42aa-b408-ac9af98086ea,扇子,扇子
d46509bf-81a4-39a1-6100-c52d920fa5b4,致力,致力
d4676895-68b7-48cb-9cd9-d2d122bd3319,泪,淚
d46d0e33-8c7a-e8b1-7c51-244e11ecde67,活性,活性
d471617a-86bb-4589-bc17-f683c34eed37,站,站
d4741bba-571a-4fc7-9ff3-6abc3d2c126b,发行,發行
d478d2c1-938f-4592-bfb2-001e802b6b8c,中介,中介
d47a178b-a1f8-0097-7ba5-a7f5f95e5a41,即时,即時
d485d9cd-7964-20eb-fdb7-35c5de252fb4,只怕,只怕
d48723a0-39f8-8741-b1ac-1db70ac7f207,旷,曠
d488f965-b7d2-e012-a3f8-bfcfdda183f9,业主,業主
d4892f44-d597-433d-b31d-2384107a935b,穿过,穿過
d490929a-3347-4197-b53d-5920f2d7c6d8,无聊,無聊
d49191ac-f944-5c19-ec16-e1aa7d998976,鲸,鯨
d496c3f1-9570-4aae-877a-a277634a8b7f,脚印,腳印
d4980aa6-40d4-c4c2-5d13-c0d6137af262,畜生,畜生
d4a3ffd1-5c2d-4b63-85f1-0e7d33ffc2af,电动,電動
d4a52fac-673f-4ca0-890d-bc6d8ddd8ce7,叛逆,叛逆
d4abd06a-6a92-4246-80d6-39a6c2dfa442,招募,招募
d4ad3ad8-3bcd-04ba-dd55-bf184c5631ec,躁,躁
d4b24e1e-accb-41ac-a081-cfd925238731,踢,踢
d4bdef99-ec85-893e-86cb-8488e500fdb7,乞,乞
d4c27dc4-da00-4c99-bb00-c75011d9c267,转变,轉變
d4c79007-cc54-29f8-0c70-99dbd36f83e9,地下,地下
d4cbfaf7-2fe9-f989-e96b-633dbd188a80,杂碎,雜碎
d4d52343-ce26-484c-adc1-0670539bc28e,经济,經濟
d4daea2a-6776-43a8-7aea-e3d27ba0c28d,环比,環比
d4ea1521-c758-4683-ac3d-6c417ac91797,推翻,推翻
d4ec815f-9e4a-4ee1-aadd-02ee2ce3bc3d,如此,如此
d4ed2d33-2988-af9b-4ed8-65ab87834da1,密切相关,密切相關
d4ee1e2d-1ee0-33b5-9c5b-7eb81d2a1171,米歇尔,米歇爾
d4f42634-755c-328a-4098-abf5d57ea9cf,酮,酮
d4fe0d1a-3880-4a79-96ec-83788c8f1c39,放下,放下
d504c41c-3da9-9dda-7fca-4496f7a017fb,薰,薰
d50544e3-3aab-e39c-84f2-a235d2b81bbd,驶,駛
d50c76f3-0dd8-4598-8250-d59ac0c3cb0a,范围,範圍
d510d973-4521-47b8-8ea0-42bb779f84e5,过年,過年
d51cbe7a-1676-4372-a96e-f282221a7195,元老,元老
d5238652-b5e2-e7ae-7e29-303993fb9839,牛市,牛市
d525bece-f462-4934-b23e-472786caa5e9,本质,本質
d52a8967-c059-fe1e-29b0-97bf58b87696,回归,迴歸
d52c6c25-e5c7-4436-9df3-b58183507fe4,其他,其他
d52eaec9-2d51-d7dd-e57c-f521af5fd4f0,哈罗,哈羅
d5325e79-ed34-4179-9aa8-f2005d183fc7,出身,出身
d532a206-0562-401c-8e06-6e5cd5042ed4,研制,研製
d53744f2-6405-4545-8e31-02d1c14d7b6f,雕,雕
d538aec5-ec03-4dcb-aa76-25868c13029b,新手,新手
d53e48fd-6b1b-4fd4-afc1-1d0ba1df8282,主,主
d5408b07-1ebf-4ffa-9e37-c462fce5773c,字,字
d54b0482-8231-403d-849c-253afe17774d,深处,深處
d550b39d-55f7-9a45-fa58-cb2eae06ed03,注,注
d556e937-30aa-20c4-aebe-13082ab35850,圣地亚哥,聖地亞哥
d55a162e-383b-6708-680e-aff77de98d23,联通,聯通
d55fcc74-91a1-43ab-bc96-5ab3dd3bd939,承载,承載
d566db45-b463-444e-9896-b23c905b79ac,推广,推廣
d56b53f4-5905-4dce-af72-238c22b070ff,复印,複印
d56c1f63-2f51-4ed5-afc8-b1146626a066,专程,專程
d5722180-d7ff-4d51-93ad-9dc3526e63e6,当前,當前
d5742046-fbd5-1b27-e2ed-61b26347e3a7,伙记,夥記
d57508d9-acf5-47b4-89c2-0d85099a6eef,简历,簡歷
d57b19d0-5265-4dcf-8d4e-20185d6aa858,不服气,不服氣
d57e81b4-00ee-40b4-8e10-a8bda93ae570,浪漫,浪漫
d57f322d-6b5f-483f-8599-e3933ba9b67d,站台,站台
d58228d6-1502-055a-d2ed-536b3d1c1de0,印尼,印尼
d584e6d6-5afa-4eac-afb1-71fe2707df24,理财,理財
d5851e1a-9aed-fce8-cf43-1be7b5372e1e,首位,首位
d5855c11-d39d-4ef8-adb3-f6ff2b85b0e0,爆炸,爆炸
d58fa9c1-9a2e-63ed-0525-21e90db82ab7,逐渐,逐漸
d599165b-35f8-9e75-3249-10dc6aa102a8,龙年,龍年
d59db5f1-e68a-40b7-8d43-6a7a423cb6d3,适宜,適宜
d59feebf-ee1b-6981-6daa-153220db6509,肤色,膚色
d5a2cb49-f879-4c8b-a0e5-dc0f9447846b,遥控,遙控
d5a4d646-e618-49f5-a654-22b940d3aac1,肥,肥
d5a56ac4-39b2-424f-bd38-6d5672121869,放纵,放縱
d5a899a3-5ac2-9a0c-38d4-2bc8a35428bd,服役,服役
d5ab6990-6578-ca03-4313-03464c432b83,抬起,抬起
d5b0429d-1930-f67d-1104-c05567aea50e,蛙,蛙
d5b1632b-2f00-4bfb-971e-3199a19be1f1,房东,房東
d5b21811-171d-41d5-afa0-7fd20891a236,肌肤,肌膚
d5bf2da0-50a5-4a73-be58-5a69ef6db8ce,崛起,崛起
d5c5df81-9283-e440-9b71-09ab7203a124,绝妙,絕妙
d5d4f964-f742-40fd-834b-79a7175c8c98,旅店,旅店
d5d8fb64-323a-6278-49b6-a51998426fa3,晒,曬
d5dc77ff-dea9-4bb8-a7b8-d9394d94d299,窗帘,窗簾
d5dc7b8a-f9e6-4261-82c7-29504d6a51c1,海鲜,海鮮
d5e2c414-1271-4039-1f38-5ff45cb88af8,剩系,剩系
d5ef6bf4-d4a3-4269-acaa-67be2ccb045c,款式,款式
d5f23684-cca7-4a7a-9d77-0977cab00fcd,蔓延,蔓延
d5f2eda2-7159-cd81-4169-b94e61adfb18,快感,快感
d5f6dc1b-e92b-461b-b4b9-6fec005b68c9,靴子,靴子
d5ff714e-25b6-4280-b0c3-da56dc411548,广,廣
d5ffc0c6-da90-47a7-8b79-d71bb9795fbb,膜,膜
d600de3d-2d36-432d-89fd-324ee280dd4d,天然,天然
d602111b-4e26-fc87-a85e-15c2ee191668,相同,相同
d6098b9a-ce3c-d818-8dfb-e49b7054b769,化合物,化合物
d60e15b0-88f8-1cc2-8e30-7e9684504c1a,蛋卷,蛋卷
d612e724-558b-301f-649b-14d73494e87b,头发,頭髮
d613e19d-8267-433c-8f86-68bbfefd7f29,很难说,很難説
d6159383-f1b4-4be5-afac-4e07aa719727,急性,急性
d61a5527-970b-4467-acfe-5043f59b858a,暗,暗
d61db220-9d4e-4588-811c-af96ffa407ca,药,藥
d626cb2e-a446-4faf-b9f5-36586a49be23,以便,以便
d62e2478-8936-4886-92c9-02805deb217e,门诊,門診
d63a1d2a-db94-e4d6-afea-ef0d84a002db,模块,模塊
d63c0d5e-00b1-48f9-910d-d9f433565f8a,窗子,窗子
d64ef407-3822-4daa-b223-b10194d5e6d1,市民,市民
d6594304-b78c-49ce-8f94-4275dd75a55a,百分点,百分點
d65f09e8-dba8-4ab6-b6ba-72bb7ad80724,愿,願
d6604c88-30ed-4d22-89be-f45bbc08d429,桥梁,橋樑
d6637a68-65df-d0de-f8cf-6655b8850ef8,抗战,抗戰
d66856ac-e2a7-2701-13a8-8327ca5d47c2,芝,芝
d672de4d-3335-7ade-84a3-e709dfc02827,内,內
d674c24e-2714-95fa-939c-55e1c2db2af5,係啦,係啦
d67797a2-da28-2c0a-7f1a-055953df2505,涯,涯
d6784ce5-9e4d-45dd-8bd5-3768e0af9f12,抓紧,抓緊
d67ca54a-55ce-4c82-a30a-14caf55e612a,其后,其後
d68245d9-dd46-4c41-a52c-4585d5a45954,查明,查明
d686e6e1-c579-4173-82ea-cfb2a687c4fd,竞选,競選
d68858fa-eac4-b6ef-b7fb-0ec86d1907be,下滑,下滑
d688610d-2270-4b88-813c-0dc72884e433,总结,總結
d68b6f4e-7cf6-809c-8d40-280ec1510b5d,越南,越南
d68b9085-5c46-4f2d-a888-6fb65ff844dd,性能,性能
d68c6d0d-ece3-f21b-5961-8b28dce15803,实在,實在
d691a1b7-2047-42c4-b23d-30be19dcc10e,坝,壩
d694d9ea-2e5c-40b2-9d60-70b8b7fa0862,差别,差別
d69884c2-4dac-4e5d-bd5d-8606fcfc2c78,显示,顯示
d699685d-138d-4bb2-b1cd-95fd16134985,西部,西部
d69eb24d-13d0-46e3-8ec3-ecb4bfdd88a2,曲线,曲線
d69ef66b-595b-495c-f85d-826949347a9f,赛事,賽事
d6a8246b-51f7-4de3-8044-1c1cb93e59dd,科幻,科幻
d6abaa4d-6d4d-27b5-b52c-7a0dabb60346,迫,迫
d6aef4ed-78da-4bbb-a098-4c4931b77b20,迟早,遲早
d6b1878a-7d4d-5a35-b033-5890f01b8bb8,左胶,左膠
d6c701f8-08dc-4bc4-92e2-48559945ed22,客厅,客廳
d6c71917-187e-4a03-bf9b-b1b81870ee58,瘫,癱
d6cd6e86-96c7-3537-da18-e9a357886478,点睇,點睇
d6ce6334-853c-f444-7254-3f4f1dde61e0,偷偷摸摸,偷偷摸摸
d6cfa67f-b4d3-446d-afd0-4ecc05b6aaf7,疑惑,疑惑
d6d22ccd-014b-446b-9317-f975e900c97f,舅舅,舅舅
d6dc2243-c4f2-4d54-83b5-8e53b8fc7d12,还原,還原
d6e607b2-28c1-418e-85b3-7e10d0bd7c06,大臣,大臣
d6e6a3af-7885-5be7-2400-06a4bb3f7dfb,看不见,看不見
d6eaaacb-ee58-41a3-a5a6-3aae51bd5a0f,招待,招待
d6ead997-badf-cb29-4a8e-48fcfdaa4f66,嗓,嗓
d6ed3c0f-4233-421f-b822-94f81043865b,套,套
d6f33c4f-bf5c-15a6-d338-258f43d34e63,就系,就係
d6f41b2e-9e26-4296-8440-2a0fb505d5d2,得分,得分
d6f743e6-8e8c-408a-a9a0-38f1e6a76ea9,毫不,毫不
d6fc21c3-de6c-d037-1aa4-7e0faf74ed6d,湖南省,湖南省
d7017450-99f2-4f6d-b46a-916c0738a515,高傲,高傲
d70be7f1-2000-64a3-c010-6c82ce049c1a,空缺,空缺
d70c4e8d-49f0-479e-aad5-ccc0dcd2d5b4,宣称,宣稱
d70f1b57-f79d-f70b-0570-fca4ba71f217,而家,而家
d713362a-3a4b-0a5d-376f-db4ff3bea94c,早点,早點
d7198fb4-701b-4b4b-9210-2fa1a1de5788,大数据,大數據
d71b69ba-a544-4fe0-be5f-24a460666d4e,地球,地球
d71eaac4-0ba9-467d-be46-cea554f80223,消极,消極
d7201acb-8bd9-4c9f-8411-b7011a450f6a,特地,特地
d723f19a-63ad-4e71-a8f0-fab54560d0cc,差不多,差不多
d7348a04-e4b7-d424-a038-63ee31075af7,就好,就好
d7395e3d-9950-3749-4cd3-5d6cb68065d8,诉,訴
d73c8e07-41df-4842-a4fb-9a1d1682fe04,势必,勢必
d73da630-70a5-113b-ab2b-6f273e5aa802,储,儲
d74529b9-ca71-44a5-a18e-30fd41961fae,补充,補充
d74ceb7f-4fc5-4238-b0e1-f03be4362544,监察,監察
d74fa050-a9ea-1fc3-56e7-f742ebfe77fb,人大,人大
d75205ef-4447-9477-9130-597603702577,梯,梯
d754a876-db5f-480b-a1d4-288b366c16e0,丫头,丫頭
d757d52c-fa4d-4237-bcde-ff4319c56bd0,多媒体,多媒體
d7629eec-d205-4866-99f3-cc18927ba790,生长,生長
d7635e03-955f-42df-b958-3b13ae8501ae,库,庫
d76463d0-0d43-5bf2-968b-7e5b2d9460b2,腊,腊
d7666ca7-bc36-250e-d3e4-b9c0219933a8,想要,想要
d76ae42b-808e-44f8-8efd-1eeed8b9a361,女士,女士
d7723974-e753-4541-8a75-fee33c5afcb4,紫,紫
d7768767-320d-31e6-c5b9-bfa3fc4394b1,蔬,蔬
d7777ff6-5fb5-475f-0e13-1499ba20513d,视而不见,視而不見
d7782ea3-77b1-1737-5205-6db672bec61e,伦敦,倫敦
d778918f-3033-dcea-e435-4673eae8818e,利物浦,利物浦
d77a11f4-6395-956d-b566-af32486cf514,个月,個月
d77b4d37-d0d1-42e5-996c-3317cbe51cd8,花瓶,花瓶
d77d7733-87f1-496b-b1ac-9f9bb5cc5c2b,回到,回到
d7805202-e2d4-5135-4b69-95559aa6b994,华氏,華氏
d78a7d57-c196-f259-1ffc-1b1689725139,舷,舷
d78aaec3-225c-4eb8-993d-87b669e50fef,网点,網點
d793be2e-47d3-460a-ba08-ff6b0967f4a5,短缺,短缺
d794be5a-5a16-6cb3-e93a-dbf3e8f93bd7,唔系呀,唔系呀
d7963e86-5bb3-97f4-0f8e-3b919fb9c220,由头,由頭
d7967c23-b52d-1f41-3153-dc95fbaa4b06,菠萝,菠蘿
d79a4f2f-2db5-4dc8-a001-4df712a9127e,球,球
d79d1705-e4a6-4afe-a4c0-74892b4905c1,间接,間接
d7a18381-d9e3-4d2a-b4c3-b6810a88abd1,灯泡,燈泡
d7a7b3bf-8109-416a-90f4-df6319a547ff,邪,邪
d7a81d4a-becc-e964-0505-4230a0767fa4,红军,紅軍
d7aac699-afbf-499e-a100-3a36835543d1,共有,共有
d7aafb76-73d4-aec0-fbd1-6d82bf198e54,州长,州長
d7b2136c-cdd4-70f9-345d-3857d3c349b6,谈谈,談談
d7b6a50b-723f-4a50-a1a3-6e78da93af5d,上任,上任
d7ba8aa7-4876-6c18-edbc-19912c893606,夹克,夾克
d7c8e361-c84e-4df2-937e-ae0d58de779d,管理费,管理費
d7d1c005-7c44-1020-f7a7-e65e91d442c3,例,例
d7d5f17e-4183-4e5a-8142-ee21b01ec2c5,彩色,彩色
d7d88e07-2abe-464d-900e-1f85804127ca,宽容,寬容
d7dfaede-bc0d-42b8-857f-15b850ac7d28,锯,鋸
d7e27782-5c2f-4cb2-aca8-acc27e760089,运作,運作
d7e296c8-876a-18e9-d7b8-5f38010da348,前夫,前夫
d7f6e919-8801-152a-626d-711fe4a8c570,舞伴,舞伴
d7f7fb4c-e7b6-4323-a320-8ad8c58d8e11,当心,當心
d80753d6-d016-3bc3-2992-43ae86c8028e,亡,亡
d80ec1ad-9f72-4a26-a751-bb0a4b4a6900,不算,不算
d810f53f-4af5-849d-ff9f-06b4e721d384,电路,電路
d81749ab-f127-488a-933c-62168f1a24ec,没法儿,沒法兒
d81eb029-9989-4c4e-8567-590741f86927,低,低
d81f12f2-d7f6-4b9b-bc39-1bd638391911,路程,路程
d8229186-6ab1-4686-89ab-6f254a25106d,屈服,屈服
d822f115-e580-3fde-f104-568e4291abd1,摩羯座,摩羯座
d82be9ca-76ce-41b5-ac45-2298c334abb3,市长,市長
d82c0777-df37-4916-6e60-d9755d14c274,尼克松,尼克松
d82e8acf-363e-4f83-8c5d-b4994cd486f2,空中,空中
d83ae4f1-5821-42d9-b1c1-bd3d9107678a,闭,閉
d83cf3cc-f2f1-4cd9-86a6-d988a39bbfb3,前景,前景
d840ea37-fb1a-4cde-b513-dcfc7b9b9538,整合,整合
d84362de-9de5-4917-ae7f-9e456fe7ba3b,他,他
d84c144d-d6ec-426c-a375-e5da9c20b0f1,控告,控告
d84dee60-59d2-43e3-8a0d-7c0d8c69857f,生态,生態
d852457f-0856-40e4-89c0-d1e118e73d03,灌,灌
d857d30e-d64e-64bd-2ea1-385ade2deb6d,兮,兮
d85b91d6-8402-4290-9aa3-c1ae55cb2895,信仰,信仰
d8679246-e22d-29bf-d55b-1a7c74a6780d,阿叔,阿叔
d869f912-762b-499c-a24c-a9b9dbedc2c9,最好,最好
d86b2014-95e0-0459-ca39-ad645cdb66f7,未知,未知
d86d6b35-d856-4463-bcb8-0756063a6a75,成天,成天
d87390a7-41e4-4f3d-9bf8-8caba5a917cd,缓缓,緩緩
d8749d1c-7985-4390-a1dd-552bdf3bab9a,确定,確定
d882870d-63cd-c60a-5a92-7f8a39cf0ed2,入嚟,入嚟
d88b6a87-e5b3-a90c-3a8c-fe779a38ce84,修炼,修煉
d88f17f4-5343-4203-9dcb-081a71167871,引诱,引誘
d89016b7-5bd3-41c5-8106-8478b01a0e9e,被,被
d8926c16-1c7b-4698-a467-5c0e1957c302,收益,收益
d89430de-e086-1d02-958e-964855a798dd,若无其事,若無其事
d895ef5f-20fa-4590-b4bf-d47a241ddb91,打架,打架
d8a8773c-adcc-8d1f-559a-6d661df2f7db,会议室,會議室
d8afe72c-de17-45d1-ad46-86bfadf02102,展示,展示
d8b3d66a-87ee-9c3e-40b9-e46fac21188c,心怀,心懷
d8c3c224-cbef-8fb1-40dc-8072160af5d2,肾上腺,腎上腺
d8c4bf0e-7c6b-4d7a-870d-19f2746a844f,躲避,躲避
d8c50be4-3ea1-ccf9-0da3-cf97b5ea00f3,逝,逝
d8c72a7e-852c-4ea3-91e8-15b96efda135,牵挂,牽掛
d8d4288b-27c9-4a1b-97ff-02fc69b5365d,担任,擔任
d8d7d8f6-0011-5d5c-17f8-a7081a0798da,校,校
d8da01bf-fb80-4dd5-9f9d-d12d9f76fa47,积蓄,積蓄
d8dce2c6-44c8-4688-64d4-e0c0b263d429,烦人,煩人
d8ddf25c-a4c1-41ea-8425-bcaba48314eb,攻,攻
d8deae98-b11e-7c24-c16e-7fe81ffcade8,时间,時間
d8e12fee-f4a1-a15b-909d-0e771626ad7d,小鬼,小鬼
d8e495de-8aee-4d16-9c46-905ea823c808,善良,善良
d8e86cf5-6952-4349-8130-0735eb5626ac,父亲,父親
d8f2d2fc-9a39-4e0b-8ffb-b236c2ecb5fb,收音机,收音機
d8f36530-363a-4381-9d57-0af758966c92,高明,高明
d8f7c034-5500-d25a-ddf6-12a9a01a3396,轻轻,輕輕
d8fa103c-1e41-42d9-a901-049c7f23df6a,丛,叢
d909c549-2ce1-41f9-8150-bfe848c81e2a,轻松,輕鬆
d9151dcb-f16b-eeee-91d6-a28667ab6217,欧美,歐美
d916de96-142f-4b0f-9fa9-e7cee14fd681,反映,反映
d927e401-2a6b-c965-f933-5f97323f8fd5,络,絡
d9327cc3-2d5d-8270-2e20-f965c2986c33,已然,已然
d932b59a-589e-48d4-9640-0e391e9b321f,扎实,紮實
d934fccd-d65c-41a4-9cb9-086a468a49cb,共同,共同
d943a56b-c972-8726-6ce7-76bbf606a262,肯尼迪,肯尼迪
d948308e-c2aa-bcbe-98b3-5e4c793a9a93,辛,辛
d948487d-066f-75c2-44fa-822d8551952f,点都,點都
d948d2bf-0bb8-0e97-7a8e-effe0109816f,林业,林業
d9523c89-544b-4443-a3ba-973ee6f68cca,橡胶,橡膠
d9572419-53d0-c434-7e9e-57675aa46b8f,闪亮,閃亮
d95d5edf-b85d-27b2-23cd-645446e2ca83,进城,進城
d9605070-e4c0-f15f-de7e-d0371df9fa2c,欢喜,歡喜
d96113ca-c685-35c4-f0b5-d35a92ffed9d,山西,山西
d96551b7-30fd-1bdf-c4ab-5c181505c14a,鱿鱼,魷魚
d96b543f-f7c5-4d30-a61c-42aa866348a9,担当,擔當
d96bfe72-d7fa-366f-ee73-89097836c22d,讯息,訊息
d970de26-e0ad-1275-ebd9-026d40fb38d9,睾丸,睾丸
d9746452-f16e-4048-9c57-60d734df7dff,欢声笑语,歡聲笑語
d984a1c4-170f-43fe-813f-851f731d11d0,着实,着實
d9917fc4-d892-4c3b-9d18-45bf9eb9252a,廉,廉
d9934acf-33da-81af-afc6-561fd78d4e5d,照看,照看
d9944965-6206-448b-baf8-249dc53e4880,极端,極端
d99a05e6-24ea-516a-0f07-349b1f778286,鲁,魯
d9a092b9-eb89-4db1-722b-312b35520cae,核,核
d9a34b5d-47ed-9147-fece-49d1c19ad85f,服务业,服務業
d9a784d4-8764-4454-ad15-2610627490ca,老人家,老人家
d9ab09db-ec3d-e37c-9303-39f5f91239b2,真,真
d9ad7e8f-dc19-4856-bef6-40785c64cb62,作文,作文
d9aeeadd-d862-2c8d-4f25-6cafc194c235,为之,為之
d9b579b7-dae7-41c7-8c3a-d3134920bbe9,团聚,團聚
d9b8c516-0076-4a8b-bd64-feb2ec29aba7,共享,共享
d9ba83e2-d092-45d0-8f99-fd8278d74bf1,激动,激動
d9bbc243-aadf-52d5-7514-f171b0124d34,媳,媳
d9bbea35-0b05-008f-0eed-b177b75f8ab2,就此,就此
d9bc9bcf-77b3-43c2-8e7e-ab8ca3e0996e,难为情,難為情
d9c30d79-f0b6-49c7-ad8a-79e0147ba6c7,植物,植物
d9c6c5e1-eb08-00a8-798c-e49056ffab0e,抢走,搶走
d9c80f90-814c-f3af-bcb9-e713ca16a0a8,汉堡,漢堡
d9c84478-ff5a-39ae-a690-6252a1deba04,兽医,獸醫
d9c870ba-ac6b-ebc4-cf21-63bdcf0e8b28,控,控
d9ca7006-c4fd-4b91-a4d2-35974deefa4f,千,千
d9cbc71b-7537-40cb-ba4b-e6693af75f8b,歌唱,歌唱
d9cd94e1-e930-487e-81e3-a2734061f014,对准,對準
d9d0e964-a009-4209-a7f8-68d791dd542f,熊,熊
d9d61637-7feb-5acd-9325-9eeaa2ad6273,尤,尤
d9da365a-243c-2053-59d8-9156a309d4d1,怀,懷
d9da5eb2-c7c3-4b65-a6e7-e43f524f9b3a,为何,為何
d9ddecf1-1f33-4e38-9379-c6c5ee4238fb,赶赴,趕赴
d9e1cc2c-c86f-423b-bda6-be568093af62,上头,上頭
d9e6ee90-ddcf-4853-9b7e-e58c91f39e4a,些,些
d9f28fd9-3cbc-4918-8109-e6b35c3fbf7e,扳,扳
d9f44a69-29d5-4706-86ec-ddda489163ca,加油站,加油站
d9f9602f-b49e-4746-f929-e66ef088262f,那个,那個
d9f965a9-1769-9e94-9233-1e05aae00961,为生,為生
da0210a4-b23e-4b54-96fc-5f4b098b7d65,更加,更加
da02b341-985c-47ec-aaa5-217724ebd1bf,头顶,頭頂
da03fd06-8d24-5f8b-8201-67c624b76335,创造力,創造力
da0a3762-5e3a-4896-925a-7233c6b4388b,珍珠,珍珠
da0c991b-71a5-4022-b54c-6aa95e9a8249,招牌,招牌
da0e413b-20e8-447b-985d-7a3c8e59b6c8,新兴,新興
da119350-1534-482b-9e76-664cc93ab18d,船舶,船舶
da11b721-b47d-d38c-bf6b-8ac61dad7813,江泽民,江澤民
da11ce2b-e98f-47f6-bdc3-66c007c7c082,迷路,迷路
da156084-552e-4088-af13-e2dcad8b08cf,傻瓜,傻瓜
da18dda2-454e-2420-3fb5-093f85ed4e30,偶遇,偶遇
da1d5037-5503-4338-9e92-c01657246e4e,精神病,精神病
da2340fb-a460-8145-3f44-210aa7cb196a,枪战,槍戰
da27ec17-fc99-3433-d1c6-a18fd286b7a3,既有,既有
da2e3b9f-72b4-4ab0-a081-f27aa980d23b,耀眼,耀眼
da31391c-ea3e-4eb2-b1fc-c3fda108bdd4,尽管,儘管
da34d387-59cd-44d0-9771-3ac74b9eaada,微笑,微笑
da365db5-01fb-ea99-6670-c79c575bebc2,惹麻烦,惹麻煩
da366a66-2d0f-71c8-c5fb-7ed2d8c40431,血清,血清
da3dc90b-2c48-4ca2-8c0c-59781c8ca975,开始,開始
da41957f-1cb1-c4db-78cc-41950874f9c8,画家,畫家
da4416aa-7464-ce03-f935-02d367923ec9,合法,合法
da450f3e-8f66-46f6-9846-61ca8f4f69c8,口哨,口哨
da47e1ef-2053-4dbe-ac92-856e3e840053,现任,現任
da49dc80-45ba-4110-968b-bfa4ae09bf89,发呆,發呆
da4cb1aa-b6c7-4d37-a533-c653d116693c,唠叨,嘮叨
da4f3149-550d-cd7a-406c-14f6c682bacc,人流,人流
da5c0bb7-a75f-43f6-941e-353ed66a5656,小朋友,小朋友
da5ddf1b-400d-44d6-8d08-86cf29b6b1ce,广场,廣場
da6171ce-ac0a-4288-99f5-4ded3efda50b,喷泉,噴泉
da63e1c1-6ab0-3725-29cb-d1c5ae59314b,誓言,誓言
da67e663-16a3-427f-3d7c-9a104ae80e31,超人,超人
da6e9af1-2f83-83c4-5b75-b8550a42903b,汉堡包,漢堡包
da738b78-45e0-795d-677d-1a386df5117f,床单,牀單
da7fef99-6db5-4b6f-bfb6-7f39bf7104bb,皇上,皇上
da801660-faf0-4fa6-b2de-8e37f8bfb0ba,心意,心意
da8729e7-577d-78b7-50a8-5bcdf66c8a0f,这种,這種
da88ba04-de89-484a-b071-0d42b194b73c,登录,登錄
da92faec-76ec-404f-a14e-d4175db843ed,意向,意向
da947062-9ee4-498d-9590-eca5b5a16783,遵循,遵循
da9d002a-719e-4f6f-fb1e-7d4f03377010,州立,州立
daa76a51-6dfb-417e-8180-51f0f577e002,拼搏,拼搏
daac9790-4a67-4d94-a829-7151f9239f02,幻影,幻影
daacce3d-87a9-4262-bb5a-628367fea406,终结,終結
daadf3fc-ba74-961d-e583-b6182b3ed3d8,永,永
dab04368-3209-434c-931f-f5f2bb705a5a,一直,一直
dab4ca95-7368-4e86-96ce-d891a75e0633,收留,收留
dab6ba53-be41-ca17-19bd-eaa4d51b5929,足足,足足
dab8359d-4341-4942-943f-90929fc14471,标本,標本
dab98737-5b87-48da-b784-13c1e8ee5ba1,饭碗,飯碗
dabc42e0-1fd7-0b98-645d-01caecf54298,修正主义,修正主義
dabfd3b9-59ae-7370-7768-7d11b5a21f16,蹄,蹄
dac67bdf-1aa0-45d5-9cad-82601ad8b86f,诱人,誘人
dac6af52-004a-ff56-13ee-145ecca6ae87,地盘,地盤
dac859c4-b4aa-4955-a50b-4f5726c2fe8d,烤,烤
dac8c468-22f1-8d82-2a64-70e0396809ed,隙,隙
dad04ed4-7568-baab-19c7-8bd82419d8ac,下下,下下
dad054a5-27ed-4e1c-af01-8a17eabdaae4,决定,決定
dad0924b-b0fc-1d3d-8f32-0afe8d4695e8,妖精,妖精
dad45ce0-a8a9-ffdb-578e-949da13e9828,面对,面對
dad87506-4e3d-830f-a14d-0046e87b4178,表,表
dae1693e-b282-47bc-9117-e931937274d3,认出,認出
dae1ef5f-34d7-0313-1040-5d08a07ee39b,摇滚乐,搖滾樂
dae299a1-3443-4c92-bfc7-1fb949142cde,湖,湖
dae54bd2-ffff-3551-33e4-27ee03170664,参拜,參拜
dae5b7dd-3bfb-4265-a7fb-004c325ac60d,卧室,卧室
daec7530-5dfa-40bb-b36e-f5aa0e3ab846,滑,滑
daedbb7d-051b-4374-8acf-d7c090bdcadb,虚,虛
daf3268f-cd76-d8cb-2969-c900024cb6c6,大话,大話
daf3c734-21bf-417d-93a2-5c7f34fe2454,小区,小區
db021f8a-ad7b-20ad-f8bc-88af17a05469,发售,發售
db02daea-84c3-71d8-d831-034637e7703f,署,署
db0375d1-f91b-98c2-1a85-3fb6e9516698,幼,幼
db072893-ff58-4cbd-aaa0-ff64ccbdd79e,即可,即可
db0bbfe9-a06f-f508-6f94-1bd2cb7e2bf7,布朗,布朗
db131100-1917-44d5-94f0-65285aeaca10,娘,娘
db1881cf-ecfa-edcd-fd4b-3b49fe35717c,跳出,跳出
db1bf257-8702-343b-4f9c-a7d6060f1ce4,丹麦,丹麥
db2010ad-191b-de1b-f097-1a79c4dcdcb7,魔王,魔王
db237289-f15f-4042-9648-3653b9ab9551,时光,時光
db39d9ff-b336-43cd-a69e-aceeea6f7cc9,初期,初期
db3b1ed0-b31c-49fa-adbe-5c1c78979bba,集会,集會
db3c457f-0db5-add3-7d86-f69b41a645b2,特首,特首
db3c7a92-5945-082f-2509-595cd4c95937,器,器
db4c735b-75df-5902-8712-f7c38a6b4023,玲,玲
db54c1ac-0b5c-28be-e187-138fe93586c0,登顶,登頂
db65755e-b6ee-78b1-32fa-2153854b4da1,星光,星光
db6933d2-0837-465f-a0c5-2591b9c42273,陷,陷
db70c347-0b62-c7cd-1936-e5c2035abef6,服务生,服務生
db713db0-8abd-4b05-9e08-de690c458c80,之所以,之所以
db73b7ab-4383-4bab-bedb-e036ec7c6c83,定义,定義
db785440-a492-4b4d-abbf-f860c9da2a6d,图书,圖書
db78728e-7765-4e70-a513-f78c3cc5ab8d,车间,車間
db7a6ea4-87c6-4665-94e9-82a4df3d87fb,坦然,坦然
db80a438-915e-dea4-f246-bfe7ba7bdc7d,骗局,騙局
db82aa03-8920-4211-b082-5108b3509a21,选手,選手
db83a56f-d186-f084-4376-8669e8d2d6d9,喋喋不休,喋喋不休
db90840e-979a-4163-889d-825903484d21,头疼,頭疼
db90dfad-c2ac-f9be-7d5b-acfd694770a3,眼中,眼中
db96e2bd-39b0-1e9c-69a9-b0eb2d9e8bcc,奥,奧
db9aa2ec-b804-4dd2-bbd4-423f9a8d5231,奏效,奏效
db9b377f-0d4e-035b-cd31-6393fbf9cd51,处,處
dba4b9b3-f594-4df3-8b64-73d395e6501a,名声,名聲
dba5720e-a572-3196-f0a8-c47a94ca65e7,信徒,信徒
dbaae787-74c3-4123-98e9-eef79707602b,手机,手機
dbab7d4d-e6b9-4bd3-86e6-56b5bc1c16f2,牺牲,犧牲
dbaebaf1-4c2a-4f99-9dee-0c69248e4619,推,推
dbb3e04f-6abb-49b6-85d0-b85ef5e3c2f0,调节,調節
dbc082ae-e90f-6055-04df-979ea0a2594b,间,間
dbc0c88f-0302-4436-b7e2-8418a0ccf3f7,残疾人,殘疾人
dbc33a1d-f957-be0c-0747-0424be7a2583,嘞,嘞
dbc4d773-abaf-49f3-a37c-90eb635a201f,救助,救助
dbcb8556-6191-4b5e-b9df-53970850e165,赛车,賽車
dbce7917-3f4e-4e1f-8d47-7b25f2f36079,粉,粉
dbd178f4-5e63-be57-6edb-072cb97722b0,支架,支架
dbd2bd4c-a2c4-40f1-a191-3d12839225d1,客观,客觀
dbd6d894-1423-48ed-8af2-0bb7d93d65a9,苦难,苦難
dbda48ae-d519-43a6-801d-1ed37e597587,春天,春天
dbe0cc17-dc86-c0c0-67dd-593baa88fb4a,摧,摧
dbe0cd3c-485b-4677-9a89-7e70529b243d,有益,有益
dbe1cb5f-1187-48c7-88e5-319d2cdd270f,燃烧,燃燒
dbe49d37-4d32-4a87-bdf1-ece665ba366b,把戏,把戲
dbef9734-5ac1-465e-8408-ef8cc10bfc1d,绣,繡
dbf08743-fdc9-40de-a30e-7ba80a7b7148,肥胖,肥胖
dbf198ed-eb34-28af-29ea-1efc53f81510,吸血鬼,吸血鬼
dbf1a423-76de-1d8c-64fd-faccd316bec5,林,林
dbf6b1ef-d45f-47e6-ad08-520eba49beee,等级,等級
dbf9a74c-4fc8-4364-9c1c-559fca75176f,折腾,折騰
dbff1e49-00f3-49bc-8672-d295ab46fbe7,相差,相差
dc017cb0-e98b-4fc6-ae9d-41646f216e22,称作,稱作
dc01a3e2-819d-f1ec-6116-a946ac44be99,男仔,男仔
dc0834a3-4bb5-4506-a83c-bca38ae7e4e6,举足轻重,舉足輕重
dc09495b-b40d-8c59-f4c7-2ebff926458a,军区,軍區
dc0d5765-9e5b-ba1e-eba4-03a5c2f0cbda,所得税,所得税
dc0e3d77-9607-c78e-d373-20ca9da93c72,急诊室,急診室
dc0ed4b7-8c89-1810-3768-54c9672147f3,园区,園區
dc11a9a3-bf32-a599-120e-860cd2c7249e,收益率,收益率
dc16176d-7fbc-4059-8e7b-55fd4b81bff8,宇航员,宇航員
dc1b99ad-4b2f-4cd0-bc08-2a431369a05a,后来,後來
dc226ffb-6c99-4998-bc8b-e33e43fc9ba4,妥善,妥善
dc2a156b-cefb-e9a4-2cd2-3d8ec41e94fa,惊吓,驚嚇
dc2fc5aa-94ca-4f0b-9c1d-2ede619fd8c4,资讯,資訊
dc2fc614-7d84-e956-8fc8-f6b6a8b1195b,屋企,屋企
dc34f184-e56c-4456-a314-25f2366f799b,圣诞节,聖誕節
dc3e0bc6-e75e-4634-9a03-25cf84e52b38,优点,優點
dc4480c7-52d7-4ea8-ba5c-d312f06777bf,一面,一面
dc499bee-7d43-4a87-8c68-93235ec3245c,纪念,紀念
dc62ae8b-ba33-4665-a691-8151f2ee0941,容量,容量
dc63fec9-3720-db52-011a-4c6a80e3227a,大半,大半
dc66f99c-be09-41a6-98e7-2f8bbcea5f0a,升,升
dc68599e-9a84-4b40-bb93-b288089bbea4,旋律,旋律
dc6c7f5b-8d67-3189-8d96-00ead6b77b76,出击,出擊
dc7a1473-cea6-42b6-a726-71274e96326a,总计,總計
dc7b384d-d64d-ce71-422f-69531568c548,电商,電商
dc7b8daf-6878-932e-0a39-f01b50e62554,怜,憐
dc809a7d-63a2-4fe3-a0d4-b0a85fae7fcd,剩下,剩下
dc8a2b1a-ee28-1483-20ae-4db59441bac4,无需,無需
dc93a040-f7d0-4b76-a70b-b0d482ef8ad2,后果,後果
dc9a110b-ea47-441a-abaf-29f4e60083f2,火车,火車
dc9b1bfa-24a4-0043-3bb2-8836c6d5e518,埃,埃
dc9e7501-c32b-462a-ad46-261c5b92d2b5,完善,完善
dca9c2c4-ccb5-c9e3-a22b-1b442dff0945,头巾,頭巾
dcaaa06e-3913-4bb1-bed2-e75291b73f35,进步,進步
dcacc6e8-54c3-52c1-77ec-dda855c381c8,婚,婚
dcb81ea6-57c0-887e-d960-47da651cbe16,调味,調味
dcba2092-631c-bec7-971b-3a1a1d198da2,陛下,陛下
dcbce453-18d3-a43e-e999-12dc6ae23bd1,警,警
dcc4b95f-500c-4974-9c69-e1eede408ce0,未必,未必
dcc747bd-e766-d4c2-ff1d-4ce3a84587c5,昼,晝
dcccb471-210b-4df3-af97-5aa91bc24f73,流氓,流氓
dccd2740-fecd-bb32-b7ce-c08f827fa4d2,畸,畸
dcce45a3-a321-4a25-9e25-769dfcb9ac47,荒谬,荒謬
dcd1636e-4fa3-0b1d-879d-b05cb7831e7b,材,材
dcdfda14-c1b2-7451-38c3-ab865b8b7d0f,公安,公安
dce04cf2-b081-dcbe-539c-d75122af508c,主公,主公
dce04ea0-8d07-90bb-c0e9-c57e81b261d4,剪辑,剪輯
dce20c70-4c78-6124-f08f-755b6183cd90,洛杉矶,洛杉磯
dce21ace-ef9c-4c8d-a5c1-0bd6db0fb53b,羡慕,羨慕
dce3a61c-e310-217d-3119-a47f0abf3974,荧,熒
dcf1734b-903f-e914-8cd0-d31ca4892487,领导人,領導人
dcf2fa85-88a1-45ae-9fea-89986329216c,帐篷,帳篷
dcf9d137-58a2-4272-8fa4-5916ff6861c9,身价,身價
dd15e9cf-8ec0-0e15-f98d-70264abdb242,供电,供電
dd1c5fe3-d44d-7744-e81e-d8b0143d3601,范,範
dd25559d-81db-4822-87f6-6a0f0353c968,激情,激情
dd2772d0-7827-a09f-48b9-b779cc5f206d,朱,朱
dd29e8e2-6d3b-4e02-88df-dd4863827580,只不过,只不過
dd2d8f9c-9688-50e7-aedc-b653dd9d6d1d,祈,祈
dd3e9da4-ba70-ccd7-e760-16cb97c146dc,装,裝
dd3ecbf8-dab2-13e1-3aea-cd82961f89e2,主题曲,主題曲
dd3f8f86-a09f-89ec-6fd6-1208eb81202f,领导者,領導者
dd434077-2390-47d5-a635-b9a147643f9c,会晤,會晤
dd438064-e095-4f84-ba23-91a7e7cce7ee,出席,出席
dd451142-abb5-8178-982c-f8e6fe1337d5,走出,走出
dd467cdf-24a1-440c-a452-ad5d5af8a1a0,变动,變動
dd46fce2-216a-1c84-e053-61df1ffb5ec6,超,超
dd4eacd0-39a8-4b80-b5ba-0476837a2f21,盗窃,盜竊
dd5ccf7e-895d-8276-6874-4fc8c41c988c,充值,充值
dd5d53a9-5b99-47b5-9c1c-c80360516155,赐,賜
dd5d603b-23d5-49b4-bd7a-daefcd7f34da,研究,研究
dd66c6eb-c4ed-7e08-a9a2-b7fb11a4b17e,星期三,星期三
dd67a4e1-bc4c-4175-9474-12fa835a534e,绿化,綠化
dd68b03e-d3a2-e836-c17c-1c917d20b0a1,拳手,拳手
dd69514a-9ae1-4660-8cc7-1f4563c9fcb6,查尔斯,查爾斯
dd70e3d9-d97b-474c-8001-2d4ba38b1f6b,从中,從中
dd7234f9-5261-4c47-8cbe-d93c94a1247a,直到,直到
dd831073-69ef-4644-a899-f5303d57472a,路段,路段
dd85e3f8-f0d1-4ee3-a36d-c12804dfe3f2,境地,境地
dd957713-8d23-4c97-856b-63334d74dbd2,空气,空氣
dd986636-c421-aea3-f8e5-6e6cc6d36787,先知,先知
dd9f3e99-22d6-4157-af78-f499407a2da1,恶劣,惡劣
dda06bd3-d7b8-6917-3f7c-12629aab6887,妄,妄
dda4fdd3-b9de-cb83-e286-fac928e4b2e1,曼哈顿,曼哈頓
dda7a9c9-0211-4c1e-b434-68b27ca7aa4c,更新,更新
dda88aee-17b5-4019-a2cc-c6edfc205bd3,着急,着急
ddaa77b7-0e2b-403d-859d-54e16686d50a,剥夺,剝奪
ddb08e6b-99fe-45fe-ba87-f4f1cadc3fe8,发言,發言
ddb0fbbd-78d2-4fd6-8b0e-befb81dd56e1,大面积,大面積
ddc19b3d-2a17-d507-6a5d-edf061af03f7,篮子,籃子
ddc4e57c-8ac0-3e95-3280-087c6c7ad467,饮,飲
ddd711b4-b103-40d9-a6ff-b764e2078fdd,简化,簡化
ddd83f38-e57b-6514-6e63-db170fc5e01a,吹水,吹水
dddfc3db-6ac9-4c19-80ac-769caa5f8842,砍,砍
dde0ab53-970c-5662-68bb-e9bf5a305fdc,穗,穗
ddee8f84-0b8d-4e48-9b6c-938b0eca521d,成员,成員
ddf83869-2568-d345-7b13-8108ec0d92be,蛋蛋,蛋蛋
ddf8adfe-f80c-48c6-a682-750c125b711e,醋,醋
ddfd71c4-1880-4d00-a393-6b84d4e4554a,出来,出來
de036a10-b9a4-4b96-bb79-189c111432da,大楼,大樓
de09fb47-b03f-4275-bfae-de50385eae9d,因为,因為
de11ff63-7958-42b5-b5a6-dedb22f4d665,薪水,薪水
de1cb83a-55c3-4f11-ab69-cdf002eaca98,服用,服用
de2d91df-f14b-4a2c-b86c-d07dda029be2,参考,參考
de369820-7a21-958e-6e8a-0a43f1468498,群岛,羣島
de36df7c-f185-47e4-86e9-d80df15bb9f0,预报,預報
de373288-59f1-4417-b4b9-f0a5e403954e,安心,安心
de391bf3-a125-095e-b357-f19fe2c9dd83,身处,身處
de423075-0017-b507-cf89-ed19cc3f08e9,道奇,道奇
de441417-a936-ca0b-0bad-b7cffac5c0ae,冠,冠
de478c41-69c9-298d-a05e-4df8a7ca5942,一向,一向
de485558-0e09-3fef-6054-2aed48fdbd05,监禁,監禁
de4c792b-260a-4f97-b1d3-798302dcebe1,宝宝,寶寶
de4cf591-2ee8-4d35-acbe-efc4cba7555c,真正,真正
de5441fd-74ee-44c4-9915-061b06983df0,误差,誤差
de699230-a698-4aa3-a075-c19a1978d537,打牌,打牌
de6f5213-bc5a-41eb-9ba9-2a22e22d6041,物品,物品
de7a7d7f-f1ea-4131-baa9-16243d7b84e6,过不去,過不去
de7e33dd-280a-6a1c-52b5-b34b259f3b93,分辨率,分辨率
de80a264-c0c1-4f0b-b3f1-d762edc415d6,任意,任意
de855d54-9d48-4bc5-851e-e6477d8da79b,超市,超市
de8a2d6d-70f5-7e77-c556-a0b6cbb75d87,一体化,一體化
de8a9dcc-6d89-4e46-fcc6-ac5d45f52773,青睐,青睞
de8c64b1-74b0-4277-bfdd-4298ded5dd05,真相,真相
de8fb771-738c-4fc4-8c0b-19db817c5049,末日,末日
de9c07bf-8862-405e-ba13-e21e46fd0d62,一刹那,一剎那
de9e62ac-0c17-606a-4e96-60a8f8097c7e,同居,同居
de9fffa8-4b93-39fd-ef2b-637cad6b1d0c,不同,不同
dea04e4f-e002-414d-9bae-ea5e0f378d97,此外,此外
dea22eb4-cec8-4d39-929f-31b982ac665c,底下,底下
dea727d2-38c4-0c5a-9a0b-87e26b67197f,住口,住口
deaf3374-9d28-457c-8739-38bd099048ef,煲,煲
deb911dd-f913-9a6d-8ba8-212a6db3e1e8,帘,帘
debb34a9-7e9f-4f63-846f-6d461a6b51fc,献血,獻血
debd5724-f126-fa12-72aa-70e10653eada,掌握,掌握
debdc628-2ce5-48ba-95de-c7ae797752c0,气候,氣候
debe0395-7e43-4c09-bd7e-c5bbe0086ea5,语言,語言
debe9e3e-2bb7-4055-8db7-1589e62a6be6,王国,王國
debeb00e-f1bc-478d-91c9-dc9930a17d92,泄,泄
debf7b6b-8559-4f59-a625-41c3c17976c9,点子,點子
dec1a502-4ca7-4036-bfde-cf4ad4dac6d6,图,圖
dec44cd7-75ab-453b-b620-7a74b5ee7d4b,扁,扁
dec7df1d-90a9-7d99-5836-a2925f93aa7e,斋,齋
decabfdb-6c90-4663-95a2-066bcd1810bf,进口,進口
ded9a647-b691-4fa2-954a-0c73cdcd5e2c,戒备,戒備
dedf735a-1985-4ec0-91c4-fa6cc7834352,统统,統統
dee726fa-7e1b-4144-a54b-13787a398fa0,过后,過後
dee930d1-ec1e-4d4b-8aa2-396441b9745a,消除,消除
deee75ed-2991-45e4-b608-ec7f1ec8ba4f,遗传,遺傳
deeec319-eaad-4ace-8fe0-1a26dfe2cee5,大批,大批
def0ede1-a46d-4400-abf9-92827f725bfa,不同寻常,不同尋常
def820b2-eb43-41d8-989c-f4065e5c2c30,来宾,來賓
def85dab-abd9-48aa-9a34-5f2d4ea5fbe8,收入,收入
defb6857-049e-4e48-a490-b494ea2c0242,冬季,冬季
df00b317-49ef-14f9-d492-ef4dc2b6fe4f,殿下,殿下
df011868-50ec-4a46-b0e2-7706329f015e,小费,小費
df01c659-be2b-cf54-8b63-6aeeeb1e1f05,表决权,表決權
df0304f0-a981-eebd-3746-16b2883296be,什,什
df07eb1b-a967-4280-9e9a-081f8350162d,另一方面,另一方面
df080eba-a23e-e305-1c68-6b7a9c434dea,胜利者,勝利者
df0d2894-bd86-469c-8e13-6f7dc64a5c09,倍,倍
df11d588-55e8-9381-71b6-b779486acada,一系,一系
df151a90-acf1-601f-ebb5-534768a10399,益,益
df1a0d39-6ca0-43d7-9b43-083a28c9287e,辩,辯
df217726-5962-4a42-a449-e8ada240b8bb,迷信,迷信
df22f917-c051-4a8d-a921-ed096b1d7a41,输,輸
df26bb46-2e32-4e69-92ae-6507fcd2c376,较,較
df2846d0-6a70-41c8-03da-ccef7b7a1178,裤,褲
df28c960-0f15-47d6-ee9b-8c49f0eefba8,舍,舍
df2c9cf5-1915-ee03-2f53-a8eba2b3e120,健,健
df38c1cd-5d63-4fd8-bf98-60c3f87f0c79,成绩,成績
df39c961-c7b2-4a73-a449-ffbb66394419,地址,地址
df3a84f9-687b-2072-8084-691a8a90d204,霉,霉
df3acbfa-f1c4-4f12-33af-b2e92aad6738,谂法,諗法
df3c7dcd-05eb-4c33-866f-1f42d7a72e51,一流,一流
df41a0a3-8d05-4459-baaf-afa5608e43d8,祭,祭
df43584d-8d68-4799-9694-7681c23c3cae,收据,收據
df45bfc0-0f2a-4c06-b38d-0a198d2b8fe2,学,學
df5049c9-b7eb-4e4f-ae6e-2007785b7762,微妙,微妙
df5be2a4-5f69-e7be-831f-5c1adc7bcf56,对面,對面
df5ce608-8cd3-f8b3-e229-ce7cf4408bbc,旺角,旺角
df67a4dd-bb7f-413e-90ac-c87cf985e5e7,民用,民用
df6b6b30-513f-ab2a-2898-339bf2f07159,冲凉,沖涼
df6f5220-494c-470b-9e8d-015f203ac6cb,愚蠢,愚蠢
df6f78b2-bba8-fb07-1fb7-27269629ba48,办案,辦案
df71ff7a-ced5-b239-f208-65f922cfc2a5,遗言,遺言
df767389-657a-42ac-82e2-0b039c3594ad,穷,窮
df79eff3-bab8-4088-8634-c1976145e493,监督,監督
df7b5888-69f8-472b-96da-a097e592818e,黑手,黑手
df7eda92-a71d-72b5-e705-0dc61fc227a2,搭讪,搭訕
df87b45b-8b17-7e73-013d-26f1291c4113,不及,不及
df89e6f0-5c6c-4855-b853-5370fd2c2981,围绕,圍繞
df911896-d903-8de9-6e57-3bb90e386b4d,卡特,卡特
df942cd4-ea6c-474c-ae94-b4c5dcf0ba37,肩膀,肩膀
df94cf16-37a5-4045-96d0-80d9b9b5cf26,唔顺,唔順
df966b7a-a031-6064-3af2-c0a295b5d326,尤物,尤物
dfa094d2-15f6-7d54-9ed4-ff056b072a98,笛,笛
dfa773ea-170d-0820-1a00-79f763e6f2c4,统计学,統計學
dfaf9edb-1f64-8a5c-93ef-475d7f51c474,法子,法子
dfb3c2a1-c96f-1010-4742-451145ef454f,武功,武功
dfb79087-a649-4337-a265-5bb5ddb5ce21,谅,諒
dfb95def-b9c8-c149-17f9-365fec632acb,印度尼西亚,印度尼西亞
dfc04ab7-bf9f-fa2d-6cbf-5f264bae7f00,光头,光頭
dfc645ca-8615-4292-b1be-6bc8b1774792,许多,許多
dfcb8422-f753-478a-8b4a-4bd834f92ceb,紧紧,緊緊
dfcd850b-1b67-b95e-a5d7-93a8c26f89f3,专访,專訪
dfcf7ba1-de84-4635-ad67-e7f890bf7f77,转告,轉告
dfd48792-d835-4364-80e9-d327bd3bf2ce,本科,本科
dfd5b94a-cd5c-5c9c-b075-f406f4a65bea,监护人,監護人
dfd6647a-b0b9-4839-87af-666f025f4585,侦察,偵察
dfd79ae5-0215-831d-3fd7-77773add98bb,酒后,酒後
dfdbbf68-31ee-4453-9cb3-4905c67b13d3,离开,離開
dfde2811-c081-9182-41c9-c65d60ce2601,何止,何止
dfdedb25-09c2-5d2f-909f-530dd290bc43,走廊,走廊
dfdf0fd0-bfb7-0c73-ea9a-cee0a51ccef0,脂,脂
dfdf6297-87e5-405d-b0d0-8c9dac049b02,药物,藥物
dfe02c5f-c4c5-61f9-74d0-5103b45094cf,资产,資產
dfe29f12-38ec-d39f-37df-c6cc3547342d,点样,點樣
dff0aff2-df87-87e2-345b-cb878f1b5a36,拓,拓
dff4b981-17a2-4fb0-8058-afc1d0b87b8d,降落,降落
dffa1a0c-4a36-02fa-fbf9-846b6c971880,痣,痣
dffb206f-33a6-4a3d-3699-ada281fba4a8,纳米,納米
dffcb736-8aef-47cf-91db-cbb1bd345556,安宁,安寧
dffd5397-b7ef-406e-a400-3dd33779e737,忙,忙
dffe9073-59bc-a780-98a3-774528886762,呀,呀
dffed6a6-1016-0cdd-035a-0cdc67787315,定制,定製
e0076a27-fbb6-96f4-8d37-1ef287d7fe9f,谦,謙
e00adc27-755e-1329-9de7-2c57a19f03e5,公爵,公爵
e019ee4b-7f04-117c-f774-f64f642cfb08,东京,東京
e01afd23-7385-0039-1a52-c106999f9b9d,响,響
e025a42c-8c5b-4121-9fe2-d7a23f00bde4,教室,教室
e02769da-deea-44be-8a9d-822c7c02e70f,崩溃,崩潰
e0303a7e-9363-42ea-8141-0177fea9ad22,传言,傳言
e0394fb4-24f1-4462-9636-da19e5be6be1,校园,校園
e03b9c9a-907d-4d62-84a4-e90c25b1ae89,流畅,流暢
e03d2496-998b-1fc3-1756-2f9bc1e4b3b3,笠,笠
e044d38c-3a37-489b-ba58-8747c5c1efd4,调度,調度
e04d88a9-c44a-5e68-9540-28136032846f,痛恨,痛恨
e051b2db-68f0-4247-8e98-d725f6892e74,政府,政府
e0546441-3946-8e2d-9d84-817ebe21b043,历,歷
e0572a09-ce2c-5a89-a11c-b983446d1394,曲棍球,曲棍球
e05b5796-6f3e-4ba3-a444-b4eef3fff6be,为此,為此
e05d9db2-1c03-4fb7-9bcd-236e311d2eac,低调,低調
e05eb240-da87-ec11-97e8-6b14f49f3bf8,同人,同人
e06235b5-1687-484d-9aff-0fc1ac76eae9,却,卻
e0680df5-0ec2-0f91-cab3-369ee066fe56,恋情,戀情
e06ad584-8e7d-4b85-b708-2fbe989fcd27,理由,理由
e06bf6f6-9347-3bb3-cc68-75ed064a69e8,培,培
e06fbd69-843d-7f41-4879-8995c9753948,少校,少校
e071266b-8866-4de8-8c36-a712b421a720,阶级,階級
e074ebe6-ec87-4851-b488-a9f6c1b317a6,签字,簽字
e07f159f-ed69-460a-ad07-612b3d508257,父母,父母
e08183a8-f0dc-b999-1f71-52774b681062,好朋友,好朋友
e08b841c-607b-44e8-9a20-c134341f0b23,变换,變換
e08cb6a2-efd8-49ea-a9d5-58601cf7f965,夫妇,夫婦
e091fa2d-12b5-4d3a-853b-12ad2ba7d060,范畴,範疇
e09965fc-b973-4290-8142-6da2933afbc6,空白,空白
e09ede91-fa8e-4ca0-97d8-dae62d2b7f54,汉语,漢語
e0a7b6bc-3f98-4df0-a849-d5316c859c44,连忙,連忙
e0aaec3a-45c8-4b83-bfd1-295e001baaef,应急,應急
e0ab2a70-9470-44bb-80e0-9ef54b42362f,弟子,弟子
e0add1f9-e0cc-4740-b381-38f52a5b4772,俱乐部,俱樂部
e0b434fe-9984-4497-6072-78bb7eacbaee,清华大学,清華大學
e0b9c0ff-14be-7d72-584f-91daea034f19,村民,村民
e0be46e1-fa85-6c3c-a8b2-30d4260d8af6,荣,榮
e0c9c924-c5bc-3ffb-4b9c-e1f66c2575e8,休息室,休息室
e0d03b4b-f66c-7fd0-ffd6-71be28a0b69a,有排,有排
e0da58c4-f429-49e9-9ae6-9068bcaedd95,开张,開張
e0e8bd38-dcbb-5351-8d31-45c1bd8a9144,嘴里,嘴裏
e0ea1058-a02d-624a-bb48-cef4619741d3,羁,羈
e0eb501d-c442-c5a0-bf34-ecbefe6e76c3,见工,見工
e0ebae3d-d878-9625-84f7-ad36b05f5a25,看穿,看穿
e0f03c3b-37c1-85c9-179b-76f2e1c324d3,污点,污點
e0f2ef8e-0cf8-acbf-8726-66d321eb2644,蜥蜴,蜥蜴
e0f4a463-fe68-4fc7-82da-d9e3bcf37f0a,离奇,離奇
e0f7aee9-750a-4177-bdbd-37e93a5ea6a6,激烈,激烈
e0fa3a31-7e2f-aa5b-bffe-9be06a6f4a0a,纺织品,紡織品
e1068109-c396-a827-1335-259b663663cd,名下,名下
e1071d7d-027c-4df1-9a68-e64aafbde6bc,形势,形勢
e10a9536-5aeb-c768-5777-793b3130afb6,茂,茂
e10cf4de-b00f-46b0-a085-3557715c203a,仍然,仍然
e1103b80-ec8e-4b54-939e-bf3f7fc6ce7b,多年来,多年來
e1129ea8-2e9e-4f55-a10a-85a35fb4dfc7,欢乐,歡樂
e112e413-ad3c-410e-82b4-b52238271897,向前,向前
e11329db-4388-4bcb-a093-1cc616360614,逛,逛
e1136287-373a-5d53-3091-685cf83007ff,信息技术,信息技術
e11471ab-037b-a4e7-8219-7607ba4461e9,侬,儂
e116ac58-3061-91af-9251-6597792fcbaa,八婆,八婆
e1172862-6ca5-4d1e-84e5-6ebaa387aa8f,无赖,無賴
e119f906-a34a-4de3-af58-103f6c0f5f81,难看,難看
e11e7e54-d60d-43d1-8ed3-5d2cb3c6cedf,土,土
e121361a-2bea-d51e-1b71-2b029d344182,点先,點先
e1227d81-91e5-e4f0-8f4a-77afbb46208a,女仔,女仔
e12881a1-cdbb-45f8-bd90-e3d81700301e,学员,學員
e12c8582-0862-17fd-7170-5cac36348704,做人,做人
e12f4f72-3d5c-499f-a2dd-b471353bd833,紧密,緊密
e130dd45-01e0-35e3-b108-433397e548d7,获利,獲利
e13709d7-3952-5b5c-fa5a-3fbaa0ad503b,嗷,嗷
e144fd4e-41f8-4dee-bf38-c4f000681576,壶,壺
e148ff5c-e454-432f-b532-c0e8791e36e9,埃及,埃及
e1494f47-8981-5a9b-b251-7fbb2d816989,怪胎,怪胎
e14bd6e6-aac0-483a-3670-17bc58e10071,字样,字樣
e159dc77-2555-93c7-2b0d-cb9d42e62da7,偏执,偏執
e15b4945-25ae-4b78-bc8e-da1a8b55ac02,哀悼,哀悼
e15f7781-15cd-75b4-6c47-809f4b323991,医护,醫護
e1677926-f43a-4191-aa2f-f9ba596f9e52,脚步,腳步
e16e5e60-2575-dc07-1164-add3f88c641b,西门子,西門子
e17a2aba-7158-fc1f-e6ed-7b933f2019de,中兴,中興
e17a2edc-2ac9-4b8a-be86-c3f37cde6bce,大事,大事
e1885c45-f077-467f-8a7c-66e36669f0eb,金融,金融
e1918a83-3a96-4226-8a09-d6646ac63ccb,演绎,演繹
e193e7a9-5ec4-7fc9-2843-b799dcbcd543,人嚟,人嚟
e194cd64-2db6-4911-a92e-491035fbe598,生前,生前
e19eb2cc-b226-a419-a4fe-140e59f58339,咩嘢,咩嘢
e1a37eb2-264c-4d24-8888-c189546aca7f,奔驰,奔馳
e1b5f234-72cb-6aa1-69a5-2bce89142d41,跟班,跟班
e1c0b3fa-dfe8-475b-bcf1-523a881f8fd0,排放,排放
e1c4603b-8d70-4965-aba7-0bf71cee53b5,门,門
e1d2ae17-df6a-483c-a1b6-33f29cbe35dc,打搅,打攪
e1db01b9-fa21-4f10-9bc9-f1701c29b907,月球,月球
e1dcb7ed-aef3-b2ab-6eda-78e2d93a292f,何以,何以
e1dd2c5a-ebc0-feaf-498f-d9be87389a0e,橱,櫥
e1df06d7-df20-f504-13ea-829b756be7e1,午后,午後
e1df14db-8551-f11a-867e-1a42abda1115,放逐,放逐
e1ecab95-19a9-d7cf-3b63-352b0a171bcc,幽灵,幽靈
e1ee8584-e0bd-49a7-a6fb-819f89ea065c,挑选,挑選
e20a1097-6814-2980-dd8e-e3a17c8e494c,替罪羊,替罪羊
e20fb86c-740d-4433-8234-c20de987147c,关节,關節
e212cb66-47b9-44a3-86be-67091cb9d330,隐形,隱形
e2172bbd-833f-4e31-8e88-2fbd4d394908,洗礼,洗禮
e2182e7b-0939-5cc1-b3a6-5c9b84d5c7e8,歧,歧
e21e368d-475b-4970-b2fb-9bc7bbdb6fcd,毛病,毛病
e2223a63-90d9-55a6-d295-4bd78fa7c96a,巡回,巡迴
e222eebb-123f-4a99-8ecc-406476e7f49b,钞票,鈔票
e22e1498-e163-3851-ddbc-a60d3d714757,唔该,唔該
e2314e01-80bf-44fe-80df-eacd05932d6f,困惑,困惑
e232d9a2-caa4-b311-eeff-9072d20ce8b0,毛主席,毛主席
e2332c41-598c-468a-bf21-34b5862c7d01,杰出,傑出
e2358e29-dc65-4ad0-8072-038ed24695a5,货币,貨幣
e23ad4dc-2669-4688-aa7b-67171d9dcb24,上面,上面
e2471a09-fdf7-1d4d-0270-8dbd7d90c0c8,斯蒂芬,斯蒂芬
e24dd432-750e-2086-7de9-c7f3d5692b41,炫,炫
e24e9f46-fba3-482c-804d-0c93c1f8dee2,主张,主張
e2592edb-cf65-47d5-82e3-cebeb9551671,羞耻,羞恥
e25a003a-6b06-4568-8e53-1d5e6bc676e7,候选人,候選人
e2615b67-ce57-4382-914b-09886838f666,契约,契約
e262fef7-5c7a-1385-3e2a-0f3de4b4db50,毛,毛
e263913a-f3cc-d6bb-9bf9-e8c16b6e2e04,基,基
e2653b30-abf0-4bd4-9c3f-6818bd65464c,直播,直播
e2665a29-3d85-4969-8b48-70eec6e69dad,途径,途徑
e267fdcb-cb95-480a-bc25-f34729978e7e,据此,據此
e2686a46-c826-408b-a7e9-81ae09d0a8da,清晰,清晰
e268e39f-961b-dc88-c661-71b0aea8b691,唔使,唔使
e2697f08-8c2d-61a5-d4f6-b49195b74681,屌,屌
e26ca7db-4169-9d5d-9ae1-53b3721cd365,医师,醫師
e26d1649-35aa-4758-8886-a0bf8bd5fd41,园林,園林
e2736ae7-956a-6850-79af-2512ec2aa30f,宵夜,宵夜
e2763c44-ad2f-b457-6fdf-d7a65f11c779,瞓觉,瞓覺
e279de3e-75ce-401e-8bc3-d40779ed0a10,商品,商品
e27a224f-cb23-694a-d9c1-0af5ca2e76bc,触及,觸及
e27ecee9-aebe-4169-9643-cc7aae123ea7,暂时,暫時
e2807192-d3dc-cca9-75eb-53a0663bca15,媚,媚
e281b97b-7ac8-f67c-cfeb-b2fd2a5a00bb,屌你老母,屌你老母
e283dd51-6472-4fd8-994a-12e026a4ec9c,接着,接着
e28991f3-be39-3ace-c79e-2e3b5c7c915d,挥手,揮手
e289b23b-dc97-c4cb-7881-a89d86ecd870,舒马赫,舒馬赫
e289be96-acb8-415e-93bd-a85a41e139eb,安静,安靜
e28a5eb4-7866-c2c1-5c9f-ad55f0f87203,爵,爵
e28b9bef-8a94-4a8c-a79e-bbb476ac8e11,看样子,看樣子
e28d17d8-5998-1a64-c9de-c7ca51e345c2,馅饼,餡餅
e29605c4-92b1-4ae5-9834-fc7ae504c1da,激光,激光
e2963997-9577-7409-ad35-7f8cbefe05c4,生产线,生產線
e29c80a2-7a42-303c-db61-183398958886,嗰个,嗰個
e2a67324-0f6a-4eaa-a648-4014f503cc64,鳄鱼,鱷魚
e2af7e23-f9eb-4ff5-ab38-45e1f31aacf5,猜测,猜測
e2b1390f-bc4d-43dd-ba48-56023d612aa1,出走,出走
e2b780d1-4085-49c6-a9a6-05d19e3a141c,结实,結實
e2bb3411-791b-6171-8964-40b14ccd6bbd,嘻嘻,嘻嘻
e2bfd264-2da4-4645-82f8-b2db564ec6c7,临床,臨牀
e2c0f4ba-44e2-f136-47fb-f401cf38515d,打碎,打碎
e2c58591-4199-4285-9d75-ce4f0e9ee528,胆,膽
e2c939ea-39a7-48be-aed6-668eab6dd72a,赞扬,讚揚
e2c9677f-d9c1-49ea-8e42-dcb9e323c876,破坏,破壞
e2cc7a8c-ce31-439d-8ed3-6d5d8c6aac3c,抛弃,拋棄
e2d0892d-013a-3143-a430-96eb178f0095,打下,打下
e2d2879f-647d-bb58-1d32-e4a6a1954e04,妹,妹
e2d4e7c3-a34f-7594-ce1a-b7730ef67f26,发,發
e2dbee68-ea3e-1270-1c83-915719381953,恶棍,惡棍
e2e344c2-61f5-4a17-ae36-2204fb43a0c7,交叉,交叉
e2ebe47b-1d2d-405c-a83b-9bf3e25042cc,步入,步入
e2f01043-7297-4167-9f80-9dd44187bf50,遗址,遺址
e2f43b5b-87c9-bc26-6ca8-372efd182b9c,圾,圾
e2f50cf2-9d53-7f65-29c6-27d43f7e1be1,原定,原定
e2fa3674-a5d5-4843-b5f9-d8e0cb3fdb1d,合法,合法
e2fbddf6-0bff-412a-9906-61c0010d682c,实际,實際
e2ff73f4-70d6-cac3-8cd6-12a98a9c484f,新华,新華
e2ffdd34-da4a-4670-9b60-5b9999ff9486,帆,帆
e30683c9-f6e2-45d6-8f3c-2c4ac81232b8,采用,採用
e307afd3-daf1-4c4f-b7f2-d74d8dcadda5,腐烂,腐爛
e30ca2c8-9ecf-46c9-9436-16e331e4ee4e,猜谜,猜謎
e319994b-3b84-612e-ef89-e06aed55a8e5,民营,民營
e323e893-b2ca-e8ed-f397-9bd2ba5f55c7,口语,口語
e32de156-5f67-4962-acb8-b7da075e0391,旁,旁
e3307d31-8a56-420e-af37-37950cb79311,店,店
e333e65b-fc67-4326-a2c5-4367fc94fd51,冷,冷
e335debe-f4b8-4bd5-a250-fa9cf200f578,记,記
e337f5a5-126b-48d1-b56e-83ba91ee790d,留言,留言
e33bf8c2-1734-cf63-0f14-0089fc762f7d,按揭,按揭
e33cd6c2-4e17-1bf7-9b7d-5996fe8c1e27,副部长,副部長
e33ea824-79b6-4da4-917b-eab2a1bbbc85,表情,表情
e33fec34-dcf6-46f9-95f4-9ed2fe5ef965,公约,公約
e342683e-69ed-3102-d12d-0e3255d41740,布鲁斯,布魯斯
e346c6d5-8032-4ee4-b550-ca318684c044,发热,發熱
e34e577c-3fc2-401f-b661-a495b339b519,血缘,血緣
e3554917-7afe-49fb-94a6-de32a85eab0f,日语,日語
e3572a51-f7f3-4b8c-81b3-bbbcbbb03239,接待,接待
e359a908-6502-408d-b27d-3bc6ea80bd7c,综合,綜合
e35c1747-f70c-4e79-9781-7ee94ce56b42,重大,重大
e363b3bd-f18b-4ffb-a2a1-e15b6956d921,睡眠,睡眠
e36ab90e-072f-4fe8-b08a-f0e7f1077dba,产生,產生
e36e2f3b-daec-158b-af5b-27d0f899865b,锁门,鎖門
e383cc9e-947d-43db-809b-ef9b47b7aff9,谱,譜
e3846f74-337d-c08a-5101-509fe45fb079,喺,喺
e3873074-f211-4804-bf20-70ab5d424bf1,日后,日後
e38bee2b-f749-41b1-af3d-47aa40681c9d,全力,全力
e38f97b7-3708-472e-981d-aa44024ac7f9,山川,山川
e3923e78-32ef-4294-9b97-f1ea7f9dd307,妄想,妄想
e3982607-ff6b-4c1b-8d60-28547f68bb48,筹集,籌集
e3a05905-27c4-105f-9874-c7f2c4279175,旗,旗
e3a2a7cd-3535-4bdd-8c70-6a49cd50218c,觉得,覺得
e3a54c7a-5e89-4859-848a-c78b51d7765a,困扰,困擾
e3aae08b-0409-4a7b-a9b5-1d4dd9eeada5,机票,機票
e3b5ab48-3231-d948-611f-cb9e006f9d05,好,好
e3b6693f-8843-7cea-fe15-177812f5f6e4,芭蕾舞,芭蕾舞
e3b9b35a-7ca5-b48f-562e-5cba09538a05,出世,出世
e3ba76bb-6140-ddc5-fef1-2d9d6de5a928,方才,方才
e3bfb865-5bda-4879-861a-bae5d5ad2ae5,低迷,低迷
e3c65c9d-82ef-4f96-9435-b244b316ad74,热水,熱水
e3d8b38f-7e72-4168-b059-fec1e3849703,生产,生產
e3dacd45-97e6-4c4b-b687-53c10c699b59,车厢,車廂
e3dbf4d9-7de1-33e0-3dbe-c6bef7056ce3,火力,火力
e3ded2de-c858-5cee-d2ca-514a1b957f7d,秋,秋
e3e2e869-d8fc-4fc0-f551-2eb73004cece,浮云,浮雲
e3ee9e0e-d377-9b7d-3d59-aad1fc8d7216,市政厅,市政廳
e3f0c5d6-043b-42b2-b9f7-6aba218406c6,做,做
e3f9d179-3109-4f96-8e94-10c8306bdbee,胜利,勝利
e3fc86a0-66f1-3487-200d-4ac14f641340,惊讶,驚訝
e407038b-cc13-0dcb-2951-db6b52f15400,会不会,會不會
e4070b3e-25b5-4a85-892b-32af197a4d8b,人群,人羣
e40bbdf1-8212-4612-1aec-063dab6b6785,闺,閨
e4168ec0-dc16-b536-2231-fe62c3e60e53,特派,特派
e41e626e-a9bf-4295-8f77-00c670fe1c68,忘,忘
e41f9eac-8abb-493d-a039-bd573d4aeef8,渗,滲
e42378a9-3426-405d-9bda-5605963ff2a1,抛,拋
e4256a28-1a59-4c22-b2a4-1c1c51c30b10,获,獲
e427dc8f-7874-4239-bbba-7b13428bec79,扮演,扮演
e4280463-b027-49bf-8e33-faa68fd8c3e4,美味,美味
e42c7ac8-317c-4848-9ddb-9351247c8529,保护,保護
e4349e87-10a6-13f9-8be3-c4a2c3d986a1,傅,傅
e43ef80f-5f85-2656-300e-d48e7f8b0d5a,星,星
e43f0cf5-7837-488f-9a0a-25763aaf3634,效益,效益
e4472b98-b19e-c8bf-9eb1-56526c20e790,策,策
e448405e-e940-49a6-83e6-adfb2f676106,谁,誰
e44d40db-de33-4fcd-b061-5e61896f7f8d,包裹,包裹
e44d76fc-28ce-4652-b09b-1e710e6a351f,视频,視頻
e44e130c-3bd1-4ff0-ef87-3641e03b2740,群众,羣眾
e44e49be-ba4a-427e-917e-8e78c5584dae,议,議
e44f50c1-beea-4c68-9914-be2c482032cc,平常心,平常心
e455938d-bf54-477f-a0fd-a55bc772c81f,几率,幾率
e45791ac-4183-4395-912c-0ff84a10de66,克服,克服
e4588ed1-f787-4dd3-b3d2-a421f8fc4432,准备,準備
e45990f7-0f7a-4715-9307-6ba340bc256a,种族,種族
e45b12c6-513b-438e-991f-495f94fba34f,不可思议,不可思議
e4675e9b-2ef7-4dee-a376-22e0ff9b0d7e,阴谋,陰謀
e46870aa-e967-41fc-8b46-b4f8396f7f18,再说,再説
e46b4700-4251-8111-be3c-f8eeb64b8df7,可靠性,可靠性
e47b99f5-1b9a-41d9-81ee-6c1da368be24,家乡,家鄉
e4887db7-c0c0-4974-90b2-7d6e0da7a484,早饭,早飯
e493a778-88c8-8133-d8a7-2bb18d959d9b,拳,拳
e49ab576-df27-7978-ece2-1f15a5437441,准,準
e49e5769-c85c-9e70-2de5-9863a4a824f9,真面目,真面目
e4ab467f-a808-4e6c-bfc5-7a5d0e61f84d,鲁莽,魯莽
e4abb44a-378a-4d79-65f1-27925f3af8be,教父,教父
e4b088db-9898-4b30-eb5b-c155f0fa47af,忒,忒
e4b0a0f3-ac4c-43a0-92c2-a7a0e10bf4b4,好好,好好
e4b1eb70-1cda-4aa8-b538-0deccedccc8f,听话,聽話
e4b62c16-d2f1-4112-86c0-7aca7d0330b8,好奇,好奇
e4bba1b6-374e-9f44-ff8c-220cd248c5c4,疲,疲
e4c034a5-6f79-428d-bda7-bc831c3e8452,软,軟
e4c936f3-31ba-418a-9cd1-c2337670b68b,建设,建設
e4cf8012-f421-4bd9-946a-9de7054ee253,专柜,專櫃
e4d3043b-7847-4be7-8305-c7639658f0c0,上班,上班
e4d890fb-1ae9-8735-6c1a-cdf6c0bbf701,小孩,小孩
e4e35a1b-ee89-7278-f8f3-8aa98484e890,析,析
e4ed627b-9f82-46c4-9b6b-2289a70c9b90,被动,被動
e4f26d30-1c57-4773-a079-41c8f3c4ea81,摔,摔
e4f4c6cf-9332-4646-9ca8-759db365a27b,平面,平面
e4f5067b-4e4b-81f1-2918-164708b7c887,兔崽子,兔崽子
e4f91c37-b136-7155-a356-e987dc899e77,性生活,性生活
e501d38a-8405-4fc2-97cf-5e1ab95b9cb0,吨,噸
e50340a6-ec4e-d261-0b82-7166e9922eaa,委托人,委托人
e504aec1-7cb3-476b-a7d4-43bb260586a0,引用,引用
e509bc24-f20a-489f-8e83-3a7c1c7d77e0,交往,交往
e50d1e1b-fb43-4286-9474-acc045ef181a,听从,聽從
e50f1b5d-e5a2-4443-8511-dfc00837f565,陌生,陌生
e50f77af-9974-47b6-b23d-3813de93b7ef,好看,好看
e510881b-2b0b-4643-95ab-44a6fe3216ed,铃声,鈴聲
e5126487-ade8-4dd9-8912-948153b7e4b1,测量,測量
e5189c86-67ac-c6e0-8e9f-43bec25e082e,本月,本月
e51b7b9f-1714-4e5b-a340-9f31351da352,累积,累積
e51d3841-7e59-40fe-89a5-c4773e6b8195,拿出,拿出
e51e463b-7a3b-4ec8-873b-f9126e3eb1fa,精神,精神
e52135fb-11e0-3a45-db15-012fcfe50243,说出,説出
e5269c5e-fff0-1d6d-e207-88fc27a4e74e,粤,粵
e52b6bfe-f7ac-4ea5-8520-9ce5ff26238b,苦恼,苦惱
e52c57f3-9c6e-724b-0de0-987791639994,发动机,發動機
e531f676-5035-5990-d593-8a386c17d6f0,玩完,玩完
e53344c6-a111-5e59-547f-49a9666d20f9,池,池
e5360096-13f4-4ec8-a11b-3dd4561eb1d5,阵容,陣容
e53641e8-c097-a886-dc1f-a4860590a114,紫外线,紫外線
e536a8ac-44ba-2c51-fc4a-ba886c9908e7,水肿,水腫
e5381011-93f0-52a7-8f4a-f09e223d0da7,公审,公審
e539bb18-177d-4839-a881-660ed6711655,适度,適度
e53e1535-d52b-426d-99c4-597945fe00c5,题,題
e540c1c0-1c22-4160-8899-13e8b8391751,漂亮,漂亮
e54266d9-f9e2-8555-f077-08f48f53689b,静静,靜靜
e54765be-c410-4b42-a730-094e6f612b9d,杀手,殺手
e551c6fc-1c51-42d4-b99e-5b6a5bdfadae,都会,都會
e5543483-a92c-4864-a1f4-19979ce4786d,一家人,一家人
e5587d78-3cde-48c7-8e25-359c2be45d6d,未成年人,未成年人
e55cf230-44b7-4350-80b1-576d398bb375,近代,近代
e572a71f-9572-427d-99ff-d48df352408b,鹿,鹿
e5734e8f-ff7f-c6b7-3f9b-1f3ae8482404,有史以来,有史以來
e5751667-bc82-e7a6-d061-b4654514d25f,代谢,代謝
e5770fb4-9126-1854-ff96-04b65cf6799d,新界,新界
e5778366-1841-407a-8109-3dec01a72fe2,名称,名稱
e57c8503-c583-4da0-b03e-9f69c0bf60a4,扔,扔
e5812324-b2c3-4178-9f78-726c39c5f582,只好,只好
e582759e-d7ff-ff39-9be2-823895ffa783,冻死,凍死
e5881db6-d7c2-44a4-8bd1-ae0492d15cc3,认知,認知
e5889617-aee1-457b-b810-49f496d9bde3,知道,知道
e58bdd50-00d1-7c49-f5c1-bdfe898aef01,神马,神馬
e5957641-e143-8c5f-0304-dae682534d1e,篝火,篝火
e597de66-41a4-dc13-236b-9c5cfc5bbb67,吓坏,嚇壞
e59b0a03-6184-bcfa-8f11-3848db8b356d,柠,檸
e59b8c1a-c214-45d6-ba00-c78a997cc886,坦率,坦率
e5a2c67b-b817-eb1a-b260-5a4fe5e56d8a,司,司
e5a455fb-0a22-01eb-8cc2-914a779319fe,杰夫,傑夫
e5a4a5c5-d5a9-4233-9475-cc3d50d6fbef,军事,軍事
e5aade39-2e47-dd21-b235-70b8210b24d6,拔掉,拔掉
e5b06d99-53bc-4a6c-aaed-9fde27aed599,扩大,擴大
e5b0d501-f419-49a9-8254-54c1486c267a,征收,徵收
e5b39034-ad4b-aa9b-e29c-9c47930c49aa,躯,軀
e5ba27e8-2794-b83c-1739-1a6d8ebd95d9,置业,置業
e5bae810-8059-4138-bb5d-39b485b37ef7,人权,人權
e5c00b32-aabc-4002-0cb8-0ab497fb204a,画作,畫作
e5c096e7-3bd8-402a-a408-b4aa58594246,补偿,補償
e5c2123f-c203-4f4f-90f3-dc1efa5cd49e,当成,當成
e5c54405-b435-c1d8-eb96-41366657209c,诡计,詭計
e5cfedf7-88b2-4ef5-ab61-91df4b8f316b,节奏,節奏
e5e266d7-94c7-4728-924f-57137a24d695,融化,融化
e5e499bf-24a7-448e-ad22-b6517696e8d1,行使,行使
e5e4c2de-4dde-d375-e820-fe001691366c,秘鲁,秘魯
e5ebc19c-c8dd-497c-b4fe-a80eb009ec90,承认,承認
e5ec0abe-4b83-4b60-abd3-a0de045e98b4,野蛮,野蠻
e5f2857c-edf7-6631-1734-900f49ad9690,真系,真系
e5f61447-67a5-43cf-b1c7-188fd4c19446,评选,評選
e5f738e4-ec2b-468c-82a2-656218304c38,醉,醉
e5fcfc64-1c8c-3b27-d9e3-4432ec00ead1,作家,作家
e601abdd-f46b-7cee-03d4-3307d98fa2bb,比利,比利
e6020bed-5fb6-b9ed-950a-1a5dea64594d,阶段性,階段性
e60262fe-9a7b-ed31-03d2-813d192545ef,好受,好受
e6035ef0-2f14-6d63-d783-d91b4c48343c,晓,曉
e6056f72-aca5-c8eb-5baf-b344ae49b7cd,雷达,雷達
e6058524-2836-4a98-816a-d5a134d115db,买卖,買賣
e60758ce-8f03-499f-9a2a-3e97cdb4d94c,机动,機動
e60b9cea-cd77-eee9-ad63-43cd8f13b81e,交出,交出
e60bac51-d14d-40b3-a8b2-ceb819e68a27,房屋,房屋
e60cf2bf-3910-3b82-7dc9-157c8c80576e,年会,年會
e60dc7ba-5106-388a-30ff-44d310609416,谢,謝
e60e63ba-2874-49bb-b335-d5a6e10d7421,火花,火花
e610a658-8b72-4f0b-89a3-cd92613c136a,差距,差距
e61e076f-f527-4a02-904c-9049bd212db4,富翁,富翁
e61e6f85-ee2e-4665-aec6-9ce8b9b7126d,看得出,看得出
e621c7d2-8c2a-45f0-8ca7-d3dbb8f8219d,追问,追問
e6224060-885c-f6dd-44fc-9e3a30690f03,蹩脚,蹩腳
e622f136-96a8-4280-a132-9406ab5ac19c,亲属,親屬
e623bc42-4bd4-fff6-4fae-2fc6c8fd63b0,吓,嚇
e623ec39-2193-2da4-25b3-3f65f17db3ca,夷,夷
e633351b-ea10-1979-0853-e4e03af1b85c,放不下,放不下
e636a3f3-8ab4-4afa-a569-65ef6ccf30fd,高中,高中
e63765df-6d6b-4e42-a517-5a5c612c2f04,流,流
e63b89ca-b400-44a4-88d7-bbbe472942e6,部位,部位
e63c3cfe-be50-7877-84b7-3c82a307fc4f,新技术,新技術
e64915a5-f888-4c0b-93e3-60d91b4d3bc2,照明,照明
e64b451a-bfcf-4292-a2e2-ee08cf6ef822,低碳,低碳
e64eb175-e3ed-4fe1-bc92-d195ce9b6530,费劲,費勁
e65028b0-e433-a2f1-899d-54275c123896,十六,十六
e65395a5-8567-e056-301d-81d95b83f5e0,电压,電壓
e656a328-a099-425e-901b-d6a17bb7f23f,消防,消防
e6601a30-27cd-ac9e-5d81-58935700eb94,圣诞老人,聖誕老人
e6615a0e-5d81-4049-bc71-c12e6297a214,实惠,實惠
e662cdbf-80f6-4693-91be-c3988069f41f,受苦,受苦
e667b4a4-1cee-f6b0-1163-49b717a26198,世人,世人
e66c62bc-d345-74b5-333b-9603dac6e852,戴尔,戴爾
e670d302-b1b8-5681-577f-0460347d9733,铺,鋪
e68273eb-30db-4e55-aa13-5e41884cabc4,水泥,水泥
e682c8e2-3600-4082-a6a1-21984d053117,滋味,滋味
e6852989-2984-fd5f-9241-b0f319da9132,殖民,殖民
e6875944-b715-492e-9247-87d8a99def44,段,段
e68a9526-97a5-54c3-66d9-3b8ef5ea442e,嘶,嘶
e68f65af-2fca-1930-4bd6-788f4de74575,咋嘛,咋嘛
e68fae0e-3302-4a30-8128-8a27c1bf9e63,分歧,分歧
e6903ce2-19d4-4e83-85bb-38ffd72f8cbb,世界观,世界觀
e6907056-5d31-3e5e-6cec-ce438c61a350,草莓,草莓
e6926c60-c085-4d57-bd21-6efc9677c23c,摊,攤
e6934576-5f35-4562-9028-fcf834326e74,付,付
e6ad79dd-5371-4156-a5b6-a8371c623116,工具,工具
e6b69fe8-d41d-5948-13a9-ec8c4610ac8d,唔多,唔多
e6b7d870-5ca3-49a3-8995-9d8a419189f7,闲,閒
e6bbba40-6a18-4ab5-bb16-1f17b0727817,各抒己见,各抒己見
e6bdcdae-8ac5-4c03-bd88-31883d55cd50,惊奇,驚奇
e6c56ff0-fe5b-4360-802d-57080e01f5d4,简单,簡單
e6cb2f6c-1cb2-4177-91ba-541da2196d5c,实话实说,實話實説
e6cf3f5c-3831-eef7-b427-5c17568f93f2,一部份,一部份
e6dcb638-0887-43af-aeba-4da15c074484,哪里,哪裏
e6df989e-309e-4494-9cd2-a90f57ea16ce,阳台,陽台
e6e900be-3620-4f54-8bb0-15452eb9d99c,场面,場面
e6e9c13c-0adb-4635-a097-093919112a59,蜜,蜜
e6e9f905-6618-4151-82c8-164ad355ed70,价值,價值
e6eb2173-b4c2-4988-b0d8-21a898293f80,戳,戳
e6f4a197-b958-1838-bbd1-03629e956cb7,哈马斯,哈馬斯
e6f997b2-83b0-4313-b656-98c86409bf1f,均匀,均勻
e6fb219d-04c6-485b-b608-2ff1d22fdf82,打倒,打倒
e6fd0814-045e-4cf9-b6a5-41b694acc113,顿,頓
e705508c-adb3-ab88-c3b5-828471535a09,完结,完結
e7079287-1cea-bf30-3ab4-587fca630fc2,频,頻
e70b2b42-313e-4ad3-93a5-3e6549987c95,心,心
e70dc461-f52c-4b60-bef1-9734ad0a81be,改正,改正
e70e6506-59db-f163-0930-8219edff68e1,唠,嘮
e7149b80-7e41-4dd6-7870-c2abdf34ee6d,皮,皮
e71b5f22-62fe-49f7-b0ad-01b602d45737,介绍,介紹
e7288139-298a-5c9d-b8f6-9db78cf20b22,椒,椒
e73675cc-24f8-4071-b8e9-22a2f6e770ba,毛衣,毛衣
e73a93a6-d9cc-41a4-bd8e-4bb01e4f0b2c,正确,正確
e73a9fff-316d-4f8a-a26c-08b44131c7b4,有效,有效
e74166b2-88d0-4542-a61e-4b88eaa355b7,电视剧,電視劇
e7466737-7414-8649-8068-b876adc5d691,叛,叛
e74defeb-c2fb-40af-a3d9-702a3e2d4036,上衣,上衣
e752561a-a3af-4f05-95b7-dd98726f58b4,再现,再現
e75f7744-a59c-c8d7-ac3a-6e47dbfcae05,构筑,構築
e7608ded-b8c9-cae9-ccd5-d6091cd443b9,力克,力克
e7667e3e-4506-461b-90a5-432a4f0343ae,纪律,紀律
e76b146e-996c-7e36-94bb-8f10b703f6e5,才俊,才俊
e774c2b5-6186-c5a2-6f8c-74296b11380a,会,會
e77886c5-d46e-4989-ab3a-8dd420223b08,肺,肺
e77c14b4-483b-f13a-ba64-1a42e578d415,红细胞,紅細胞
e77f2334-66b7-dbb6-0838-dab87471fcc1,上山,上山
e7855d89-3f74-c679-dba1-479f59332ebb,肋骨,肋骨
e78596c5-44c5-4e7f-9abb-a7c02a1fc8f8,起点,起點
e79241b7-7c42-4974-bc6d-e6f704e99855,全长,全長
e79883b4-0d1b-4433-8354-4aa4eed3d4b0,镜头,鏡頭
e79b0109-44fb-4200-bfd0-ba68849d1714,融入,融入
e79c3de1-3798-2af8-9dca-ce1403b93a3a,街上,街上
e79d028e-ead2-46af-a71b-7ecd7cba9ca0,蒜,蒜
e7a1edf5-fa49-4c64-867c-7948ae2018ad,时候,時候
e7ab01a0-a24f-7da1-fb28-abae256be412,裸,裸
e7ad302b-389a-4e00-ab62-729f1ff91031,过时,過時
e7af37a9-d99d-b80c-11ac-8d2203e2d78b,落入,落入
e7b01d3e-491a-e6c6-973b-1958891f3154,脸部,臉部
e7c56823-d2f2-4503-a5de-48c841a9695f,杂交,雜交
e7ca3e76-ca17-4643-8fe4-a1e4f5689fa2,报道,報道
e7cd429b-2b6c-4bcd-b1cb-56ed59200600,表面,表面
e7cdc288-642d-4b35-b279-3f961a2da08c,讨好,討好
e7d2db53-755d-4cc3-8e02-7018cdac7847,睁,睜
e7d821e5-7cf9-4ec4-87bf-0088bacb358b,上车,上車
e7dba15c-e64b-d8b6-4f9d-6b60c7aca552,美学,美學
e7e5ec62-cda7-74f7-99b4-e0e4638ccc62,法师,法師
e7e697f5-fc70-dc66-9d83-6d3d0d92774b,致,致
e7e6fe58-890d-a31f-a9a2-69df224bac2d,骰,骰
e7e79d6f-817d-6046-172b-dfd78e599849,报表,報表
e7e92dd3-b8e0-3a05-8af0-42994c348b7e,眼皮,眼皮
e7f46401-d553-4a00-8026-6c0d2b835c81,智能,智能
e7fa9dde-cd7c-4940-88a5-a1cf885bba9e,受理,受理
e804680b-cd69-fcb8-af50-98e0b5f372e9,科尔,科爾
e8057605-7aad-914f-e81b-d94c7073ec49,手提,手提
e807afcc-059c-60e7-7948-d3155540b630,演,演
e80fbaa2-3fbc-4fee-b870-f6b26bcc9b57,游客,遊客
e81c40e4-3fd1-4913-a90d-f43962d9f146,回去,回去
e81ce2ed-6c47-0f6d-fc1b-723afd2862da,盲,盲
e81fca01-cc41-458b-aef4-f24dcd5addab,鸽子,鴿子
e829d427-5649-49fd-a770-a70ba3f29a78,财经,財經
e829e027-2eae-e6ab-67f6-7d461fa8d4cb,墩,墩
e82adaa5-c8b0-df79-7ba5-eeeb17bb121c,盾牌,盾牌
e831430e-c851-4b1a-a42e-735ac2491c8d,忠诚,忠誠
e8354528-79e8-452c-85ba-1f82fc0fb894,鸭子,鴨子
e8355773-69c8-4941-8110-e953e10cabad,推行,推行
e8371d27-3cba-01b8-0868-a1fe88783909,下毒,下毒
e837c8f4-8783-4fab-a706-415a611b1e21,比喻,比喻
e84429a3-ce76-16f3-7d74-b5729932ce7e,合埋,合埋
e8452d28-50a0-4804-9021-2e7e0f3472ee,有望,有望
e850b0da-c2ef-74a3-423b-7d07c9ee19b0,折断,折斷
e85109c3-8616-5ac0-5980-a36bd0f007de,立法会,立法會
e852f96c-cb87-4299-793a-8bb663297267,系数,係數
e854092e-560a-4c1f-8432-c5558ebcb853,替换,替換
e85475b1-6293-93ff-873a-ad2da60be709,谷,谷
e856f16e-df4b-f168-6cb8-245f86a7f04b,操,操
e8580c3a-c007-472e-bf79-1a417ae2a9b3,手枪,手槍
e85b7bb7-200d-3200-1bcb-a8ada47304bd,猪头,豬頭
e85deae2-cb0b-454d-8445-ba1cada10259,右,右
e85e552c-4143-4cd5-b20f-3a8859fca673,平衡,平衡
e8614b63-775e-4ae8-8485-a4a85256e523,计划,計劃
e861a14e-bcdc-449f-943f-0eac74a1b551,奶茶,奶茶
e8673cee-d02c-462f-b927-90da637312c0,脑袋,腦袋
e8681a23-b2dd-4692-8293-28ff254e4fe1,跳动,跳動
e879ef2a-a32f-40cc-a182-5c7b196faff5,前期,前期
e87e1105-be67-4605-a006-77737a00636c,气势,氣勢
e883af99-b18d-47aa-b8fe-edda7e210bc6,而且,而且
e886fc97-cdae-96e9-15da-5f712b525760,源,源
e889f192-9442-43a6-87a5-dc1a0a400570,既,既
e88bea4d-0c1e-07b2-0b64-9feed3a6f7c9,拉丁语,拉丁語
e88c2f4e-db3b-13e2-1809-d7819e16c10f,天亮,天亮
e88c57f8-3ad7-4cfa-a970-8fea0c786d48,整体,整體
e88d0da2-97b7-4ef0-bbbc-ff42d7b3f3f6,多云,多雲
e88d2200-22d6-4228-8b26-c65816679327,遭受,遭受
e88e249d-3cda-476c-8d84-dfbc0d72002c,托,托
e891149e-aacb-60df-111d-41b59a54bda9,行事,行事
e892af55-d504-570d-fb64-c021a8920bd8,嗬,嗬
e89654ce-eda5-43cb-a659-ac6f1600f0ea,场馆,場館
e899bdc0-5d0f-4662-a896-5bf4dac07f8e,法语,法語
e89e0910-0230-4760-f92e-0ed18716c0c6,蠢事,蠢事
e8a4c5ce-3b8d-604e-4b8f-7a02b8762e89,到此为止,到此為止
e8a53151-4a92-0f5a-82aa-952d93b516d5,突击队,突擊隊
e8a9ea93-1f17-64d8-8ab9-60275cd529fa,唬,唬
e8abcf6b-2719-4cfc-bcc0-8ebcebf87bb1,论坛,論壇
e8aeb8a1-7967-c52c-7004-e7cf68f221be,超额,超額
e8b06245-e607-46d6-b1a0-d10716fd3292,营,營
e8b78357-bcdf-39ae-5903-8e02ae01b240,年青人,年青人
e8c17707-a627-b469-e182-ea6e84ea2418,复古,復古
e8cf0d88-5f6e-b842-934a-57f42477e187,感应,感應
e8de66cb-35f9-4f50-bfb7-8a1078656cb6,哪儿,哪兒
e8e153ca-4b2f-4db6-8182-cce7d20a6a05,传奇,傳奇
e8e66f30-008b-447f-8c78-2f90a83efac0,豆腐,豆腐
e8e9bc40-78d5-69c5-efb0-1601e8dfc6f5,迪斯尼,迪斯尼
e8ea1e0d-00ea-bcd3-0870-ecbcab5005b3,重罪,重罪
e8ec433b-a7c2-09ad-dc77-ffc2b5be9f5d,血迹,血跡
e8f6946f-f2d2-4eba-aef7-e35445291837,主席,主席
e8f97896-63c2-465f-b7df-d5ce67972f12,发财,發財
e8f97b05-d452-8781-8f78-f66791251c89,成,成
e8fd6d63-4eda-4240-a85a-bc3a8c26d4a4,冷冻,冷凍
e9023b29-98dc-4cb4-9f86-9b3c5af870ae,工程,工程
e9025e46-6231-4e3c-995a-81ff5fd012c3,照料,照料
e906d5bd-7fa7-4b4c-b21a-9ae098c001a0,尚未,尚未
e9155374-92d4-459a-b495-f1c4316cd269,敬而远之,敬而遠之
e9179fba-ee84-452d-86c2-f7f1ae680763,停电,停電
e91f1d25-a999-43e4-9db2-d6503a7c07aa,继而,繼而
e9226492-ec32-407f-b6cb-748305428064,口气,口氣
e92b303e-aa74-4c22-94ca-aa5bd768bc6d,指望,指望
e92fd69e-a633-4053-886b-f47f4fd2b173,减肥,減肥
e931d622-816a-e1a5-8bc4-5edc39de05e5,牺,犧
e9383515-5729-dcd0-5f02-d0e7cb0e8a17,督,督
e93c6d4c-3262-4ef6-8adc-ddb0e7d6f5d8,坠,墜
e93cf5b0-ef67-55c5-accb-b08f6932e40d,墨西哥,墨西哥
e93d3340-03ef-4d65-bf8f-ea69b781923c,发送,發送
e9401d15-f8bf-4d86-a704-c82db9f85927,古,古
e943076d-1f7d-4792-8cd8-d8fd932b892a,体能,體能
e943c700-9645-d851-27c5-84bf79a0b6de,法医,法醫
e949a6c1-f690-4ef8-a804-69b9133f2336,终究,終究
e9557e51-5fff-607f-e7b4-7c8443846cb2,糖,糖
e95a75c0-e172-42aa-a242-65b89cab7941,年初,年初
e95ac02c-0cac-408a-97b9-b33244074643,产量,產量
e95d67ac-fff6-45e3-a34f-3dec8912ffe3,数据库,數據庫
e95f2c97-041e-449f-b0f2-9e71bec58540,料到,料到
e965be24-d99b-4ada-92cd-ee7fd7e05373,考虑,考慮
e96e1f6e-a532-44af-bd2a-b9f5d873afd1,卫星,衞星
e96e9318-5e62-4007-a4ed-62e67a7ef1d4,体制,體制
e96ede99-12b9-4c41-a69f-9235c06cf504,锦旗,錦旗
e9768b11-9d3e-8649-1710-3e45c925ab20,出门,出門
e976f379-1407-1232-f58c-0015ad84aba9,中大,中大
e97867b9-a5e6-49f7-92b3-fcf5721d0268,玩耍,玩耍
e97d230e-e14d-8688-9b03-f90e5e974250,丹尼尔,丹尼爾
e97e140f-85d6-44c7-843b-4842a4e6a6fe,收集,收集
e9818692-699f-4c55-87b2-8bf6f3f9dcfd,撇,撇
e9851212-cbb2-3771-b0f0-3b67aa54105d,幽,幽
e9923136-0096-7ec4-3ec8-23036c846477,二,二
e9963815-4d61-4491-8905-d7db4797ed74,煎,煎
e9969f40-f786-4f7a-b279-4a3ac6cdac3e,改名,改名
e997cf23-d3d1-2920-7f80-b1f25f434500,威廉,威廉
e9a18a66-6201-d742-07f0-947c49ae3e83,潜入,潛入
e9a2826e-cb4a-4a01-83ad-205ccddd0491,听众,聽眾
e9a30e3d-b8bf-4ccf-994a-6468ffca7f7e,天,天
e9a5d10b-54fd-af1f-deb7-c7860dc27917,有咗,有咗
e9a66ce6-85c0-42ce-5246-0671da9fdd96,卫生部,衞生部
e9ae8bc1-ae1d-9d1a-8e96-d73a34c3b746,眠,眠
e9b0c100-3d67-4881-b56a-4b02b2e0138b,用品,用品
e9bd0646-07ec-4061-8888-6b631fafc8aa,哪怕,哪怕
e9c26532-23ca-4e61-90a1-15b7d286beab,带有,帶有
e9c2e52c-e206-42ec-9511-1c9636e0300c,容易,容易
e9c3ae34-555c-42c0-b3cd-4a7456047a41,训练,訓練
e9c7daba-7d9f-47ca-a16c-fcb00afdb403,歌舞,歌舞
e9d3f641-2d60-bc19-b01b-2899c860e8c5,抢险,搶險
e9db848c-8411-e9f2-4027-e9d1a24feef0,广东,廣東
e9de9866-33af-4b33-b3a7-0f2acf2813a8,硬币,硬幣
e9e037a5-fa60-0550-371c-ec7006c40008,听日,聽日
e9e1dba6-aa85-4663-8100-9e1abab55771,方言,方言
e9e67fb4-091e-43cf-b5f9-51a0a3e308f8,保佑,保佑
e9eb6869-a01b-4282-ae13-0e99d5446de6,跑道,跑道
e9ec1e00-c57d-6333-6302-90dd595922d9,过份,過份
e9eda55e-2bae-49ad-b066-393b57424f5a,向,向
e9efa082-5621-4299-cba9-92b90f8eb7f1,彻头彻尾,徹頭徹尾
e9f6fe22-11ec-442c-886a-930572630aa2,筹码,籌碼
e9fd6bec-23ff-4d42-1edb-45583b86290b,摄影机,攝影機
ea00ae0b-6d32-7506-273d-beac89e5cb81,旬,旬
ea04ee80-7429-4122-9c88-c9621ba44adc,使者,使者
ea0637f8-324b-dc59-d972-4154e3688629,国度,國度
ea0a86da-e2f0-4e1f-aa6c-b4d7fd8155fb,眼神,眼神
ea0e6d90-56e7-db1a-4226-2b45aff835a2,鹦鹉,鸚鵡
ea1bbde6-f7e7-4ce3-ada6-b4d7f983db8a,归,歸
ea2402b9-82bf-4d30-bdd1-e3a7f9b96092,因此,因此
ea28fc8a-5fba-94ad-dd80-078719b20d04,听证会,聽證會
ea29c6ba-ba8b-ceae-0776-d22bf40721bb,一家,一家
ea2b3440-93f1-d8e7-8439-dd167998f55c,房门,房門
ea343844-775d-cf2f-3657-85d443885c93,系噉,系噉
ea3b3045-202d-487e-9343-a8fa1bdd4db3,让步,讓步
ea3d4b2a-a705-e3fc-8bbb-a870b6f76336,豁免权,豁免權
ea4312b9-eaee-419c-93d8-421a74da1fd9,笑,笑
ea467baa-716c-4edf-9722-7b9bb9bcb1dc,浓,濃
ea470f38-512b-b021-d63d-87e62e9981c2,福音,福音
ea4a3b41-9d76-46a9-bac5-620060bf30b3,动机,動機
ea678a22-034f-9dbe-1103-bb4e324d1659,无与伦比,無與倫比
ea6ad586-60ab-4863-806c-21b754cdf777,字典,字典
ea707e79-8d63-636a-78db-ae17597d0e4a,吉米,吉米
ea725745-332f-475a-bcca-2d230150084e,爹,爹
ea76e472-5503-457d-83e7-6c411bb85a00,合影,合影
ea7fe177-8f94-9dd8-3fa2-034ed87a14a5,唯有,唯有
ea84ff31-dac6-4e8b-b01f-f7a42bf66756,上市,上市
ea892eb9-b2fb-419b-9934-b846b1143131,意义,意義
ea8bd1e0-9788-49b8-925c-78097c9e75ba,妒忌,妒忌
ea8c5026-7f59-4e1d-b0aa-de730dec08b6,感兴趣,感興趣
ea8d2803-dc70-455c-9511-d452ea113ea8,活泼,活潑
ea90f46b-293f-ceb0-525f-77405610a8b5,第二天,第二天
ea9b970b-afaa-42a1-aee7-d21faebc87f0,猩猩,猩猩
ea9cdf50-4307-ad2c-4a3d-ae36828a6a0c,来,來
ea9d0a49-ba66-4329-bcd5-c0cb79944dff,中奖,中獎
eaa0521c-978d-4efa-836b-de1d566bc38d,良性,良性
eaa8cc9a-3011-4b2c-8f7a-0df4156b8d41,光荣,光榮
eaaa96bb-f827-dfd6-f707-0934eab4eefa,髓,髓
eaadc772-440c-41bb-b719-248bc59839e0,辩护,辯護
eab2f065-bb13-08f3-df55-f5f204a5394e,学识,學識
eab492de-6523-27d5-2c60-468f98726f34,出卖,出賣
eabf7d90-6699-4bdb-ae14-cfae13aff10a,拥挤,擁擠
eac94806-bdae-4191-8a81-b9cb7e9ae60a,动手,動手
eacfe955-9abf-ead8-0a6c-7cb47f900e0d,汤姆,湯姆
ead6e2ab-ac56-a9ca-952d-3f6dc2e19a12,李宇春,李宇春
ead7e8f1-b112-972d-32d4-6ba1b42fdfb5,咦,咦
ead972ce-7e25-820b-f49e-902accaff4c9,资本市场,資本市場
eadcef7c-6ca1-4abe-b122-63b34395ac8c,坏事,壞事
eadd02c3-f6c6-4bfa-a42e-c5f18e14bfbd,宰,宰
eade09ae-c029-478b-8130-b02d73530693,古老,古老
eaef4181-4ae0-25a8-421f-f90384685190,也就是,也就是
eaf1d03a-9d59-44ed-b29d-3f138a72e9d3,吞,吞
eaf72de6-4ea3-4010-9021-2e653899b30e,英镑,英鎊
eb02471f-cc7a-452c-b49e-9f1fc34879b1,烈士,烈士
eb032139-44b3-4d30-dd1a-12950b269288,偿,償
eb0c943c-0874-4d17-980a-3799c204fafc,拼,拼
eb17d1aa-a299-a431-21d2-20c5a2b34bca,特许,特許
eb18176b-2774-415a-b34d-883d01f5b0ec,生病,生病
eb1a857e-7404-7709-199e-dfb349f6b368,符,符
eb1c4076-b70c-4ba1-99ab-12247c908c80,移动,移動
eb21d56e-2e24-4010-9436-60f45753b988,片子,片子
eb2af79f-e156-402b-9aeb-62454115a6c9,分为,分為
eb2c81f6-d162-4206-a84a-80ef97316cc8,花卉,花卉
eb2e77e3-a10e-4ca9-8628-120370c28eee,邪恶,邪惡
eb35ce06-d7a2-4fa3-2b42-7064cea93349,有得,有得
eb394d90-1e5f-62d0-f710-ecff282db40b,仲系,仲系
eb3b367b-f085-c54d-19e9-e4f1e6ba9bfd,尐,尐
eb4cb2d2-c1f1-a33f-ab1e-9fde33bffc9c,前科,前科
eb4f4de6-5e7a-4637-8e4f-702fb6376791,捕捉,捕捉
eb58909f-c0d3-dc9a-2d91-17ab9ffe5d42,集训,集訓
eb5a30ea-fc99-1a1f-223a-8d1fd71f957d,代表,代表
eb5abe10-2774-4927-8cbc-9da2d3a5af4f,失望,失望
eb6f65f2-10d5-03b2-055f-d4d227975f7b,幸存者,倖存者
eb7446d2-f763-41eb-85ae-43396e91602e,远远,遠遠
eb7779f5-3d93-c518-5f82-373313c0e917,础,礎
eb78b7b2-7f3d-41d0-8637-c40b81fd7cd7,积累,積累
eb9251fd-dc43-41ba-a5e2-c20f6cd05370,清洁,清潔
eb9bdad4-e7dd-0c64-f041-a54574346793,慢慢,慢慢
eb9e6997-8f76-11fb-16ef-04a99d8701a8,辽宁,遼寧
eba3015a-b80e-48b2-81f0-4f728df9d378,老是,老是
ebaed1cf-d672-de9d-0d7e-18eed43b6f5b,徽章,徽章
ebaeeda5-e394-4948-aca2-66ecd9e9b8f3,经久不息,經久不息
ebb767c4-92c6-4be7-855e-45ec2c56ae84,车辆,車輛
ebba69e5-c496-7ecd-0529-8e7b520b8bb5,保镖,保鏢
ebbaf33a-a010-4364-95cd-325f147fa90a,外头,外頭
ebbc1909-c4e6-42af-9f15-943a783d6a52,难关,難關
ebc3f9a4-0b8a-4523-b5be-48b23a27ceb2,高,高
ebc579d8-3158-4112-8c31-bf5ec056dbee,凑,湊
ebca824f-788a-4756-9c05-dc570483c99c,合作,合作
ebd82f11-c7f8-621a-2fc2-2b236a30e192,肢,肢
ebd8dd7f-582f-844e-e431-ee712fac6e81,死,死
ebddb010-9ce4-4dbd-a706-826616157ac6,走过,走過
ebe63e54-f2bf-41ce-8dd6-ff8d626b93a3,想到,想到
ebe91dce-c2de-4e5e-aa59-3eb9fa7b5901,振动,振動
ebedf60c-22d4-63f6-3824-5ac4ecfe2c62,彼,彼
ebf05685-900e-9ba6-61aa-54e272b9cf6f,到手,到手
ebf28e36-7747-4a77-9de2-9eed8ad94dc7,巫婆,巫婆
ebf2b334-bd7a-3f7e-aa5f-4c5f4c8baa5b,回话,回話
ebf9a2c1-ef1f-e784-9d06-710e29b11123,爷,爺
ebfc022c-73f6-4dad-ad36-99e40581909b,修复,修復
ec0160fa-0301-4da2-8d8d-87a666dd2b54,体温,體温
ec087662-db1b-41cd-994b-b35ac34247a7,香水,香水
ec0ae7ac-5bca-40dd-9905-be1be64d81ef,出国,出國
ec0c8cce-ab82-8156-e30f-332dcae6fd84,整夜,整夜
ec154704-bf81-4518-97a4-95c42c7bfde8,豆制品,豆製品
ec17d7ad-1107-951e-8d06-8a2beb305611,收线,收線
ec1a12d7-6fa5-477b-bcba-fc421dc2535f,大陆,大陸
ec1cceec-6909-4a4d-9adb-4e0e093bab8f,劳动力,勞動力
ec1da762-8ce9-4fcc-af94-880549df0d6f,庆典,慶典
ec308c61-ccde-4902-a57f-84b4ae82ce65,足球,足球
ec41bb79-5d66-458f-cc04-1c5b42fa6f40,告密者,告密者
ec43e672-dfcd-c1c9-b7a3-249145ce45af,腹,腹
ec44ad03-f9ba-4451-9daf-dbeb36236352,着迷,着迷
ec49df91-cf32-b21a-4b7e-cd49dbc89cbe,全线,全線
ec5073a6-ea74-41f8-aa96-93db1a2c89ec,任命,任命
ec52541b-d178-4100-8201-2647deebc99e,职位,職位
ec5a3ec6-6f85-4884-989e-431755e3a45f,表格,表格
ec63a96d-8699-496a-b260-b2bbebdcfc9a,摹,摹
ec6753c5-5303-4c15-8cc7-2c4fb6668105,系列,系列
ec6a2c03-9dd0-94a0-72c6-58966b3d3e8c,乱来,亂來
ec6be4fd-0244-47c2-9c25-80f837e896f1,于,於
ec786394-520f-47de-8008-019609e100fd,百货,百貨
ec8b7d16-df82-3229-cfae-13bc042ef5cd,硝,硝
ec910c86-5434-4586-9c64-7b38b44d3086,潜水,潛水
ec9260a9-f8bc-414e-974e-398229fd7c0e,透过,透過
ec952b0a-c229-488a-a66a-c9d86fe49720,脱落,脱落
ec95eb08-d339-443f-8c99-40f76af8c444,一心,一心
ec9ac5f1-ce6c-2f09-048b-655df5bf8f2e,试演,試演
ec9b80eb-b55e-1ab1-bb9d-1178686e49f5,名牌,名牌
eca20f19-7288-3d44-88c1-afeeb878f344,计划生育,計劃生育
eca358bf-31c4-7489-0b64-d063683dbda4,愚,愚
ecad45a9-df5c-46b1-bce5-a9e86654c30c,及,及
ecae76b7-7b34-49f8-b772-621d36f1d2c2,领域,領域
ecae8a64-53f9-a22b-3369-374b4e725221,颂,頌
ecb079d0-e97a-ae2d-758b-de9e498b52cf,仆,仆
ecb5410b-de86-43e5-a1b9-19584b1e0911,选用,選用
ecb59df8-c78e-4da7-8eac-e1f34aecf095,特制,特製
ecc819b4-125b-4eeb-a46b-5756c9c5f392,提名,提名
ecccb8b4-0dda-a66f-6803-56b771329ce7,霸气,霸氣
ecd213a1-b44f-ed2e-f2ab-1b5b502b035b,不想,不想
ecda6959-d7b9-471c-9bd2-5a6ac68f7208,说干就干,説幹就幹
ecdc6a67-d438-4642-b6a8-2f3973c904ac,夺取,奪取
ecdc96c0-5f92-43e4-9b44-e0261e639500,干细胞,幹細胞
ecdcd4ca-7de0-5adf-d81f-da52c0691c57,概,概
ecefc2bf-d8b5-46e6-96f2-ca63afca4543,西红柿,西紅柿
ecf3b6ce-89f5-4c4a-9c72-2cdaac969d3c,前无古人,前無古人
ecf5d296-3d72-ac2a-e120-c77584cbc598,恶毒,惡毒
ecf5e55d-4c64-4812-8b59-6d0894310b74,出,出
ecf6cb7d-1b67-7ae5-91e1-e9c3701feb59,整改,整改
ecf81130-27ef-4f8a-9b20-98bb75654bd2,急剧,急劇
ecf95a40-6bf5-f62a-0445-3203c7fd4978,氧化,氧化
ecfb02e4-be6d-baaa-d69c-bfbf2a4e7061,社员,社員
ecfd6b28-76d1-4bfd-87a8-b3f33c892450,摔跤,摔跤
ed08fe49-909d-4033-9e06-29f888ebf51e,笔记本,筆記本
ed0ad52f-ecdb-4bfe-939d-3811c13a4aef,桨,槳
ed0d78d9-a35b-fd20-9fed-38abc3e1ab00,萃,萃
ed13ffe6-8483-6589-023a-94771440ea3f,制,制
ed154ed7-f782-4b23-808c-54a90857adb3,爪子,爪子
ed21f5b8-60fe-19e1-6bec-dc8bf32b092b,迪克,迪克
ed24c770-9143-4fac-89a4-521f19e661f9,同学,同學
ed2bc8e6-3330-4068-8f5b-245fc2499d7d,折扣,折扣
ed2ff0f1-98f9-4fba-9430-8513dd2140da,炭,炭
ed329d13-f68a-4e19-b32d-5a7efca0a14b,烧毁,燒燬
ed3348d1-cc83-47bd-9357-4c13369d27de,结局,結局
ed41bfc0-bbcf-4429-97e9-3d7352b81c2d,消沉,消沉
ed429b05-39db-a5af-308a-e786286c2e17,心里,心裡
ed430c65-31ba-4ce3-a355-6f7a568b3ef3,不通,不通
ed47d93b-818e-14d9-38bc-19630a042dec,同性,同性
ed4aab93-6a73-646a-ac90-95838077d8f8,年报,年報
ed536aa0-5399-4faf-9a9b-e64f40984907,戒烟,戒煙
ed59bac5-1e66-09f7-b3dd-c9f9dbb1a0ce,差佬,差佬
ed5db245-8340-42c7-a759-28268f35459f,快要,快要
ed5e4ae6-1e54-46f7-85a0-222922eb87c4,比例,比例
ed5fd79f-57dd-6636-c652-f22f3a802dd6,苦苦,苦苦
ed624f95-e030-4d9d-99ee-d3dd0f78b6d9,随身,隨身
ed675a3b-ef43-4837-aa73-083c3eabca33,激进,激進
ed67bf6e-1156-3ffd-3baf-d130d28704ab,基金会,基金會
ed6ad1f8-f33f-448b-bb87-42156e9b58f6,而,而
ed7069ed-11c0-413c-9fc4-f20be22c837c,乘客,乘客
ed726f73-2276-c0a2-8b6f-2e388ecab363,神父,神父
ed73d04c-657e-4b6b-9580-6459e7a6b39d,握手,握手
ed76ad68-57f7-4fc0-a7cc-68202386e21c,型,型
ed7dd63d-468f-a23d-c174-566435752945,电气,電氣
ed82ada7-bc9c-472a-bd5b-cbadb1d5395a,两边,兩邊
ed866bac-948f-db56-1522-6d84577570e6,医学院,醫學院
ed8b2fec-3e55-47f8-8efe-101bfd36fb54,少女,少女
ed8cd6cb-e85e-4fa5-9795-f81e82f9606d,周期,週期
ed8dc68f-53fe-44ba-b95d-c4460e4ce185,内科,內科
ed8f49cf-2162-4498-b239-6b4f6ad87154,解,解
ed972e0b-9dfc-16ff-e8b8-242e8c0f9534,尘,塵
ed97d368-057c-1be0-c7bd-90a45ab4f628,沛,沛
ed99f8ee-64b9-0a6b-d74b-51ebcbe28777,砰,砰
ed9a3f65-95a7-46e6-b4b2-e843a6860346,好人,好人
ed9ab518-7b55-38cf-0284-d99ab9b885dd,权限,權限
ed9bb8d5-15ea-4b0b-be90-f5fab7002290,珠宝,珠寶
eda28f5a-7513-fdba-59fc-6b2c3b799451,晏,晏
eda89cd7-86aa-10f0-c804-18d10b6e8439,孩,孩
edab7c13-5cb4-4826-894d-5df3d1450c2d,高昂,高昂
edb2dfa8-0130-4fbe-a204-793f0ff7aa05,蛮,蠻
edc4da18-bcf3-4f5f-adb1-94bfcf018e21,动画,動畫
edc800db-1ff9-adc4-aaf7-2ef409ddd3b8,役,役
edc829b0-aa69-c7f2-8505-0e3088263f9e,释,釋
edcc7029-1379-4cd5-8060-ee3a1c6dd9e8,出现,出現
edcdd740-b39b-8ad1-06b9-8add684a27ca,某些,某些
edd3c6c5-f0e3-4efc-a5e6-3abbc633827e,届时,屆時
edd5d3ef-db16-4b77-944c-ba2654199f2d,热,熱
edd74063-2f92-4a64-91b6-3cfd21e3eba8,样本,樣本
edd95a42-a961-ea6f-c7f5-a250c5bac4a7,烤箱,烤箱
edde03f4-51d0-4fac-8346-be4de39d586d,真情,真情
ede29f80-6a77-808f-19cf-f9a5414533e0,呐,吶
edefd717-fab7-4f95-b97f-eced7a7eb0a1,承诺,承諾
edf77e8b-f597-4d1c-abd6-087023049bee,整顿,整頓
edfadf50-2470-4661-82b7-dd47cfae399a,上周,上週
edfb61f3-99f3-4860-9a7f-b97a3791b10e,外部,外部
ee003d92-1d9a-f8bf-fc81-8422709834f4,厨,廚
ee004afd-7e36-bf2a-9576-f70e2fb01e86,您好,您好
ee02a507-6c0f-dfed-72b7-7588742dd7fc,心理学,心理學
ee04b2ce-1ed4-fc20-3bcd-5d49e0202ce9,华北,華北
ee07423e-146f-b45c-7a09-d1aab53a9773,开拍,開拍
ee0aa6d0-acbb-41be-95b7-5b0042e3ec3a,患者,患者
ee0f86d9-89f7-8671-1541-04134e724425,唔叫,唔叫
ee1111c2-1c03-328d-c8b7-2c42736f0b78,袋子,袋子
ee1a5ad6-999e-4f0b-9c71-f916f0404223,不已,不已
ee1f8606-7edb-d643-e5ac-3aaa83655b7d,笃,篤
ee24dfbf-a37e-459a-a36e-f8a5e5ee45b3,触摸,觸摸
ee29781c-6038-98fe-e2da-680810e8bb3f,大卫,大衞
ee2b1b77-6c27-82da-1a2f-7ee2fbe9a64a,吊死,吊死
ee337d29-367c-ee5b-f320-afc60adfc5be,妈妈,媽媽
ee3eb76e-8ab1-43af-b4ba-6d8438f21f44,断裂,斷裂
ee3fc147-27aa-4231-8a45-a80c871ca2c1,鉴定,鑑定
ee44e8e0-a1ab-4d7e-bb7e-8ec8362f6819,念头,念頭
ee497a9d-498e-427e-88ff-c1556ef1fb58,钙,鈣
ee4bbf22-4776-47c9-2034-89ba7959eec9,偶,偶
ee54bbda-f080-42c0-b752-0d2d9f2ed221,整齐,整齊
ee57f228-dbe8-58fc-64da-3de31e1d01d3,莫名,莫名
ee59b5cc-aafe-4b6e-b323-76d9e866253a,热量,熱量
ee5aa9de-5d03-4bf1-ba62-6202cf383c0c,召开,召開
ee5ab0df-468e-a5e3-83a0-fca37a7a3705,老娘,老娘
ee5b1c60-fd10-4ef5-8023-7ff2716aeb9f,科研,科研
ee5f23b8-5bb5-47b4-b961-c3f536ad9020,首都,首都
ee63e115-ebb5-d5d7-ce8f-519db472d710,十一月,十一月
ee6c9a71-8218-49a9-8d13-f129eab920e1,月亮,月亮
ee6f3a50-3d21-4338-b362-fedd1352f309,极,極
ee7086fe-6166-07e4-9eb0-6dd2487e6272,格兰特,格蘭特
ee79df07-cf96-c0d6-a2d3-eb14540458e8,脱水,脱水
ee7a5697-b790-4b9d-b0c2-dbb22e21de30,胖子,胖子
ee7b5bbd-bb98-4e6f-8a8f-9f1dbf914a77,作为,作為
ee7ba9f6-46eb-9664-c6f9-8500d5a54e81,反腐败,反腐敗
ee7e69a0-de6e-c5dd-1c8f-1cccbf2fd7df,侨,僑
ee80b8bd-bac4-4e4d-a678-24e428886952,似乎,似乎
ee8a5f41-c553-442d-9ba6-45c796581334,礼服,禮服
ee8aee51-a99b-4602-d89c-9279019a873d,寄宿,寄宿
ee8c3285-0483-c8b4-2cfe-bc55a9c91c00,肖,肖
ee91f8a0-64f0-1f34-f029-558889d45ef7,咆哮,咆哮
ee938b0b-dab8-4ed7-b8a8-2bdb4d0552d2,方针,方針
ee987e07-c55a-90b4-83ab-d876217a1104,战机,戰機
ee998ece-4b74-421e-bd67-f22e1b240990,一时,一時
ee9ebd40-5876-632e-8f90-656737b49bc1,粉红,粉紅
eea52d71-7a98-473b-bb83-b2de7b2a769b,凳子,凳子
eea69d43-589b-4529-a879-581673fc0983,相片,相片
eeafd46b-9a78-3e13-fa16-375165f968f3,体,體
eeb01022-5c8f-4210-ae62-9b64f1d7efcd,头脑,頭腦
eeb053f0-4e41-4267-ce2d-a72dead9bb85,布什,布什
eeb1b2f8-24bd-46d2-8b90-dfafbb59d8a2,等到,等到
eeb34573-d8ed-9277-ba00-7337509bca0f,球赛,球賽
eeb5b7da-e74e-441f-ae69-8f65a18fcb67,新年,新年
eebac39f-1b21-4456-bdfb-d45b45f1e31c,小,小
eebdf657-4163-474d-81f8-894c370d54c3,叔叔,叔叔
eec8580f-fcce-aeb7-1258-821c1cfe4688,混进,混進
eec8d294-a8e1-3b32-4a90-a91194152d73,萍,萍
eecaa74b-ace1-489d-bf20-cf9be96a564a,争执,爭執
eed0904c-0741-4d40-9d39-d72533f8a372,堆,堆
eede4fee-3d44-bf63-3787-c45b25f361fb,叶,葉
eee20f3b-4c44-4ae5-8e80-31f24835338a,赛,賽
eef01080-14c3-bb74-6137-08a9be678268,多头,多頭
eef6858d-415c-4aa4-ac56-7527f7acb9e5,开关,開關
eefb2323-9157-417e-bed4-4d2d4850cb00,操作,操作
eeff5d8c-06a9-4649-97fe-a8983057ede3,进出口,進出口
ef10d3f2-1e8e-aaee-9608-f55e7c5db9f7,人,人
ef126a0b-7652-41ef-9bf0-32a43a6f01fd,汇聚,匯聚
ef146a8e-81d0-4e37-ce69-2210f1d0470d,配对,配對
ef1992a4-20bb-8225-f45b-f374e0e01286,狩猎,狩獵
ef1e2d1a-7ab6-47da-bd2d-9b2f08bcb761,帮,幫
ef21b99b-a47a-4369-bed6-f5dcb2af1267,协助,協助
ef24542e-47ad-3ba5-1e14-a54d3fc0df30,令,令
ef24bd53-e1b6-6097-52cd-3717a255b30c,妖,妖
ef29ca0e-8985-40a9-9f2c-8b3f9ae2b865,算账,算賬
ef358e4c-105b-ac51-7b8f-32d635e8ecd9,腕,腕
ef3986c4-0b4d-b67a-d4e0-9f043357a0f6,军士,軍士
ef3b68f9-5715-4d88-9d90-c74cf261f85d,眼泪,眼淚
ef3d0822-31cc-417c-bfff-be56246fc869,执行,執行
ef4463cc-0bc1-4eb7-bf6b-e374cdbe7a21,物价,物價
ef4978d0-7c56-dc04-59bc-654647e93166,逃犯,逃犯
ef4d1f3c-dbf9-27c1-84b9-5d7a33147828,居于,居於
ef4dc9d0-a433-467b-819c-075c7828dec0,小姐,小姐
ef5806e8-cad8-a894-ef23-b1076d4d6e32,出轨,出軌
ef5a3b40-8ecc-b8dc-e8e7-4b42fe58e09b,英寸,英寸
ef5b8ca4-8f33-788e-6db3-a56fb2ad46f9,说教,説教
ef617abf-2982-4b2b-aced-3c7a881254cd,投票,投票
ef6276ea-2c6f-4e12-8fe0-297545bfcfd2,虽然,雖然
ef64bcda-f906-f546-1125-5c84c8ff3711,带回,帶回
ef665f20-df7e-4183-84da-1e128283060b,申请,申請
ef6d3003-89db-4a82-8806-20a08ea079cf,司令,司令
ef7222ad-3093-49bc-9471-1a8787cf53d8,主角,主角
ef755e61-1b49-9da0-ecf6-b29650e27869,不明,不明
ef796f1a-5c49-11b8-0cef-d5ee52d2443e,邮轮,郵輪
ef890001-3509-aa67-557e-8e1586a8ae8b,淹死,淹死
ef941a44-955f-4697-823a-645bec7d317c,饶,饒
ef958a3a-ebec-7628-944f-1f7eed5f1c4d,系,系
efa931e7-647a-4050-a9e6-11f5d8d6f825,救命,救命
efaf7134-917c-441e-bf00-a5bfd22d932e,融洽,融洽
efb406a5-eb63-b120-a3ac-db94206a0b04,凌晨,凌晨
efb83e2b-28ad-458f-a333-df058c256799,偷,偷
efb97b8b-bc8e-c683-e733-3605b63a71bd,转会,轉會
efbee4b1-6ccb-105a-3881-b4011b101e7e,上月,上月
efbfc6f0-85c3-41d7-90d6-932e9cc5c5ee,适量,適量
efc12849-5520-4643-8c80-5a51f1f7b82f,军人,軍人
efc41398-048e-42c5-b391-070cf8b5c277,生涯,生涯
efced0bf-a6cb-409c-5ffe-c75918c6248e,条子,條子
efd78070-eb5f-4ec3-ae8e-a58f62d219eb,非,非
efdd4d25-230a-49d4-9782-39d176d13308,手表,手錶
efe3226c-5bf1-46cf-9113-140cf94d15ab,处分,處分
efe6d2ad-d893-4096-bab1-1b6b47dc3253,自信,自信
eff40e0f-9554-3266-5613-9dbdaf6ef586,明早,明早
eff9b1d2-b41a-426f-adf1-a8e7bac461a0,灾难,災難
f0066db6-c05b-7c29-8851-b62c64bdec56,弱智,弱智
f00796e0-b48d-68c4-7851-773c906d0eae,春,春
f00a842c-4c12-8964-35c8-05157c10a42b,众,眾
f00db59b-27a7-546e-e071-70344310875e,五月,五月
f010f911-2909-4d60-bf86-0d8df7788d8d,教育,教育
f017913c-bc04-96ef-fdb8-1901e1953b70,绳索,繩索
f01b2b60-df58-9043-f488-db923501b306,何不,何不
f01f4240-4904-4615-b824-0541fba5da29,势头,勢頭
f0296a84-138a-47af-a70c-98a1a2926d57,艘,艘
f02bf3e2-9e63-4da5-9d6f-9782577a0d11,它,它
f0313ab0-41d3-ff54-719a-b777e1bfc149,恶,惡
f03214a9-821c-8267-5fdb-b431bb64129f,纬,緯
f0362573-1a3c-340e-1e8b-93ebcf1ff347,摩西,摩西
f0399bb5-7520-4e20-b177-81f31d5af119,同盟,同盟
f046b27e-82e4-4140-88cc-86ecfc579cf5,歇,歇
f047c00c-e25a-47f8-99f9-a7668689cc48,租,租
f04aaa5b-7ad1-4e5a-897d-a777637269a7,思绪,思緒
f04aad87-a68e-cae0-a38f-b1925b8330bc,啦啦,啦啦
f04c7fff-5fb7-49a1-a9c0-eb35bf9752e0,兴趣,興趣
f050fdd6-34c9-4f0e-b6ac-f18e38bbf28d,夜间,夜間
f06062ec-d23f-1654-6dc0-1e696e816b0d,摇摇,搖搖
f0651388-e671-72b5-6244-7d21fc1ba5b5,睇起,睇起
f067f274-6ffe-4c76-bf4f-7e9d31d3772b,配套,配套
f0716ca5-197b-4796-88b6-6f0d3f7506f7,赶上,趕上
f079e03a-225b-4bfe-ab14-b88eb52b1c20,自然而然,自然而然
f07a13ab-544a-dc85-4b3f-b19968c2bbc0,桃子,桃子
f08080d4-8f70-a337-dca2-2c7bedc4af81,佢,佢
f0882222-c728-0412-1508-03b8968e344e,专项,專項
f09307ac-e06f-4e0b-84c3-e3e546d51195,开心,開心
f0a2dea0-301e-5b0c-fc75-7e5936270b17,二战,二戰
f0a7a1c3-91b8-310c-a77c-ac70f3c5a592,咁,咁
f0a7bbe1-dbce-ec32-7947-2ea5f44ae9ae,蚁,蟻
f0ac4a66-a7f5-462e-8bc0-4afafc6fde50,路面,路面
f0ac5226-a33a-4ea6-8122-d6fa3a6a2f29,关,關
f0b5aacb-ffe3-d28a-59cd-1857bf24f16f,筹款,籌款
f0b82c2b-a9a9-470a-bd7a-54a10366277f,蜡烛,蠟燭
f0c4f9d6-2761-8644-4ec6-879820e86de1,铸,鑄
f0cb40e9-a315-5842-55df-9e94a4f9a450,正事,正事
f0dd6eb0-edf8-849a-610a-7f24924e1e0f,取名,取名
f0df19d5-a7ee-96dc-af14-c5e021bcefe5,伴,伴
f0e59610-c89b-405e-9e2d-16bf41bd3021,透,透
f0e999be-ff6a-9702-5bf8-4eb52f84e15a,奢华,奢華
f0fa577b-bc1a-e367-cd25-23dd77fc3680,广,广
f0fa80f1-b6ea-48a7-ab3d-f2d1fbe24913,香肠,香腸
f0fb34b4-c6f2-a097-5fca-06669256a78f,壤,壤
f0fc3a89-a928-4a24-960a-8ec4b16b0932,基督教,基督教
f0fdc125-3718-43c0-a2e0-71cd60494bd3,隐瞒,隱瞞
f1004c7f-8416-4431-ba9c-23bc5d37c0ef,判,判
f1027892-933e-4e80-8b57-b90b608571f1,将要,將要
f1197ee9-6c84-4217-9ef4-fd1824d0dedf,胆子,膽子
f12ae6d1-ce8d-41d7-a321-e44d91b3a814,饼,餅
f12ccce2-e4a4-452e-82b0-3ffcdf6f9975,夸奖,誇獎
f12fd1df-f494-409b-a61e-b832026ab3ac,朝三暮四,朝三暮四
f1317ea5-74f4-413e-9d6e-6370d906f2ad,极限,極限
f1393356-cf03-577e-475e-ad5c5e78310f,咁样,咁樣
f13b3f9e-ce44-ea1b-d8fb-075d5524cd50,抉择,抉擇
f1415bc4-3e9b-4d43-a52e-227acfcbb77a,角度,角度
f147a2f9-e709-4f8b-aa2c-009c6cf5895e,伤心,傷心
f14bb9b1-6e92-4249-88d9-45c228ee9326,纸,紙
f14efad1-8ceb-4936-9b3d-880fffa6b99b,请假,請假
f15669a2-0cd5-4de9-aa1a-d83b84b45631,振奋,振奮
f15a126b-5063-48fa-96d7-97ee026a208b,执法,執法
f15bcd49-4145-4aa1-8798-2f354eb683ca,隐患,隱患
f1663e9d-4c70-982c-776b-e3f2bd6ba01e,摄像头,攝像頭
f16f4581-9097-4765-a2ba-60dec4c22aa7,号码,號碼
f1735d7f-cc21-6224-12a8-339873d8ef0f,联系人,聯繫人
f17402c0-aa37-454d-9c37-c5dee43baa78,被子,被子
f180b3f6-7257-4e85-9ca5-971982ad82bc,小提琴,小提琴
f181b39f-3c06-4c00-9224-5c00293de311,获悉,獲悉
f1873f22-a7c4-4eed-8f4a-28a664f6a95c,东北,東北
f18b3054-8e80-450a-af85-5c9fc6b11d4c,交锋,交鋒
f1a236c5-c435-40b8-ad30-f3dbd625e286,奢侈,奢侈
f1a61b34-96f6-4eec-f1af-5d1cc1594ff1,哪个,哪個
f1a6aba0-330f-4048-961a-87d962736ab1,家务,家務
f1aa891a-3aed-4425-b23b-d1ff2273639f,登陆,登陸
f1aea649-1c2b-4bbb-b5f1-3e3db5113b2d,清除,清除
f1b0ba9b-1bb9-423a-63f1-eb44fab17b30,诅咒,詛咒
f1b60324-b8e0-4fe2-a528-ce6747310e4c,透明,透明
f1bb677b-82ef-61d9-f58b-d1759eacfdb7,一阵,一陣
f1bbb7af-fec6-2dfe-5a6c-62e6415dbda6,脚踝,腳踝
f1bf2146-745d-0c09-f8ca-03828718a3aa,法定,法定
f1c90f88-744b-4dd7-ae8b-05df36736087,条约,條約
f1ce6438-43d2-bc52-a977-fff099c47138,阶级斗争,階級鬥爭
f1cee749-b973-4227-9ba4-8a04c1717533,餐桌,餐桌
f1d0834d-dd03-43a5-796e-2f108f44ca3f,得过,得過
f1d3ee96-d930-429c-8219-8d23d7639692,制度,制度
f1ddebfe-3a56-4bfe-b48d-99ca682e1615,特大,特大
f1e1924a-1d16-4bf3-8718-2b2162b3f23e,规矩,規矩
f1e7928b-d8d8-4534-95d8-98cb9c3e3047,键盘,鍵盤
f1eb1844-a9bc-2c09-1c22-79960ff577f0,千瓦,千瓦
f1edcafa-4a97-6177-fe5f-2dd9cf057c59,心口,心口
f1eed681-a510-49c9-806e-d321f13e82ac,专科,專科
f1f4360e-4975-4fa6-b096-d28241481a5c,真诚,真誠
f1f8c841-5c4f-46e4-adf4-bfd97a612c88,电,電
f20110ba-bf7d-4d5b-a397-cbfa9effc1ed,吃,吃
f20558a8-ae7a-400b-81e5-ef2643ee6517,会长,會長
f20ee812-55fc-dcb6-7cc5-5f52c2b4e753,舰长,艦長
f21621fe-f539-4d91-8593-057262ba09e3,演练,演練
f2193a06-b795-4867-bbfe-b5d260b1b3fd,来信,來信
f2219bda-6160-a528-1345-d7ddfc7d076a,嚷嚷,嚷嚷
f2228d02-a653-4612-96bc-bab9ca88db55,无所谓,無所謂
f2279f8b-eb39-44b2-8974-1f38ef4ca135,随处可见,隨處可見
f22d097f-9c40-284f-9b11-65fb512cdd25,那种,那種
f22e7d01-abd8-41b9-b7e4-146e4cfe3d84,游行,遊行
f2348635-9713-46bd-a400-16230a36331b,随着,隨着
f23cbc09-bf6a-4ab9-a4f1-626dd2ffc5ee,办公,辦公
f240f44a-0985-4910-aece-115cb2b95a97,她们,她們
f2453f76-25e6-465b-8f5e-d6c4816cd78a,送,送
f2461912-9ed7-4815-8c8d-442aa7b3f5c5,漫长,漫長
f249ac0d-735e-4d7f-b4dc-ed78230219fa,壮,壯
f24d9f08-8b6c-f289-1eaf-9ea46d84e95d,制造商,製造商
f25212b7-3a8b-97bb-411a-f77ceb9b6b02,委,委
f2544b97-89a5-4ce9-99ae-be0d0a102ddf,导向,導向
f25e28e7-5057-148f-c127-b532949b38b8,蔑,蔑
f264e049-1362-0ca4-fcf9-c24c4c520d81,泡泡,泡泡
f267fec1-f63c-824e-412e-1d7262bfd0f9,停产,停產
f26cd557-dd28-81c9-3144-968bb8d1cc25,昨,昨
f2723318-20f4-4d84-8258-3594fce213ef,管,管
f274793b-67b7-402a-8fff-a150036794aa,覆盖,覆蓋
f275887e-c2cb-4bf4-83e5-2388140553f9,婚纱,婚紗
f275ca6e-cc91-458d-9fa7-b4ac80f9605e,前沿,前沿
f2792a78-e9c4-5af4-618c-68e789618342,私生活,私生活
f27976f5-b6fb-43d4-910c-040f19a1a975,记载,記載
f280f16d-f695-4acc-a3ee-bd992f3b98b4,教授,教授
f2825c5a-6638-6768-a19f-58ea5a0b8cec,邦德,邦德
f283288d-28e9-41b9-5bac-dcfbe96a20a5,莎士比亚,莎士比亞
f28a13e3-ff56-25b1-759b-81264a556343,蒋介石,蔣介石
f28af170-b67e-7569-7d62-7c3029458231,巾,巾
f28f2be8-78d4-4222-aba8-107f48fa2631,之中,之中
f290f7c4-8226-cfb9-66a6-932617e35dd5,证券市场,證券市場
f294da39-3558-4c54-a25f-3605cf75856c,天然气,天然氣
f29840a2-1efe-40a2-b416-ee065ad948dc,作家,作家
f298846f-5d0c-7d95-3e9b-422a27740b19,摩托车,摩托車
f299e061-da8a-a1b7-f5aa-ad8216bdb86d,碍,礙
f29c4a37-174e-c84f-7c9d-3c105c371007,瞥,瞥
f29dcf91-8748-4d60-2fca-4763ad267457,跟住,跟住
f2a39ad6-ed67-4339-8049-2ff80d273a9c,破产,破產
f2a651e8-9efd-9a52-bf4e-ba4dc7e74705,抬头,抬頭
f2ba9f6c-79fa-d227-dd3e-b46b2e653140,经济学家,經濟學家
f2baeea3-35e3-9e61-7d25-49d64cc32f45,立正,立正
f2c1b2e2-317b-39ce-0267-19c2ca6a9cc7,并肩,並肩
f2c1c5bc-57d8-ef55-9cef-6acf10a49912,取回,取回
f2c8a79d-11f2-65d5-f51e-a9c4a37c5198,拿来,拿來
f2ca8b22-b535-a6e9-ee50-61b8cdd5cb9c,净系,淨系
f2da2be5-7f37-ceb7-930b-9a68d701b1da,客,客
f2dd1510-ae3a-52b5-3ed0-3b0f47157981,辅,輔
f2de00d8-c903-fb2c-adde-73ca6c660722,骸,骸
f2e13a30-fc18-4a82-b05f-684d20b041c7,严禁,嚴禁
f2e73281-2edb-4105-91ad-6d7d2cd2f3c9,奶奶,奶奶
f2ea7ede-4be9-4132-9687-33212f8397e5,设备,設備
f2f05ec1-2e5c-9b35-bda2-66a8b4cd12e9,小巴,小巴
f2f5e43c-851a-4ca4-b143-c7b59fec6002,十足,十足
f2f6892e-5553-a2b7-cb73-0733a48535dc,尴,尷
f2fbb5ee-50dd-4d3a-8896-642e7f097fec,广告,廣告
f309a967-76b1-04c8-e159-43b53c43d486,恋人,戀人
f30b0092-b0b0-4dc9-a4fa-b96d91600076,投资,投資
f30b83d0-2922-4e9f-aeab-9a6e7559f083,故意,故意
f30edab3-6519-27e1-4d13-d2e216860c52,供水,供水
f3124818-1128-4b22-a9c1-d807964555b8,工程师,工程師
f316d13c-db8e-430b-939b-c1e5bd0cf50b,应用,應用
f3194a64-14ce-4731-9238-d4d3551691be,得意,得意
f31b3a23-b327-4752-95a6-db8f73719cb5,背心,背心
f31bf7e2-3e94-4feb-b759-c85d00383d53,牛仔裤,牛仔褲
f31f8bd7-b33d-4293-80a1-9be37b01ca7a,联合国,聯合國
f322822a-c5de-4dc8-bc1a-9c895ad860e5,吹,吹
f3237a27-1d68-4eb1-a505-5e5ab81a3e32,有些,有些
f323e9bf-f536-4560-b4e3-ba1ba268d7fc,打开,打開
f3280b5a-bb4f-4acf-98e2-2002ec61024c,学术,學術
f32c7a34-541f-499b-9617-fa9f1ef9b069,怕,怕
f330ad3a-5824-4987-ba88-f3ee7c5e3a30,深奥,深奧
f3335a5a-4587-4a14-970a-24586361796f,排名,排名
f33de727-c38f-42bb-a90f-e84aa0d13a6c,注射,注射
f341bfb0-919b-4484-bde5-c882e84aa665,巧妙,巧妙
f344f078-448c-4c1f-8210-4821d24b3c00,不便,不便
f34bbf3b-04fd-1f25-f499-9446bdb6e002,一回事,一回事
f34c3e02-c6d8-4a59-a839-d30ce0a0b28a,筛选,篩選
f3523b46-7e3e-e093-5065-bcdb105d5d45,忏悔,懺悔
f3555d16-d573-4b99-b091-4e1f3c0d11f2,专辑,專輯
f35669da-5005-6744-a52b-0f3e2e69c604,缅甸,緬甸
f35a8809-8c6c-b86a-c612-222e47b08319,句,句
f36c9f65-dbdb-cf12-dbc3-c20d728c821f,快报,快報
f37274b9-5c4b-95b6-b0e5-15e6d6136958,警方,警方
f3799fa2-07c2-5dc9-6a80-f88eebd49407,丽,麗
f37c5b49-1308-4faa-981a-134b7cdadecc,前者,前者
f385c251-d6c5-4d4e-bb59-75df03fa5e4e,骑,騎
f38c46aa-d74d-31c0-239e-e3146c4eeda0,钟,鍾
f3995980-85c4-4b08-c959-22c212c048cb,间房,間房
f3a62722-d12f-83b4-eef2-4002827e501e,衡,衡
f3a77ffb-e509-804c-c3e7-581cdff3cf27,央,央
f3b0f719-248c-a7b0-80d6-d59b781fa878,格,格
f3b76589-9c50-49cc-b2cc-60708b386182,园,園
f3be2e5b-e52e-fbab-513b-18d74f9de2bc,侄女,侄女
f3c16bb7-0183-a7c2-2c9a-6356e86c3978,对阵,對陣
f3c6c911-437a-091d-01ca-c42c841ede46,走着瞧,走着瞧
f3c8d6fa-a7f9-40e0-bba3-3204f46fdd68,贵,貴
f3cd0458-eb24-40cd-bd0e-db356e5ae78a,快,快
f3d02b45-4c53-46c2-a7a1-8c88cb7cb373,双胞胎,雙胞胎
f3d2338f-ec33-4f7c-a950-d705fcb50326,这儿,這兒
f3d43f1e-94ef-e429-4e88-d8f900e5a1e5,诡,詭
f3d54a44-143e-05d3-7884-b29673fa8e88,查出,查出
f3d63c99-2a78-4b28-a683-00b09b13e7d2,乐队,樂隊
f3e1b867-c4b6-3831-e26c-94a1157c1c68,一来,一來
f3e82a6d-9484-4734-bbe7-1341f8241049,不顾,不顧
f3ef7812-162e-253c-0ad4-9b2b571de08b,斧,斧
f3f69505-2628-416d-9ef3-05c8d5314cf7,身高,身高
f3f97aea-0bb0-e4b1-23e8-6a9008e6f573,先好,先好
f4010bb7-cb7d-4a5f-ae70-f5d6ae6a06a4,厚,厚
f401215a-0458-4335-82e1-c2d83677d12c,是,是
f4016a8d-5edd-4075-9163-7bea67d3179f,伪造,偽造
f4025d19-1c60-42c0-852b-7c5845cb0275,责怪,責怪
f4047d7f-1478-4ff1-8a90-fa02891fa9be,吊,吊
f4074061-e061-4693-b0e0-b8d836bf86d4,逐年,逐年
f4090472-dc32-b8eb-fcaf-38dbd742feb5,泣,泣
f40a494e-d08d-414e-9a5d-8bc0eef32dda,改善,改善
f40eced3-8999-47bc-aa32-3c657c6ae445,激励,激勵
f4112e8e-b4aa-701a-63d8-30af6a3f6271,理念,理念
f41483b7-e8e6-e1c6-55e5-1c4e181c7655,受体,受體
f4161a13-539b-dee3-a6aa-90f9f1ffa1a6,果真,果真
f416457c-fc9b-6313-6f15-41321dfa7ee2,禽兽,禽獸
f419091b-b76e-471a-9e2d-c515e4814b0e,专用,專用
f4237594-9db7-4342-98a1-408b51e1d2e8,采访,採訪
f4277828-a7e4-4300-8630-cd88149eae5b,学院,學院
f42afdf3-2e50-f5f3-1044-85a8131d9eb8,黎巴嫩,黎巴嫩
f42b3a41-c7c6-4c32-927b-72b63f2977cc,提交,提交
f431a124-ba23-7b33-a02d-fd61abe8a46a,几耐,幾耐
f433e15e-ec68-bf23-d464-897b47c80922,凡人,凡人
f43647ad-fef3-68a6-c947-6f80a7346e83,润,潤
f437625b-da69-b1f3-7ffc-3dcc725f34e6,蓄意,蓄意
f4400b15-b4d4-45a5-92ef-7b4c835dde21,沿途,沿途
f4406d8f-1367-4334-bdb6-133a2a06214e,修道院,修道院
f4414eda-cd5a-4c7d-a470-c638d5460e71,亲人,親人
f444b783-68c0-48a2-98c6-d1ddc90d6e1b,贵族,貴族
f44c2c1d-4171-dec6-070f-f61fbfb9711a,充斥,充斥
f44e5b73-0900-4f7e-bf1e-d5d04c193757,撕,撕
f450113f-7cd2-1e0e-8845-0e2aed917369,憾,憾
f4561b04-0d04-cb83-bee5-bd55a8e60fd0,奕,奕
f45e15d8-2d9d-4519-8190-b97096382674,一定,一定
f4669602-4645-d768-be2a-d75f5b2ffc11,返屋企,返屋企
f46aa8b2-3938-32c5-f267-bbcdb29febd7,新疆,新疆
f46edf54-c802-5322-393f-232fea226d0a,营运,營運
f472a993-23d4-2563-bd6d-c505c3823707,壁炉,壁爐
f472df50-fa4d-ef91-36e8-70366e9b23f9,出名,出名
f475c419-2405-498e-b901-c65b13b428aa,意料,意料
f476380f-2866-4976-857b-29c62eb152cb,嫉妒,嫉妒
f47fa104-2fc0-4c5e-8a33-da2aa86ae677,跟上,跟上
f486c151-df3d-418b-b4d7-20dff56a8879,枝,枝
f4896fbf-0fe3-42fa-a32f-5c41ef1dba9e,花园,花園
f48e4223-3917-4b98-bc3f-45d67f915367,温度,温度
f490e9c4-1824-3dba-1ce1-747b1ff67c5a,杰西,傑西
f4966a9a-38a6-8509-78eb-4b75c99ac2ca,炼,煉
f4977fa2-9d20-4193-a314-eefa86abc45a,至少,至少
f4a73949-cc25-f6ff-b014-c74e75621146,巴勒斯坦,巴勒斯坦
f4a8f057-6713-0a83-d5ce-3285e2d59358,尽快,儘快
f4add0a3-2892-5c13-25cd-2f16a9ec0744,酪,酪
f4b108a8-0ad8-4a2e-b07d-06e203d7e1f2,资助,資助
f4b45cec-a98c-45bb-b3cc-eb6fce3b8b5f,指引,指引
f4b616b9-1dcd-4df5-b5c3-7fab4d23a43c,惩罚,懲罰
f4bd0ad9-a607-c192-f757-bcc586ae54f5,窥,窺
f4c2c122-f636-463b-b79f-562002daacf1,头号,頭號
f4cbb40d-154d-43d6-a0ba-f8ef279c7d2f,意志,意志
f4d25dfa-9f3b-43b6-9c1c-c586f8ed6823,站住,站住
f4d294cf-3a09-34af-f891-e80cece5541d,活人,活人
f4eb1312-9bf7-fddd-4bf6-bd83b2548bb8,松子,松子
f4ed5aac-a560-4d9f-98ad-13b553348726,过关,過關
f4f14547-7930-1341-9f7e-90603c4e0be5,增幅,增幅
f4f3c362-b8a6-ef72-7f38-bde26c829d5c,著,著
f4f43702-26e3-7820-77b5-7af6e19a0cd6,陪审团,陪審團
f4f50c3f-d871-4ee0-8653-6967391a9df7,抢救,搶救
f4fb77df-f827-49d6-bea3-59b9e9ffa59f,淌,淌
f4fbf66d-eacf-4237-9395-ce2b704d74b6,风味,風味
f4fc3080-85ed-9c33-65f1-6e3fa3e1e597,交易日,交易日
f4fe2632-9eb5-bd8f-e115-19de55199310,研讨会,研討會
f50ffc25-92ac-c9a1-a4dc-84fd46772bf3,太过,太過
f5108880-67f8-4ba4-b065-cbd21126accf,岗位,崗位
f51421f6-4246-4f30-a2a7-161a006f61c8,重量级,重量級
f5171795-3b3f-4414-bda9-dc506976af3c,名片,名片
f51ad3f3-9739-4eee-855f-91b6edfa63db,竹竿,竹竿
f51c25fc-29cd-466c-8496-d00168e1acef,饮食,飲食
f51e32f4-e894-4fe1-b7dc-fa92931427a5,毫无,毫無
f526a874-c298-4626-949b-049cca79fdd2,有趣,有趣
f5272df8-3899-146e-8cb0-dc2acfbf2cfd,目击,目擊
f531009b-da77-48c8-a93b-9df6bc1147d1,斜,斜
f5382690-76c0-3446-b43c-a147cec6cc1b,莎拉,莎拉
f54109bf-43da-420e-af54-dca62ff833d9,饭店,飯店
f541f66c-b458-4955-8f8d-2a089ba96fee,男子,男子
f541fb80-b0df-4a69-a881-9e1af38a0c6a,巨头,巨頭
f542b45c-4915-e959-072f-3c154c417114,跌幅,跌幅
f5432c3d-0907-5421-70ea-6ebca6414c02,一口,一口
f54784e5-b94d-a30c-23ce-6725e129ae3d,嚟,嚟
f5479fea-a216-4c0b-ba71-edf992268d96,博客,博客
f548eb88-3437-4e19-ba0c-4a184a8463b4,支援,支援
f55035ca-6cc1-4e1f-996b-e938703825de,句子,句子
f550966e-d2ae-42db-a748-a0e9e4466c05,捏,捏
f555c964-3fe6-43bb-81cf-05f702c86dd7,上级,上級
f557fc39-8e66-7b54-c235-ec2ca6f9545a,午,午
f5582d5e-40b0-47aa-ae6a-2b217590f9ae,歧视,歧視
f558dda9-780f-4ad1-ad57-2292d80fa238,显著,顯著
f57049e2-b24c-80d1-aa37-ddc55b9dba8f,认购,認購
f571fe91-69f1-1fd8-1b95-bc8438e5abc0,轨,軌
f572501d-93b1-48cf-8036-5d6f50029d41,溢,溢
f5741552-b935-62f8-644e-ac989b454d2b,不分,不分
f5771dec-2126-9294-fa56-2f5ddc43b7df,怡,怡
f57b6964-ea58-4e90-ab2f-3f60e8fff48b,拨通,撥通
f57d1180-42b4-4a13-a4eb-00d000255fc3,像,像
f581bab7-f259-f8c2-868d-16803c33e00b,呕,嘔
f584e8c7-f8ff-46c2-8051-20a1a2238ef5,慎重,慎重
f584ea0a-98ba-4237-bf29-3814b9fda169,成功,成功
f5862794-a211-4d45-a714-3a247941f7e1,减速,減速
f58cc635-f3e4-6477-1db2-5da14fd11d1f,卦,卦
f5970f0e-e716-4711-9d18-9dcc7edc2ead,辉煌,輝煌
f59def37-770d-41d5-9f5b-f062c480dae5,牙刷,牙刷
f5aa5f1a-0335-d74c-d2ee-cd465f19a6ec,军方,軍方
f5ba1a80-3b97-4e8e-81e3-d7eb4273d0d6,当今,當今
f5bc3126-b22f-41d3-bf26-fa28e2ccea50,守,守
f5bded14-e1e8-0468-07b2-6788c5ca020c,小巷,小巷
f5c24014-b8a8-46c9-af2c-7297a198c543,赌,賭
f5c56039-5cd7-8e6c-cd31-5cbd8999c0d2,推销员,推銷員
f5d42d9a-0daa-45b3-8eaf-a787209291f3,暂,暫
f5dd6067-7919-448b-a7d8-12fc9e6f21ed,砸,砸
f5de0458-6296-4e70-b215-53e2167e5c16,大致,大致
f5e23e24-a862-4401-9356-60ab039331e4,烂,爛
f5e55a23-006e-4da4-a715-95e6c85fd709,丧失,喪失
f5eece35-f5f6-1cce-db80-caf5cf1c6c5b,秘书,秘書
f5ef6e8a-3f5a-b317-049f-fb85aa1c389a,进球,進球
f5f7f7e2-57eb-4f9a-ac85-fba6d902b145,利益,利益
f5fe5897-72f0-40ba-b072-18c1ab24d67a,赖,賴
f6006dc2-cc1a-2bae-8e1b-2e31675ce447,药剂,藥劑
f60c18ca-093a-40f4-a1c7-959d32927ea6,稍微,稍微
f60dfede-cf46-46f2-a94a-3278763b47d2,神话,神話
f60e5467-c70e-d4cf-c04b-43ec8d2e7d35,咁解,咁解
f60ef0b9-db14-4e6e-ae11-0954db95b693,执照,執照
f612ea60-558d-42c9-a075-f914cd71581a,退休,退休
f6156ee6-d499-45d7-88a1-b7c31e8efcfc,贿赂,賄賂
f6194fa4-ade6-46bb-8bbd-db306d8e7de3,方向,方向
f6279b7e-32ae-4ba1-ae28-200a4cff78cb,商业银行,商業銀行
f62b041a-bf38-9dd0-50bc-b72f1aa86d08,公众,公眾
f632b5b3-8f6f-4e4a-8bca-023f91f65f02,场地,場地
f638d5bd-6f6b-1fc2-da6f-e9d1a6ec4d8d,辐,輻
f6459c1f-8443-49b8-8ab8-937543303887,批发,批發
f64f0be8-9af3-4fbc-a767-4b55f4531f64,简直,簡直
f6518f2f-084c-8398-7552-5dc0c1adf783,收工,收工
f6536ce8-3875-4af5-b1ae-14428b4ae524,如下,如下
f655cf42-cb25-f4fe-5c5c-cc249c909fc9,蚂蚁,螞蟻
f65df414-9da5-4e65-866c-540dc31f4f69,无,無
f66aca16-635d-4ecd-b8d3-ce78e9c8b627,情况,情況
f66b8bc4-d69d-6ad5-f059-621f5a0bc99f,赵,趙
f679f256-d517-4e85-95fc-aa7d1392829a,开场,開場
f67dbc0e-d77c-4bd9-9797-4a399f7aecf3,射,射
f68344c7-2bdf-40ce-9c7a-f47d9909fb9b,余地,餘地
f68585aa-53f6-46c5-ae7b-6db1ebde4c8f,促进,促進
f6876757-ac07-4655-bed7-7eee4c4845d1,喘气,喘氣
f687ba9b-f80c-421b-abbf-9a66d3423cc4,装置,裝置
f687f282-7dc7-4df3-9319-df33621851fb,保健,保健
f68a073d-d027-3ab8-7f96-04ca67c37cb2,睇法,睇法
f68ac765-51b6-a6f5-b4e7-3e24161f28ad,嘢,嘢
f68ee7c1-241d-4575-91b2-51ab56ee921e,回升,回升
f69437b1-7599-414d-6b22-775528a3f404,模特,模特
f69a88e2-37dc-d02f-3db0-c5568b14bc52,贫血,貧血
f69ce4e1-e786-43b7-968a-07876a5dd6be,心灵,心靈
f6a65361-c298-46b3-a4a9-a4c5954a80eb,毛巾,毛巾
f6ae2810-a091-41ab-b3e0-d2115c2bb87f,腿,腿
f6b4ff8a-71e1-5bff-6717-1ad6ca846702,示,示
f6bf1735-3e75-4d39-a89f-dd506c1d9892,副,副
f6c21162-9a37-6a35-0bd4-2c8a869f8938,拍卖会,拍賣會
f6c43af3-f6f8-0647-dad2-f0fe0b474b6a,何,何
f6cbe990-1f69-5049-5681-7ba281bbfa08,仰,仰
f6cebf3a-c8d9-4f7d-aca6-d10835ba8c61,灰色,灰色
f6d50ce6-10f9-9cfe-6d40-c59747110949,哦,哦
f6d5dcbe-3942-d423-bea0-a30a07865d41,词性,詞性
f6d90f7f-94a3-492f-8963-7c2f0a52cf66,潜,潛
f6dbf06b-b4fe-4610-b48b-496bad619c04,招标,招標
f6e18c3e-7443-4ab3-8671-eca48488a759,主办,主辦
f6e18dde-c657-8d23-1aec-776fcbbc8067,毙,斃
f6e7c712-69af-558b-4d7c-41590cf14b66,丹尼,丹尼
f6e80fe9-1f3e-44ac-b6ca-a8a6d13d6ab7,研发,研發
f6ec80db-81cb-b037-192e-301039722c6d,条纹,條紋
f6f357cc-4619-41c1-890d-95f0dab9db3d,程度,程度
f6fdb195-a16b-4381-863d-8177a1ed30bb,外援,外援
f702787e-1480-493d-a0ad-26868a93e7a9,界定,界定
f70690f8-0eb5-9e2f-1faa-7060d6066726,悼,悼
f707b5a6-a3be-4d1a-9120-93a77cbf0292,态度,態度
f716ac83-ed93-5d91-465a-71611ed4a19c,女排,女排
f716fd2b-b1fe-1101-5a30-9c2bed14ca01,涡,渦
f719257d-5ad1-ea1f-98be-14506505b826,心谂,心諗
f7196589-4f7c-4d3d-b4ea-9aa57a3bd8e5,罩,罩
f720b239-42bf-39aa-1b85-1cd79093a911,这些,這些
f723d267-c65a-43e7-8dad-5a124ec5f1b5,关掉,關掉
f72d431b-4a02-482f-a806-d5b6b337fbce,文,文
f72d5f38-cd97-48e5-b808-4d841b156e4b,拍摄,拍攝
f73d039b-a94c-4a98-96f6-62f91f2793f6,不够,不夠
f73d0e4c-5a75-30d5-8c55-b1d0d54c7be4,此时此刻,此時此刻
f745fe06-214c-4d2b-9b4c-1650bde77c8c,来往,來往
f747c012-e490-ade7-a6a3-7b2f2d400337,改天,改天
f74d2f8e-1514-0315-7390-a81205859d30,尔,爾
f74dc1ad-666c-4771-af28-8f7dc36424f2,姐妹,姐妹
f74df37b-84ca-d1d8-089b-b32da4226a02,墙,牆
f74e3c30-58c8-0504-7ea6-c2634a1dcf78,操作系统,操作系統
f750719d-d122-45bb-33fc-886b195b9188,布莱尔,布萊爾
f752f040-25c5-73d1-d829-2e5af8ce6c5c,瓣,瓣
f755a59c-cad7-4394-9976-3714b9613ab5,永不,永不
f7628497-0565-aa8d-8143-71e519646718,无啦啦,無啦啦
f763328c-7db7-4c73-b672-8d6e4e81e9d6,干净,乾淨
f764f1f5-4143-c554-d513-e8e2542b91ad,巴基斯坦,巴基斯坦
f7656dd9-adde-779a-5012-ca566cee27e7,澄,澄
f76d9645-7bd9-4dd6-9e66-72d25b9988aa,添,添
f7705953-e6b2-48b9-a051-4e36dd110b27,沉迷,沉迷
f7708384-a549-4d23-acc1-fda5dc3b263c,顾虑,顧慮
f77d3bfe-dbc7-4ee5-a040-12eeb539f837,拔,拔
f77e5f10-5e86-b7f5-c594-25b79d1850eb,一个个,一個個
f782ca20-c76a-4175-91b8-b90d6b3d52bb,迟迟,遲遲
f783dc57-fdba-4c16-a79b-c5462f50e544,某,某
f786ef3f-5dbe-4e52-80e0-76c9bb7366cd,南边,南邊
f7880767-650f-4092-49d3-51c232584a13,不是,不是
f788a7c6-c884-4a14-86c9-6f493ff74f71,出头,出頭
f78a08de-b024-66b4-45c4-3647beb9b44e,称之为,稱之為
f78d0830-8a19-2614-e2c1-c9c636fcf562,閪,閪
f7935f80-25a6-71bb-5fba-0c8eb65a99b7,德语,德語
f79c5da4-a26c-6b7d-887d-5e2546aff87c,走访,走訪
f79dc7a7-c82e-43b9-8798-5c3855c6b089,一早,一早
f7a1aefd-eab2-41c0-88f4-0e7b0f40def3,商量,商量
f7a1d7a9-1a71-3024-b121-80f8cabffb4e,许诺,許諾
f7a301a1-c9e5-8003-c2cd-411ba609a688,过夜,過夜
f7a6b972-d7a7-4e6a-99cd-dfe59ce623d5,陆地,陸地
f7a85db4-3dff-8f4a-ba8f-1192084b564e,登上,登上
f7aa6d43-5252-4415-a8f6-6317942d9498,出局,出局
f7ac3efa-5260-1a25-e6bc-81eb44b8b73a,户籍,户籍
f7ad344e-3961-add6-44ef-cb41fa0314d0,老鼠,老鼠
f7b2b25a-f84e-47a9-8876-be83c5482b81,运行,運行
f7b80d42-7624-420e-b746-19bfa91efd9a,装修,裝修
f7c38f66-5248-f825-b4a3-ffa6b2dd488f,应力,應力
f7cabb5d-d807-461b-82e8-b86205562dd4,总裁,總裁
f7cc2005-f362-454e-a27e-ffb389b5c8b9,军队,軍隊
f7cf0959-d92a-4eb9-85fe-d9e9503a48cb,健全,健全
f7d07add-abfb-d8a5-f79e-4b03a0dfda73,水上,水上
f7d197f1-4753-a3d9-2c1c-38c3e2263cb5,守则,守則
f7d307b5-b051-4785-87a2-499df4a31264,演习,演習
f7d45368-b932-4236-0ead-78f0120dac39,稳步,穩步
f7d77f42-a70c-44ef-90e0-bb28f5398d19,需,需
f7dea99e-bb6b-4ece-0b88-dde7976711c4,中国人民银行,中國人民銀行
f7dfb725-3218-4742-9c25-183cbb05399e,道,道
f7e3f568-179b-4d9d-aa2b-f5e158c5362b,平方米,平方米
f7e4145e-e767-436f-b8c7-ab2a62b0ebc3,上升,上升
f7e5b96b-8bd5-974c-b9c3-fafdebf689dc,垂直,垂直
f7e63f00-90ff-a4a6-b6a6-adeb200f1a4a,等等,等等
f7e80e32-2be2-2810-eb75-5cea7400e413,选票,選票
f7f5b5ab-3df8-4eea-8397-44f50c4ebd39,互动,互動
f7fb1f70-5498-efe8-14f1-e2d2bb69ac71,农,農
f7fe0069-04b8-852d-6b23-2661118a9ff5,茨,茨
f80098a2-2ef7-45cc-8c18-4739fba90e44,好不容易,好不容易
f8142a2c-ea18-46b9-a2e7-c9def8b4bb7e,邮局,郵局
f81f54ed-0a52-49c5-9f5d-d1db4699ee39,诊断,診斷
f8267727-7091-127f-2b29-b7d27f408dba,面料,面料
f82fa87e-c095-4e5d-9ff8-d6a25d678776,失落,失落
f8318daf-fea7-f650-98ea-87f33c0bae43,预警,預警
f8344e4b-7bc7-4221-b4fb-3ac87e34ccf1,大约,大約
f83a74d1-d53c-efc6-fb59-adfb81519b26,通货膨胀,通貨膨脹
f83ed06e-4012-cee3-bd6b-a1c0903012c6,地雷,地雷
f83edb19-809b-481f-9944-aaa81ea65659,唐,唐
f84336b7-9001-4a7e-a6a6-117d4e92de03,指示,指示
f84449a6-0821-41a1-af0e-59f9c646efad,剧院,劇院
f8454441-b0ba-7369-5aba-31860a861345,罪孽,罪孽
f84cf831-7a76-c025-d36a-6787b1f90bc4,农业部,農業部
f856f7cd-e7f5-452b-84c8-74d4ef2cdb06,轰,轟
f85fc6fb-ebf7-43b7-978e-bc3a9db21178,纳入,納入
f860c835-2f2e-424b-a879-3d1c2a9d3f58,逃,逃
f86abd9c-8db7-4948-9ab2-d8364776a84b,降低,降低
f86bfc63-8a40-277d-9c4c-0c1837745e13,仔,仔
f86c1c61-2830-b1c4-4a30-af6e61f74223,冈,岡
f870dd83-e4f2-4a23-be9e-bb13a5438081,精明,精明
f8786326-8369-4b96-98ab-5b05a8e1650d,正如,正如
f883c408-9b86-da6b-c6c6-15f2658e849a,目击者,目擊者
f888b04b-c1de-1e97-cdb1-4cbdd989f5e6,迷茫,迷茫
f88ec634-5a8a-2c14-6561-e8cc4abbe593,索性,索性
f88f8c3c-3a90-2765-1763-0c88253832ce,物业管理,物業管理
f8959fad-4f1a-4142-b7a5-3edd55e5a5ad,轮子,輪子
f898e1e9-69fb-404d-8465-aff3df059c1a,面对面,面對面
f89c21ec-0bda-4398-848e-88334bc1f69e,赶到,趕到
f8a204f9-e85e-4076-8feb-34723c6c9129,看成,看成
f8a21194-b2a1-5de3-fddd-2c62e4e79066,胁,脅
f8a66120-e7e2-3f4c-ad33-bd6857a0341d,比基尼,比基尼
f8aa813b-1ac9-455a-9c98-dc9789498b4b,改造,改造
f8ab6d23-0f0c-9716-936c-45f378dd9f7c,港独,港獨
f8ae9673-9721-4084-9369-ce3cddf4b329,煤矿,煤礦
f8b08353-b1e8-9753-4b03-54a538e6e4fa,阿,阿
f8b44ac1-fc59-fba4-bc41-793cfb529631,性欲,性慾
f8bf475b-2f4b-5165-f4a8-bfbddc7a0376,芭芭拉,芭芭拉
f8c0585b-6d0f-4967-b6f7-eec2952799fb,洒,灑
f8c1715c-7b89-b276-ac5c-53419c098f1b,清真,清真
f8cc5530-54b8-4d99-bb87-26e32e8fd47a,截,截
f8d0cfcd-56c0-8a22-393f-f61a0e2d8fd3,游记,遊記
f8d1744f-b922-5799-5ee2-c724a48105bd,非洲,非洲
f8d4d6c7-0802-9ed1-1421-a447c5f7a416,猴子,猴子
f8d8b371-527c-444d-9401-fa3b5eea21b2,情愿,情願
f8d9ac00-3cb6-1a1a-a1e0-0ad6c406b305,股份有限公司,股份有限公司
f8e6da45-5588-4fa5-bfbd-6cb7fbaa6b2d,框架,框架
f8ead5f2-2331-40ee-b8f3-71c7f904071e,加快,加快
f8f6e3e8-4093-92f7-ed64-11c4c706398d,永乐,永樂
f8f835ce-954a-4e91-ac63-0c09f21e9415,行列,行列
f9014746-5b85-62fb-50d3-2f59b67ba680,审问,審問
f90259c2-3c37-4f9d-8450-589effccdd94,大地,大地
f908e8b4-92d0-417b-be38-1d9c64287b07,保养,保養
f914eb1f-b52f-4a9b-8f62-400cb05f2c60,食堂,食堂
f91522a1-7d6d-9a22-eea8-0839e0de440e,忆,憶
f917d02d-1b0d-4b1f-ad20-8fe781f023f7,实践,實踐
f91ebc4e-8116-8f2d-9418-ab0f85087a7e,倾计,傾計
f9233869-40e0-426d-90fb-5b285a34de6b,积极性,積極性
f9288d3c-7b45-723d-5456-677a7f3c2cbc,职场,職場
f929fc53-e041-416e-a496-b13a8048c263,忘掉,忘掉
f92e4b2f-1c2c-4c9b-9af1-6cdc856bd5d6,迎来,迎來
f92f4454-c32d-4f83-8c33-077c4d413dae,篮球,籃球
f93153d0-822d-f045-d2d9-d903af4ea79e,银包,銀包
f934765d-d539-4c61-b349-c28ad0849f82,同感,同感
f9389e94-9223-44e4-8266-b4674e7af677,功课,功課
f93a491b-52b6-44a0-a33a-3dc1a74bcdbb,乐器,樂器
f94582c3-f01a-4cb5-a4e5-d44bb41eee43,坑,坑
f94a8347-e7ee-48e2-bcbf-8fbf41401cc4,日趋,日趨
f94bb945-6f7d-540d-aeae-b5309018aec6,仗,仗
f94ddabe-8ee9-06c5-2074-2d2871798919,传感器,傳感器
f953a315-a650-4dba-9dba-7ac14539dbce,小时,小時
f956c231-d170-116d-af2b-32dec40ebc92,希特勒,希特勒
f958b7de-d403-7f9c-84b5-edd5ceea0ef9,瞄,瞄
f95b4a88-473e-caf6-1fd8-06e9a8e4907d,婴,嬰
f962415b-07f6-4514-842d-b10f74eaab97,水分,水分
f96a5dd5-8a4b-9cba-0a5b-f2541ab1dc5f,克拉克,克拉克
f9780d7f-d3ce-4a48-9a5a-19d331fd0e92,低估,低估
f97c78ed-90e9-444c-be24-16a5a6765725,无法,無法
f97ea0ce-6a0e-4bcb-89a6-71101379ca52,疗法,療法
f98ec863-b696-40f8-8f27-f82c9506645e,科学,科學
f9953aa4-2e5a-b3cd-5ec8-b7b375525743,参议员,參議員
f99b6e52-9b70-4e39-8840-09f421354383,袖手旁观,袖手旁觀
f99ef9bc-f8b3-b9a5-139e-4fedb8ec8488,盎,盎
f99f4f22-c747-4701-927e-c0025281965c,恐龙,恐龍
f99fb353-284d-ba9f-429e-49578683e958,出炉,出爐
f9a97ddb-baff-4d4b-b4a4-ec09bf1f0294,出售,出售
f9aa3eb2-de42-ed4e-f64b-ce682de4d97d,钱,錢
f9ace6e6-cbdb-de1f-0888-8f6d0ec45ff3,碌,碌
f9af2971-b54e-bdf5-51e8-1d876a3b192d,夭,夭
f9af6799-a036-01c3-3418-756bca70b960,择,擇
f9b6a469-1372-4103-9bbe-45885d1eb790,气氛,氣氛
f9bfd85e-eda5-4ea3-85e4-3fc57a0927ba,涉嫌,涉嫌
f9c0c54f-fda7-651e-3e73-663da7cecbdd,住嘴,住嘴
f9c29551-1860-523d-bf8e-aca0bf1cb393,伏特,伏特
f9c730d8-272a-4e31-bce2-8265a5e4e2a0,演变,演變
f9cb8c00-35b8-2e6f-b26e-e1c7923dc726,反恐,反恐
f9cd6616-3dc4-fbd3-82df-15f9632eadf3,野马,野馬
f9e70146-ca93-487a-847b-0a6956134207,同志,同志
f9ec637b-74ef-4659-be8f-ef0c54201abc,现有,現有
f9f22630-1f65-d593-22d7-9ae52f42d5af,咕,咕
f9f2e36d-c4e9-4556-a5f2-71f8310341fd,回落,回落
f9f4d651-cb7a-45be-9518-39576890fe06,路口,路口
f9f74d9a-9c79-7fb9-7ee2-7a6495141f58,诫,誡
f9fabb72-1f47-415d-ba5b-04e5a68bff25,考验,考驗
f9fb20d4-94f8-47e6-8865-d47a656dba48,种种,種種
f9fc86d6-3088-f419-4268-f331b4c57838,回见,回見
f9fd391a-d09b-4566-8931-c88dbd37be59,厉害,厲害
f9ff235d-9c87-4c8d-acbf-74bcca42f4cb,门票,門票
fa006cc3-27fc-f294-f120-312709b8f6f2,自便,自便
fa00f2c5-4088-4112-bfb3-01f465da2024,海边,海邊
fa045afa-af05-4a0e-8228-2913844f86b1,时速,時速
fa04d274-8225-4cb1-a28d-7d8be7576e7d,懂事,懂事
fa18ffea-30dc-438a-9b29-fc6c217dea23,支持,支持
fa1960f4-532b-4e9e-97f3-9e5b8e6ba079,法庭,法庭
fa1fa1be-4e96-3c17-bced-aeacbe064657,乱动,亂動
fa2423c3-f409-4cd7-eca8-37472951bd7b,回应,回應
fa2847ff-0efd-49ee-8511-10862847d8ed,场所,場所
fa2a3d20-d1ee-57a0-9e94-3d5b85612b01,份人,份人
fa2bae03-6ea1-4468-83da-d98a6f30cb4e,认证,認證
fa2df0ee-03e0-8e35-a0cd-688330333f7a,行,行
fa37ff05-40b7-49f0-bac4-5c2e06e13a72,验证,驗證
fa3923ca-7eab-533d-ecda-50e2d9579105,大炮,大炮
fa3ed5a4-c96a-fa76-1c8a-ea4d099055e2,介,介
fa43ce33-b70e-4953-b831-5259fc6cea70,九,九
fa48139b-6785-4180-863b-ed0521a59990,可恶,可惡
fa49bed6-0c57-9158-02d5-4f7ff6279140,估,估
fa4acdcd-5706-47e1-a38a-ea8f4751571f,酷,酷
fa50b15c-d4ea-7812-1919-d4fc3157059b,赎回,贖回
fa56cce7-b622-40f2-876d-cd65c2b64843,恶化,惡化
fa5e5a9f-04d2-432b-9101-89e358701ba0,席位,席位
fa7b8060-3907-c46e-8c36-e1acb1c46288,气象台,氣象台
fa7cf283-7057-4389-af4a-950e4627b537,事先,事先
fa830bef-503d-438d-be8d-7e6c9d423e8c,喜怒哀乐,喜怒哀樂
fa83bdda-3707-4520-8ec2-6586ff44193f,藏匿,藏匿
fa92eb61-8d52-446c-9f1a-1cb02121da36,缺乏,缺乏
fa95fe8f-a0d3-484e-b83a-11356f68f75f,竖,豎
fa9827b4-e656-ffaa-cdd4-ecd1e865060c,界面,界面
fa9b0a5f-7ce7-8b47-fe8b-544b6178612e,禽,禽
fa9d263c-93d6-4d78-8eed-4b599d22fddb,行为,行為
fa9db522-4083-4451-9bb2-dcc16791d3ba,炒,炒
fa9dbe5e-caf7-bec8-7cff-c7ba4bea6d48,哎呀,哎呀
fa9ea3af-3297-bc9d-5e07-2d18e78f7661,涂料,塗料
faa20755-1385-4dfe-afa1-5cd621851155,入学,入學
faa3f80e-2e51-41e5-8d62-e3b1a2e6f1af,分离,分離
faa6ed8a-6840-592e-aa43-12c7eb526fbe,寄生虫,寄生蟲
faaa8e93-d3cc-eabd-1287-5ed93a3d14c9,万科,萬科
faac6c3f-7305-d12d-f613-9c0c51c475a8,尸,尸
faacc7c5-3503-490a-8a4b-939855022e4b,可以,可以
fab068ce-723e-40cc-8f09-111578a8b511,随大溜,隨大溜
fab44836-ce84-4b73-ba1c-de94f20e816c,所在,所在
fabce62d-7b6e-40c3-9f4f-f732466fa8f2,认可,認可
fabfcc74-121f-8add-bcdf-a61aebfc7ee9,中间人,中間人
fabfdf20-ef62-1ad3-2689-8ca76471e9ea,巨额,鉅額
fac39087-fc17-717d-5110-5165fb385c59,储藏室,儲藏室
faca18c5-7071-22f5-adb5-95933f1761c5,个钟,個鐘
fad218a5-6056-ec2d-42b0-d4814fd55133,历史性,歷史性
fad4bae4-ee4d-bd9e-9e41-0d3092899371,颇为,頗為
fad502ad-1377-4487-b995-7e4dad6079ec,直线,直線
fae020da-60db-4a20-91b0-82d3720fccae,备用,備用
fae871f2-eaf8-105e-7eb9-5a4b15c4560a,某种,某種
faef3a1a-15cc-42d1-8d60-5e9329113582,合同,合同
faf11628-e0b0-4cca-a6e5-6d8a0ba9effc,会员,會員
faf143f3-b667-75ce-fe7c-be35ac4c551c,镇静剂,鎮靜劑
faf50fdc-781f-4c71-8f11-3274e9d4feb3,住处,住處
fafb1f61-c817-29fc-4e58-c22bf3f1a2b7,奖章,獎章
fb05b991-b742-5b02-9a3d-f36f15b60104,廓,廓
fb06e704-2fbe-d32d-bfe3-40a66844234b,再者,再者
fb145e89-45c5-41ef-be5c-8c96189f585b,总是,總是
fb170761-55ec-b02d-d34d-6cc49854999f,工人阶级,工人階級
fb174c4b-5f6d-0052-2b82-4902fec1e4e3,须,須
fb26f581-1ed8-4e71-a8e8-4ef594b5422f,有的放矢,有的放矢
fb2a1719-b1ce-4dfe-a2b4-0b2333c2a42e,提出,提出
fb30f1b4-7d72-4d12-9eae-2d8cb4f804c3,古董,古董
fb31e53d-8613-4c56-b01e-7c7432146724,悦耳,悦耳
fb35298c-c8a2-438e-89ac-6afea9f23376,赎,贖
fb38fded-6c2e-4f2e-ba0c-b76185ca0002,下班,下班
fb394601-719c-42c5-9994-10b1922adc8f,奖,獎
fb399436-59c8-7247-73df-73adffaf948c,证物,證物
fb43cda0-85ea-188a-12cf-51a3aa6cf9c1,速,速
fb480cc7-ef41-2fd3-2557-cb7396cf5767,马歇尔,馬歇爾
fb4d3606-e8e0-48ef-abc9-42458a8c6813,压抑,壓抑
fb51e531-2c63-4c86-b450-0f830996908d,恐惧,恐懼
fb52feb3-5b30-76be-3729-e2a88e38fa10,副院长,副院長
fb56e507-aed5-42f4-9bc9-dbf99d792ef0,下游,下游
fb5b049e-14a5-4f41-ae8e-9f13d21341d3,说老实话,説老實話
fb5c0b87-1aa6-7c72-92c9-80d38bcebcaa,限期,限期
fb5d999a-fda2-4e36-93e2-cde755752571,主持人,主持人
fb5df15e-27da-4172-595e-d38b83e72777,埋嚟,埋嚟
fb6a5107-8c7e-203a-711b-f68537f45b48,单车,單車
fb6ec997-79cd-4ae6-8543-a3086d2da146,现场,現場
fb74fce5-5161-8c0b-414d-dd68678bd969,阵阵,陣陣
fb758059-2f1e-bf7b-7e8a-4e8ea40af553,分分钟,分分鐘
fb77aff1-8380-4901-99ab-0582a74017b1,财富,財富
fb7aa918-f230-425c-9de3-31c5a0f9c5b3,公务员,公務員
fb7d0565-1374-4ef0-835c-cf3213c7de61,抗拒,抗拒
fb7dd0d4-30eb-93b4-6c59-c751f5e67c03,拢,攏
fb7df837-41ea-7aad-a37f-7d51f7c795ce,切尔西,切爾西
fb7ea865-68e0-5227-03b8-ddf34710706c,啲人,啲人
fb83674a-5a87-a9cc-410b-0b131b2a2460,历,歷
fb8e8fd7-adaa-88f9-6006-7fa9b4a6861d,精疲力尽,精疲力盡
fb902ab0-dd53-4edc-ab3c-a041add7d29c,垂,垂
fb9192af-8954-4b3a-9d44-c82bb0930cf1,痕迹,痕跡
fb9345e3-4e3e-4d88-b578-44ee90939744,位置,位置
fb9782a6-2b75-4a09-90dc-edc9353c7de4,培训班,培訓班
fb9ce4f9-f192-9762-789c-99e1825e2914,击打,擊打
fb9eab68-6804-4799-a3ff-0be505bf709c,抢劫,搶劫
fbacbdd2-d2a2-47b7-8914-c05090a7bb83,项目,項目
fbb4c52f-64a2-43dd-9737-98ff10a4d378,手腕,手腕
fbb684a5-ca19-47e5-b713-f28be4b6cc08,首饰,首飾
fbbc2ab3-ebb3-1cb0-a299-44600a0bd6a5,帐,帳
fbc3ab2c-02af-dd41-adef-9a9299cd5524,监,監
fbc5d51e-5fa7-7c3b-79ce-7a3789a5c1fe,证词,證詞
fbc985a2-0038-ad0f-26c4-a536c1f58705,灿,燦
fbc9c57d-9dc2-4666-9992-e22f11aed716,战争,戰爭
fbca4978-656d-4725-bb10-7495b0d38236,顺着,順着
fbcdb410-07f6-45d8-8219-101d85db426b,人类,人類
fbd0eaa6-2803-4866-5bf9-fab22f3b3d0a,阁楼,閣樓
fbd48561-7f90-4637-a140-4a5c7222f4e9,失控,失控
fbd74c56-d8dd-e8df-fc23-e0cbc1fd5a50,睇得出,睇得出
fbe148a7-26c3-1453-e8df-b80bf670e915,靠边,靠邊
fbe5751b-340f-4643-8092-01d5f85a86a5,影响力,影響力
fbe5b658-62a9-a2b2-b6c0-3608d15f8320,骇,駭
fbe7f2b8-02a3-32c4-8bd4-f786cb6ed7df,千真万确,千真萬確
fc046849-dae0-463c-84a5-8ac84a63f9a4,商城,商城
fc1a6722-202b-4f99-984b-1d0a5b4f07e5,密码,密碼
fc2b0193-6f7c-4241-a889-9bce4545a919,刷牙,刷牙
fc2ba06c-4794-7fac-619e-4469897b76a6,蓄,蓄
fc2bfc26-a400-2506-77d3-ee0697d4af0b,失败者,失敗者
fc38958c-d55e-4f6d-ae2e-5189b47e3ee4,习俗,習俗
fc40ea6a-6e74-2028-d254-6aefce1e5370,摩尔,摩爾
fc424b3c-8143-4e14-848e-0113e034d141,舞,舞
fc4668d4-bf8a-4855-a022-2a3b958104f2,嫁,嫁
fc476611-6df5-4e9b-a50b-7d0301c2b484,号称,號稱
fc4db919-0728-442e-8907-291a9a5bb42a,主流,主流
fc587fb1-d374-4bbc-9ce0-213f9a3cba70,真心,真心
fc5ff485-3dba-4233-ba19-3a3e01ccfc9b,通行,通行
fc616f02-65c9-4ac4-930f-45802521694f,造纸术,造紙術
fc629a66-4776-d226-2467-d7c2aa1019f9,赋,賦
fc6bd0aa-9143-4388-9862-fb9061819b80,赶往,趕往
fc7001ee-cee5-1f47-60d7-898007f54808,东盟,東盟
fc76c033-fd2b-f1df-ac74-3766d145de7b,女装,女裝
fc794acb-045f-4a1f-95b7-72781d0a286c,快餐,快餐
fc7ca4da-9f03-4810-995f-53a7df738e3c,怀抱,懷抱
fc7eb455-9531-403c-a32e-b9126ea1c58e,通报,通報
fc8d18f6-d00f-e1c3-c1b8-e31bd06c239b,春秋,春秋
fc93a3eb-398e-4886-8a1c-2290bb598a71,糖尿病,糖尿病
fc952508-6096-4207-9134-6bcc09cbf913,开,開
fc9edfce-5a2a-8110-ecdd-8a0bddb5683e,索尼,索尼
fc9fd772-a6ae-4f25-acb9-a9d647760f9b,必定,必定
fca7c75b-107e-41c6-83da-8ddb63f5893a,当代,當代
fca897dd-7dcc-f594-0120-ef47dff5514d,格斗,格鬥
fcaae274-4ded-4d26-8085-2570ed792d2d,外衣,外衣
fcad1cef-640d-4a26-b36d-e3ba086fbd33,撒谎,撒謊
fcad225e-0d6e-8480-497b-9b481c212f49,瑞,瑞
fcb2929a-1c1b-4de6-bf76-c55b885cc3e3,宽恕,寬恕
fcba7b71-e8e3-e087-8441-d97714834d14,而言,而言
fcbf0d8e-6c92-4fd8-8d1a-b1d9937b82ab,卫生间,衞生間
fccc27fa-d00e-4ab8-966c-2d243d7ef3ca,株,株
fcced8c2-8f62-42be-9df9-06d460bac49b,杂志,雜誌
fcd1cb9e-96fc-41ff-88eb-590cf1c9069a,娱乐,娛樂
fcd92141-0ea3-4fdb-8d59-3485448a9edc,来到,來到
fcda4397-dabb-e65a-0751-b4a102c59336,闪开,閃開
fcde6c0e-288c-d1ca-a78f-e59ad4c96968,车子,車子
fcdeb952-bc4f-46d9-8207-f313b46eda37,译,譯
fcdf2687-d81f-42e0-a0ba-d4592782dc58,道具,道具
fcecdea1-b6c4-98f9-4b33-c217827724db,煎熬,煎熬
fcfb3d56-744d-4b76-b722-d6bddba0d3ec,脑筋,腦筋
fcfdf326-5f67-ce2c-9a2f-6170222a0b94,席,席
fcfdf51e-e7e4-4518-81fe-8125481f6d9a,淘气,淘氣
fd01b428-0404-447c-adfd-3b676faf7511,恶意,惡意
fd06be00-bbb2-f0df-8742-7f4b72ecdbab,函,函
fd0a3c7d-ed15-4158-96e8-7c4a0946d1c2,洗手间,洗手間
fd0c4022-ed24-4336-a605-40f92432ae35,牌照,牌照
fd0cc2ec-a18a-484a-be0a-0b3155074577,简短,簡短
fd0e8ce5-291e-428b-b159-d4a3d4894a34,手臂,手臂
fd19bf0c-a873-c63a-3e59-709bf4f5d1ff,发挥,發揮
fd1baf0b-f6c0-d433-e1f3-964819040503,疑犯,疑犯
fd20f45d-85f6-4cc9-5415-9c8025ca5c88,谷,谷
fd255e89-e2e2-4246-b785-a34a0155bdc6,行走,行走
fd2bd0b5-d306-c0bf-fb80-e3fe7d8ebf9e,兄妹,兄妹
fd2c0913-09c3-5b3c-c3c9-ef149691d26f,定额,定額
fd2f6a02-1c28-8201-3eca-71cad2071868,由,由
fd2fb73a-dc47-4bcc-89e3-ac75ee771922,资格,資格
fd3108fb-5403-349f-86f9-d5244f2824bc,松开,鬆開
fd33848e-99e1-44e0-9d0e-c8bce397ea6c,倒数,倒數
fd35407f-b275-cb2c-1483-9115efe8281c,墨西哥人,墨西哥人
fd4018a4-6bb5-4002-ae86-02e17e706352,青年,青年
fd46e777-f71a-a377-4149-82bec6a0358e,鱼蛋,魚蛋
fd473d0a-3a2a-96f1-87d4-4d862469242e,崩,崩
fd4a4f5f-7d57-46c0-a5b1-e74b40825bbb,国旗,國旗
fd5b4e89-443c-4296-6cc1-0d9e77c69f5a,嗌,嗌
fd5b5e1d-f867-43fe-af61-8afba44c9cb5,乐意,樂意
fd5dde48-e42d-72a9-12d8-2189b2b67cb5,回复,回覆
fd5fa12f-b445-7ba0-d623-2fe8a0289b37,冇人,冇人
fd6db14f-bdfe-4761-0cba-082382b0069d,江西,江西
fd7398a6-1762-4d6e-a0b5-b45d9bb202cc,处在,處在
fd77c2db-22a1-0edd-4efb-a7bec7f61925,部份,部份
fd7d630a-ef3a-9b72-8938-91a4cac0ff2f,星系,星系
fd819e9d-9766-2434-d13b-91fc1cd8a06c,佳能,佳能
fd8ed226-f9bd-4dfe-b9b9-e5c95229a6b6,代价,代價
fd8fe07f-6f34-6989-9429-c4109fed3f04,南海,南海
fd90ce40-3efb-f6e2-6a43-6b8b391af8ba,置于,置于
fd91567e-d434-4a16-936d-5842fddffdeb,计时,計時
fd99de4c-50b8-8904-5141-39e885b20837,小孩子,小孩子
fd9ae1ab-b6e3-457d-b113-98d223af5f0d,审批,審批
fd9e4e9b-c850-4641-069f-62979e3975e8,近几年,近幾年
fd9e83ea-0dd6-9d10-6719-919064a70f4c,极致,極致
fdabd82f-9e41-0725-ad7d-6267227388a5,股价,股價
fdac8ad1-3d70-425f-c0c9-e3b17a786514,惜,惜
fdafdd89-1955-4038-9d16-e2d73e404777,满意,滿意
fdb6be72-ce9b-6beb-9806-9fee462fc45e,书呆子,書呆子
fdbac1ed-3e53-45a8-b5c2-9821137b5446,削弱,削弱
fdbf7fab-a803-e51a-d0a9-ef7d21e45fae,半个,半個
fdc76f76-a20f-4cf4-a9ca-9b10b59b35c0,单一,單一
fdce7bc6-b41e-81cb-418c-5dc031d6e3bb,产生,產生
fdceb771-b344-4ecc-bb02-36c89da147bf,大姐,大姐
fdd38dfb-43bb-7786-28e8-5c077254f286,南昌,南昌
fdd7add2-5212-4d1d-9c16-9dc44816311a,抽奖,抽獎
fddb9b4b-28e6-4ec3-846c-7147364d1dd8,护,護
fddcec85-ee8f-430b-9616-f567347ff9db,注重,注重
fde82e4a-9872-469b-bbda-2a1bd383a30b,撬,撬
fde83075-20f6-4d0d-91d5-e49818ec099e,判决,判決
fdea111f-6499-4a76-b8e1-0f6cda551959,旋转,旋轉
fdf119fc-aee6-31b1-61d3-5901c0b772e8,直言,直言
fdf148cf-176a-fad4-9d51-aefa34190367,乳头,乳頭
fdf1a742-aa52-454b-9425-7940a51b37ce,全国,全國
fdf3a888-1bff-4a93-b025-693f7faf7db9,痴迷,痴迷
fe034922-1cb1-3c27-01e7-b0f5a1e2e649,精灵,精靈
fe057312-cb13-0868-2b59-db6432ee9def,万岁,萬歲
fe06101c-6a8a-44f9-a266-a4fdf44ecdea,干涉,干涉
fe073155-fbc7-1709-af7e-d87373077113,惟,惟
fe07cb17-5014-4641-9aeb-7182264f6879,普及,普及
fe0e601f-e7e2-4fbc-a23f-69cf70799c8f,融,融
fe1a2379-ab92-9c57-7d13-c266dfdb445b,编码,編碼
fe1aa545-66e6-8ed7-8f44-493f9e6b933e,测试,測試
fe1f3ee8-c768-8c49-97af-2e73e0f1c8a4,副主任,副主任
fe1fc828-2f5f-acd5-6b42-3f7e07fea58e,乐于,樂於
fe2308f2-6925-e7f4-563f-70593c88b2de,负重,負重
fe29f47b-3e43-480a-b47e-c27cfab7ba20,至关重要,至關重要
fe2f1ab3-fb1a-7836-96d1-fa549b92bc8c,出于,出於
fe2f774c-65d2-0cec-df6e-3ff14e7bfd90,迈阿密,邁阿密
fe354f4c-9df0-41e5-9f01-f483d7c0244a,女子,女子
fe372464-364d-53d2-3a27-9f55fc31c505,近年,近年
fe398577-4c8b-4c60-b83b-510f8e01ccba,向着,向着
fe49f62c-67e2-4470-bede-6210f850a088,铁,鐵
fe4c188e-b7ae-4b93-8be1-f2e38f973a4e,淹没,淹沒
fe4e0488-ed57-4b36-a26f-d360f106aa55,日期,日期
fe5259b0-796c-4927-9a57-6d5881e83b04,梳,梳
fe527fa6-683f-4e07-b7ca-184e48da7d29,智商,智商
fe587f3a-f633-8ae9-6d45-01159f84558f,早安,早安
fe5abf03-865c-49cc-8aaa-1e8b58b73e3d,海外,海外
fe6fb835-93a5-44f5-b25b-eea523c1c25c,不错,不錯
fe71f914-b803-e82e-f5ca-0bd193d33ebe,海狸,海狸
fe773fae-9ac7-2aa5-edab-6139ccf4d570,丫,丫
fe89d412-503c-494d-09da-26c00a6c24f5,窟,窟
fe8fe5c6-3139-4dc3-b1c5-a8366397d6a2,工资,工資
fe94e5d8-e95b-4936-afc6-def2fa8b7849,手术,手術
fe99bb18-f797-eaa8-7192-886583cb01c0,胜,勝
fe9dfcf0-ce30-495d-af5b-9a7e97d6efe2,演播室,演播室
fea0c331-6c35-4f82-e382-e5ddf5057158,贝,貝
feacab89-bdf0-73da-8dc8-d1e886240052,放工,放工
feb256b6-a572-70e5-2a6f-b94f11673a32,克莱尔,克萊爾
feb8e469-62a6-0cc0-447e-6632c00e3994,棋手,棋手
fec756cd-2e87-4dc5-9fd7-4a4beee47195,平息,平息
feca3857-277d-4824-854b-d6fcb2b5d275,支票,支票
fecdc8f2-ad24-6630-84f0-a687a045a353,无端端,無端端
fed02202-b69c-d78d-f1d1-53c16021b9e2,依家,依家
fed0a493-5a74-e27b-e773-9c1539fdc36a,街坊,街坊
fed2b7b0-803a-42ce-a78b-9fb18dc27120,事项,事項
fed45ecb-5e7d-6c66-9045-ff2051c6aef3,有种,有種
fed85204-642c-4f08-b634-c5695869ee90,大学,大學
feda580a-c7ba-48b2-ad01-a19dee870367,拯救,拯救
fedae48e-439d-4bed-87a3-b58abcf6d0f1,宗,宗
fedd8ba8-9f93-4dc3-a82b-cc73b2e51bb8,因,因
fee16c75-e822-4ffc-a754-92b7547dceaa,猛烈,猛烈
fee707b7-8d3a-49dd-b7a9-71af2c2b6470,朵,朵
fee8a9e3-f0c6-9ef6-27e1-4cab30e19834,打火机,打火機
feefdad4-d6bc-4d89-a183-3647d2d8bf7b,于是,於是
fef4edb6-3eb1-4a3e-9714-dcfe45477796,家长,家長
fef53637-098f-821d-f025-2b9c43262581,毫无疑问,毫無疑問
ff015243-78a9-4f69-9d15-ae3681db1b25,合约,合約
ff01a3ec-a2c4-4f12-b1ac-ba73aa6107f2,经验,經驗
ff04c426-d379-c3a7-878e-870df402fc9c,国人,國人
ff050ea8-8b72-4b36-913d-af46e53e6ed6,质疑,質疑
ff05c679-d167-4e02-39c8-bc5ec75c35b7,妓女,妓女
ff0a5717-32b7-4e0c-acf0-04143eb0af82,例如,例如
ff107fb7-1264-4f2b-ab37-5e87ed55dfe1,癌症,癌症
ff141fe2-db19-4f98-07b0-e43d485fcdf3,甲壳,甲殼
ff198ad1-aed3-dbae-ad64-ba606c72e316,谂住,諗住
ff1ad8c7-d89c-8fba-da79-317c1565f64b,正,正
ff290b4c-059f-4a6e-a131-876b284dfc41,少儿,少兒
ff2a6011-c95f-4bb5-991c-ebe165eece1b,曰,曰
ff2a76d8-d8b2-9c7e-17df-a034691a1bf8,送命,送命
ff2e3902-6034-04ad-3c03-1ef5d1913c9c,走运,走運
ff2ed334-9af1-2e93-49ee-fb09d8750821,今朝,今朝
ff36c34e-3026-4fa8-bf34-5a6387c9f4ff,甩,甩
ff37deed-c67e-40aa-bea1-f2f221da5d2c,对象,對象
ff3d182b-2930-4a0f-b5bb-c3aec8614054,自杀,自殺
ff3feee7-bee2-4ab9-9725-f84cbb7524e1,呼吸,呼吸
ff40cd2d-19ee-deae-ee18-83e2fb7c55d5,计量,計量
ff420c6f-3859-4cf0-b018-b67f413c2145,葬礼,葬禮
ff4ab89f-40d2-48ec-811d-34b88d323bf6,缸,缸
ff55f8fc-0a4c-4895-af2a-ff74aae99057,欢呼,歡呼
ff5794fa-0c8d-470e-9fc7-e27641426b77,股票,股票
ff5a9a9a-1923-4d64-95e2-e6e69b1d4198,公事,公事
ff5db261-4667-4bc0-a94e-345fbc69bd7b,芦花,蘆花
ff5ddbb7-4edf-4335-9c5e-caeed9efa934,除去,除去
ff5feee3-7fcd-a255-57f7-79dcd894426e,结案,結案
ff60fc58-86e7-b51f-f507-900f78dd291d,应得,應得
ff632155-0795-e7df-fb4e-c1df88008244,勾当,勾當
ff67cae5-8dbd-453c-8444-0314e9d624bd,修订,修訂
ff70faf8-e609-a77f-39c7-aec645eaa2b6,胡,胡
ff81b8ad-f927-4ee3-ae9b-66e0ee35f200,发作,發作
ff84a3f7-f53c-4609-b4a8-9d20699b1ffb,更是,更是
ff870063-36a5-4eb4-ba84-813b57788943,无形,無形
ff8dc2fc-8dd3-7dd0-02c4-64da35d89d6f,居委会,居委會
ff93736b-39f0-fc90-b549-30fb84c24c03,特工,特工
ff96a657-3e7e-ef26-a1b5-9606d657c2e2,中意,中意
ff9831b8-5cb6-4c46-a3f0-5ffdbfdcb483,紧迫,緊迫
ffa085e1-26fb-bd26-0ed1-b0a8ba20b4ed,官话,官話
ffa3ad9c-a02c-4b5b-78be-52e72e60c8c9,山洞,山洞
ffab0a51-13f8-4e09-90d1-43bd831cd436,资本主义,資本主義
ffab3121-d241-42be-abd3-281386b82eb0,此,此
ffae1bc9-daf0-4419-9597-d40c8c260a48,杜绝,杜絕
ffb4a8b3-5a92-4f1d-ae07-786b5c075903,别说,別説
ffb73f9f-fe8a-4408-97f6-605ac58753a5,以后,以後
ffbf1ad4-19e8-4a86-abfa-a0949f0b1c4a,暴力,暴力
ffbf9db4-9fae-429f-8f99-e69dddf96fd7,划分,劃分
ffbff8e9-a9d3-5dc3-a00c-cde6486b2229,性交,性交
ffc17789-f530-ecc4-436a-2cbd9e5e50ea,鬼魂,鬼魂
ffc5cbd8-9be0-4397-a913-a0c2fc8c84e9,业绩,業績
ffce1f42-e3a5-4ce1-acaf-f28fe00c1bff,认同,認同
ffd02a51-4df6-49a2-8964-2c6b782fbbc9,感觉,感覺
ffd64a37-829f-4b21-a331-c9f986c9c887,乞求,乞求
ffd8b48a-70d2-4f4e-a2cb-989c2c3af546,浑身,渾身
ffe51c69-06f6-4071-aa74-8c0dd756dded,具有,具有
ffec30ff-e77a-ae77-bcab-ab47fdc1d3f7,部落,部落
ffec9b88-2a31-459e-bf7d-b3e62748abde,历经,歷經
ffefe0ea-a79f-eb76-5d69-fc5d07b66824,清真寺,清真寺
fff4807f-cbf4-482d-a8c1-3b7b1e4a78f7,肾,腎
fff5dbf8-655c-4b04-9ab7-1026a7758805,隧道,隧道
fff6a797-1348-423e-87be-4e36bc09cbb5,退,退
fff6d3a5-ad19-48b4-8ae2-9ca0c83f1169,正规,正規
fff7cfa4-eac0-215e-1692-7377ce24aaf9,实习生,實習生
fff90dfe-0299-49ff-9bc3-5ecb7f73b80c,根,根
fffcf926-8dbe-481f-a770-763800fa10b3,大胆,大膽
fffd1477-a84d-10e7-a1c9-1163c69c069c,黑人,黑人
fffd6341-4c18-6f3c-c353-e3679eb9b444,防线,防線
fffe3805-4476-c15b-06cf-f2aa80116666,赞,贊
fffe7186-dce0-4f5b-9722-725884b16307,食用,食用
